{
  "type": "FeatureCollection",
  "generator": "overpass-turbo",
  "copyright": "The data included in this document is from www.openstreetmap.org. The data is made available under ODbL.",
  "timestamp": "2026-09-08T18:17:10Z",
  "features": [
    {
      "type": "Feature",
      "properties": {
        "@id": "relation/21293687",
        "addr:housenumber": "2",
        "addr:street": "L'Agora",
        "building": "university",
        "building:levels": "2",
        "building:material": "concrete",
        "name": "B7a - Grands Amphithéâtres",
        "name:en": "B7a - Large Amphitheaters",
        "name:fr": "B7a - Grands Amphithéâtres",
        "name:uk": "B7a - Великі аудиторії",
        "operator": "Université de Liège",
        "ref": "B7a",
        "start_date": "1967",
        "type": "multipolygon",
        "@relations": [
          {
            "role": "outline",
            "rel": 21293691,
            "reltags": {
              "type": "building"
            }
          }
        ]
      },
      "geometry": {
        "type": "Polygon",
        "coordinates": [
          [
            [
              5.5698639,
              50.584428
            ],
            [
              5.5698542,
              50.584454
            ],
            [
              5.5698354,
              50.5845043
            ],
            [
              5.569823,
              50.5845374
            ],
            [
              5.5698057,
              50.5845838
            ],
            [
              5.5697191,
              50.5846177
            ],
            [
              5.5697036,
              50.5846237
            ],
            [
              5.5696121,
              50.5845515
            ],
            [
              5.5696011,
              50.5845519
            ],
            [
              5.5695965,
              50.5844748
            ],
            [
              5.5695888,
              50.5843506
            ],
            [
              5.5694246,
              50.5842766
            ],
            [
              5.5693587,
              50.5842469
            ],
            [
              5.5693821,
              50.5841845
            ],
            [
              5.5692369,
              50.5841178
            ],
            [
              5.5691562,
              50.5840807
            ],
            [
              5.5689564,
              50.5839889
            ],
            [
              5.5689666,
              50.5839616
            ],
            [
              5.5689769,
              50.5839341
            ],
            [
              5.5690112,
              50.5839207
            ],
            [
              5.5690436,
              50.5838344
            ],
            [
              5.5690485,
              50.5838212
            ],
            [
              5.5690533,
              50.5838085
            ],
            [
              5.5690876,
              50.5837949
            ],
            [
              5.5690997,
              50.5837626
            ],
            [
              5.5690045,
              50.5837189
            ],
            [
              5.5686946,
              50.5835766
            ],
            [
              5.5686774,
              50.5835833
            ],
            [
              5.5686658,
              50.5835873
            ],
            [
              5.5685787,
              50.5835475
            ],
            [
              5.5685817,
              50.5835393
            ],
            [
              5.5685862,
              50.5835276
            ],
            [
              5.5685902,
              50.5835206
            ],
            [
              5.5685934,
              50.5835123
            ],
            [
              5.5685989,
              50.583498
            ],
            [
              5.5686099,
              50.5834698
            ],
            [
              5.5686184,
              50.5834478
            ],
            [
              5.5686413,
              50.583439
            ],
            [
              5.5686791,
              50.5834564
            ],
            [
              5.5686904,
              50.5834616
            ],
            [
              5.5687077,
              50.5834547
            ],
            [
              5.5687342,
              50.5834669
            ],
            [
              5.5687638,
              50.5834805
            ],
            [
              5.568834,
              50.5835127
            ],
            [
              5.5688639,
              50.5835265
            ],
            [
              5.5689343,
              50.5835588
            ],
            [
              5.5689642,
              50.5835725
            ],
            [
              5.5690347,
              50.5836049
            ],
            [
              5.5690645,
              50.5836186
            ],
            [
              5.5691347,
              50.5836508
            ],
            [
              5.5691646,
              50.5836646
            ],
            [
              5.5692346,
              50.5836967
            ],
            [
              5.5692837,
              50.5837193
            ],
            [
              5.5693182,
              50.5837059
            ],
            [
              5.569362,
              50.583726
            ],
            [
              5.569406,
              50.5837462
            ],
            [
              5.5694571,
              50.5837697
            ],
            [
              5.5695015,
              50.5837901
            ],
            [
              5.5695406,
              50.5838081
            ],
            [
              5.5695628,
              50.5838182
            ],
            [
              5.5695736,
              50.5838232
            ],
            [
              5.5695838,
              50.5838279
            ],
            [
              5.5696114,
              50.5838406
            ],
            [
              5.569659,
              50.5838625
            ],
            [
              5.5697575,
              50.5839077
            ],
            [
              5.5697907,
              50.583923
            ],
            [
              5.5697941,
              50.5839245
            ],
            [
              5.5698265,
              50.5839117
            ],
            [
              5.5701239,
              50.5840489
            ],
            [
              5.5700867,
              50.5841465
            ],
            [
              5.5700757,
              50.584176
            ],
            [
              5.5700583,
              50.5841828
            ],
            [
              5.5700499,
              50.5842054
            ],
            [
              5.570036,
              50.5842429
            ],
            [
              5.5700261,
              50.5842697
            ],
            [
              5.5699056,
              50.5843168
            ],
            [
              5.5699029,
              50.584324
            ],
            [
              5.5698998,
              50.5843324
            ],
            [
              5.5698962,
              50.5843419
            ],
            [
              5.5698639,
              50.584428
            ]
          ],
          [
            [
              5.5695337,
              50.5841482
            ],
            [
              5.5695817,
              50.5841703
            ],
            [
              5.5695856,
              50.5841694
            ],
            [
              5.5696035,
              50.5841216
            ],
            [
              5.5695998,
              50.58412
            ],
            [
              5.5695339,
              50.5841455
            ],
            [
              5.5695337,
              50.5841482
            ]
          ],
          [
            [
              5.5692337,
              50.58401
            ],
            [
              5.5692693,
              50.5840262
            ],
            [
              5.5692726,
              50.5840253
            ],
            [
              5.5692862,
              50.5839903
            ],
            [
              5.5692824,
              50.5839884
            ],
            [
              5.5692337,
              50.5840075
            ],
            [
              5.5692337,
              50.58401
            ]
          ]
        ]
      },
      "id": "relation/21293687"
    },
    {
      "type": "Feature",
      "properties": {
        "@id": "relation/21293688",
        "area": "yes",
        "highway": "pedestrian",
        "level": "1",
        "lit": "no",
        "smoothness": "good",
        "surface": "concrete",
        "type": "multipolygon"
      },
      "geometry": {
        "type": "Polygon",
        "coordinates": [
          [
            [
              5.5698057,
              50.5845838
            ],
            [
              5.5697191,
              50.5846177
            ],
            [
              5.5696727,
              50.5845811
            ],
            [
              5.5696345,
              50.5845509
            ],
            [
              5.5696121,
              50.5845515
            ],
            [
              5.5696011,
              50.5845519
            ],
            [
              5.5695965,
              50.5844748
            ],
            [
              5.5695925,
              50.5844103
            ],
            [
              5.5695888,
              50.5843506
            ],
            [
              5.5694246,
              50.5842766
            ],
            [
              5.5693587,
              50.5842469
            ],
            [
              5.5693821,
              50.5841845
            ],
            [
              5.5692369,
              50.5841178
            ],
            [
              5.5691562,
              50.5840807
            ],
            [
              5.5689564,
              50.5839889
            ],
            [
              5.5689666,
              50.5839616
            ],
            [
              5.5689722,
              50.5839468
            ],
            [
              5.5689769,
              50.5839341
            ],
            [
              5.5690112,
              50.5839207
            ],
            [
              5.5690571,
              50.5839418
            ],
            [
              5.5690774,
              50.583951
            ],
            [
              5.5690923,
              50.5839578
            ],
            [
              5.5691162,
              50.5839688
            ],
            [
              5.5691408,
              50.5839801
            ],
            [
              5.5691794,
              50.5839977
            ],
            [
              5.569317,
              50.5839436
            ],
            [
              5.5693541,
              50.5838432
            ],
            [
              5.5693416,
              50.5838375
            ],
            [
              5.5693936,
              50.5838176
            ],
            [
              5.5698815,
              50.5840424
            ],
            [
              5.5698813,
              50.584056
            ],
            [
              5.5697078,
              50.5841236
            ],
            [
              5.5696991,
              50.5841468
            ],
            [
              5.5696613,
              50.5842485
            ],
            [
              5.569685,
              50.5842593
            ],
            [
              5.5697335,
              50.584282
            ],
            [
              5.5698084,
              50.5843157
            ],
            [
              5.5698596,
              50.5842957
            ],
            [
              5.5699056,
              50.5843168
            ],
            [
              5.5699029,
              50.584324
            ],
            [
              5.5698962,
              50.5843419
            ],
            [
              5.5698802,
              50.5843847
            ],
            [
              5.5698639,
              50.584428
            ],
            [
              5.5698542,
              50.584454
            ],
            [
              5.5698354,
              50.5845043
            ],
            [
              5.569823,
              50.5845374
            ],
            [
              5.5698057,
              50.5845838
            ]
          ],
          [
            [
              5.5694793,
              50.5841357
            ],
            [
              5.5695666,
              50.5841016
            ],
            [
              5.5696173,
              50.5840818
            ],
            [
              5.5696548,
              50.5839809
            ],
            [
              5.5695809,
              50.5839471
            ],
            [
              5.569534,
              50.5839256
            ],
            [
              5.5693949,
              50.5839798
            ],
            [
              5.5693575,
              50.5840796
            ],
            [
              5.569379,
              50.5840895
            ],
            [
              5.569393,
              50.584096
            ],
            [
              5.5694174,
              50.5841072
            ],
            [
              5.5694418,
              50.5841184
            ],
            [
              5.5694793,
              50.5841357
            ]
          ],
          [
            [
              5.5695817,
              50.5841703
            ],
            [
              5.5695856,
              50.5841694
            ],
            [
              5.5696035,
              50.5841216
            ],
            [
              5.5695998,
              50.58412
            ],
            [
              5.5695339,
              50.5841455
            ],
            [
              5.5695337,
              50.5841482
            ],
            [
              5.5695817,
              50.5841703
            ]
          ],
          [
            [
              5.5692337,
              50.58401
            ],
            [
              5.5692693,
              50.5840262
            ],
            [
              5.5692726,
              50.5840253
            ],
            [
              5.5692862,
              50.5839903
            ],
            [
              5.5692824,
              50.5839884
            ],
            [
              5.5692337,
              50.5840075
            ],
            [
              5.5692337,
              50.58401
            ]
          ]
        ]
      },
      "id": "relation/21293688"
    },
    {
      "type": "Feature",
      "properties": {
        "@id": "relation/21293689",
        "description": "Hall d'entrée",
        "indoor": "area",
        "level": "0",
        "ref": "0/4;0/6",
        "type": "multipolygon"
      },
      "geometry": {
        "type": "Polygon",
        "coordinates": [
          [
            [
              5.5690112,
              50.5839207
            ],
            [
              5.5690347,
              50.5839315
            ],
            [
              5.5690571,
              50.5839418
            ],
            [
              5.5690923,
              50.5839578
            ],
            [
              5.569108,
              50.583944
            ],
            [
              5.5691148,
              50.5839379
            ],
            [
              5.5691633,
              50.5839604
            ],
            [
              5.5691565,
              50.5839663
            ],
            [
              5.5691408,
              50.5839801
            ],
            [
              5.5691794,
              50.5839977
            ],
            [
              5.569317,
              50.5839436
            ],
            [
              5.5693545,
              50.583961
            ],
            [
              5.5693949,
              50.5839798
            ],
            [
              5.5693575,
              50.5840796
            ],
            [
              5.569393,
              50.584096
            ],
            [
              5.5694091,
              50.5840818
            ],
            [
              5.569415,
              50.5840765
            ],
            [
              5.5694635,
              50.584099
            ],
            [
              5.5694571,
              50.5841047
            ],
            [
              5.5694418,
              50.5841184
            ],
            [
              5.5694793,
              50.5841357
            ],
            [
              5.5695666,
              50.5841016
            ],
            [
              5.5696173,
              50.5840818
            ],
            [
              5.5696626,
              50.5841027
            ],
            [
              5.5697078,
              50.5841236
            ],
            [
              5.5696991,
              50.5841468
            ],
            [
              5.5696942,
              50.58416
            ],
            [
              5.5696706,
              50.5842236
            ],
            [
              5.5696613,
              50.5842485
            ],
            [
              5.569685,
              50.5842593
            ],
            [
              5.5697095,
              50.5842705
            ],
            [
              5.5697247,
              50.5842571
            ],
            [
              5.5697316,
              50.5842509
            ],
            [
              5.5697804,
              50.5842735
            ],
            [
              5.5697734,
              50.5842796
            ],
            [
              5.5697583,
              50.5842929
            ],
            [
              5.5698084,
              50.5843157
            ],
            [
              5.5698596,
              50.5842957
            ],
            [
              5.5698837,
              50.5843068
            ],
            [
              5.5699056,
              50.5843168
            ],
            [
              5.5699029,
              50.584324
            ],
            [
              5.5698998,
              50.5843324
            ],
            [
              5.5698962,
              50.5843419
            ],
            [
              5.5698802,
              50.5843847
            ],
            [
              5.5698538,
              50.5843947
            ],
            [
              5.5698493,
              50.5844068
            ],
            [
              5.5698447,
              50.5844192
            ],
            [
              5.5698174,
              50.5844065
            ],
            [
              5.5698087,
              50.5844141
            ],
            [
              5.5697776,
              50.5843998
            ],
            [
              5.5697595,
              50.5843914
            ],
            [
              5.569768,
              50.584384
            ],
            [
              5.5697557,
              50.5843784
            ],
            [
              5.5697394,
              50.5843844
            ],
            [
              5.5697345,
              50.584398
            ],
            [
              5.5697456,
              50.5844032
            ],
            [
              5.5697643,
              50.5844119
            ],
            [
              5.5697806,
              50.5844195
            ],
            [
              5.5697869,
              50.5844225
            ],
            [
              5.5697961,
              50.5844268
            ],
            [
              5.5697877,
              50.5844301
            ],
            [
              5.5697718,
              50.5844361
            ],
            [
              5.5695888,
              50.5843506
            ],
            [
              5.5695942,
              50.5843362
            ],
            [
              5.5695691,
              50.5843247
            ],
            [
              5.5694942,
              50.5842904
            ],
            [
              5.5694461,
              50.5842684
            ],
            [
              5.5694246,
              50.5842766
            ],
            [
              5.5693587,
              50.5842469
            ],
            [
              5.5693821,
              50.5841845
            ],
            [
              5.5692369,
              50.5841178
            ],
            [
              5.5692424,
              50.5841019
            ],
            [
              5.5692107,
              50.5840871
            ],
            [
              5.5691783,
              50.5840719
            ],
            [
              5.5691562,
              50.5840807
            ],
            [
              5.5689564,
              50.5839889
            ],
            [
              5.5689666,
              50.5839616
            ],
            [
              5.5689902,
              50.583952
            ],
            [
              5.5689922,
              50.5839466
            ],
            [
              5.5689938,
              50.5839419
            ],
            [
              5.5689769,
              50.5839341
            ],
            [
              5.5690112,
              50.5839207
            ]
          ],
          [
            [
              5.5696362,
              50.5841936
            ],
            [
              5.569641,
              50.5841804
            ],
            [
              5.5696553,
              50.5841418
            ],
            [
              5.5696175,
              50.5841244
            ],
            [
              5.5696028,
              50.5841635
            ],
            [
              5.5695982,
              50.5841758
            ],
            [
              5.5696362,
              50.5841936
            ]
          ],
          [
            [
              5.5695337,
              50.5841482
            ],
            [
              5.5695817,
              50.5841703
            ],
            [
              5.5695856,
              50.5841694
            ],
            [
              5.5696035,
              50.5841216
            ],
            [
              5.5695998,
              50.58412
            ],
            [
              5.5695339,
              50.5841455
            ],
            [
              5.5695337,
              50.5841482
            ]
          ],
          [
            [
              5.5693233,
              50.5840498
            ],
            [
              5.5693281,
              50.584037
            ],
            [
              5.5693424,
              50.583998
            ],
            [
              5.5693046,
              50.5839806
            ],
            [
              5.56929,
              50.5840196
            ],
            [
              5.5692853,
              50.584032
            ],
            [
              5.5693233,
              50.5840498
            ]
          ],
          [
            [
              5.5692337,
              50.58401
            ],
            [
              5.5692693,
              50.5840262
            ],
            [
              5.5692726,
              50.5840253
            ],
            [
              5.5692862,
              50.5839903
            ],
            [
              5.5692824,
              50.5839884
            ],
            [
              5.5692337,
              50.5840075
            ],
            [
              5.5692337,
              50.58401
            ]
          ]
        ]
      },
      "id": "relation/21293689"
    },
    {
      "type": "Feature",
      "properties": {
        "@id": "relation/21293690",
        "building:part": "yes",
        "height": "3.9",
        "level": "0",
        "min_height": "0",
        "type": "multipolygon",
        "@relations": [
          {
            "role": "part",
            "rel": 21293691,
            "reltags": {
              "type": "building"
            }
          }
        ]
      },
      "geometry": {
        "type": "MultiPolygon",
        "coordinates": [
          [
            [
              [
                5.5697511,
                50.5845045
              ],
              [
                5.569823,
                50.5845374
              ],
              [
                5.5698057,
                50.5845838
              ],
              [
                5.5697191,
                50.5846177
              ],
              [
                5.5697036,
                50.5846237
              ],
              [
                5.5696121,
                50.5845515
              ],
              [
                5.5696011,
                50.5845519
              ],
              [
                5.5695965,
                50.5844748
              ],
              [
                5.5696111,
                50.5844694
              ],
              [
                5.5696487,
                50.5844865
              ],
              [
                5.569717,
                50.5845176
              ],
              [
                5.5697344,
                50.5845109
              ],
              [
                5.5697511,
                50.5845045
              ]
            ]
          ],
          [
            [
              [
                5.5690112,
                50.5839207
              ],
              [
                5.5690347,
                50.5839315
              ],
              [
                5.5690571,
                50.5839418
              ],
              [
                5.5690941,
                50.5838417
              ],
              [
                5.5691739,
                50.5838106
              ],
              [
                5.5692334,
                50.5837873
              ],
              [
                5.5693416,
                50.5838375
              ],
              [
                5.5693936,
                50.5838176
              ],
              [
                5.5695949,
                50.5839103
              ],
              [
                5.569632,
                50.5839274
              ],
              [
                5.5697071,
                50.583962
              ],
              [
                5.5698815,
                50.5840424
              ],
              [
                5.5698813,
                50.584056
              ],
              [
                5.5700273,
                50.5841225
              ],
              [
                5.5700169,
                50.5841505
              ],
              [
                5.570012,
                50.5841636
              ],
              [
                5.5700037,
                50.5841859
              ],
              [
                5.5699803,
                50.584249
              ],
              [
                5.5699518,
                50.5842601
              ],
              [
                5.5699331,
                50.5842673
              ],
              [
                5.5698596,
                50.5842957
              ],
              [
                5.5698837,
                50.5843068
              ],
              [
                5.5699056,
                50.5843168
              ],
              [
                5.5699029,
                50.584324
              ],
              [
                5.5698998,
                50.5843324
              ],
              [
                5.5698962,
                50.5843419
              ],
              [
                5.5698802,
                50.5843847
              ],
              [
                5.5698538,
                50.5843947
              ],
              [
                5.5698493,
                50.5844068
              ],
              [
                5.5698447,
                50.5844192
              ],
              [
                5.5698639,
                50.584428
              ],
              [
                5.5698542,
                50.584454
              ],
              [
                5.56983,
                50.5844633
              ],
              [
                5.5697718,
                50.5844361
              ],
              [
                5.5695888,
                50.5843506
              ],
              [
                5.5695942,
                50.5843362
              ],
              [
                5.5695691,
                50.5843247
              ],
              [
                5.5694942,
                50.5842904
              ],
              [
                5.5694461,
                50.5842684
              ],
              [
                5.5694246,
                50.5842766
              ],
              [
                5.5693587,
                50.5842469
              ],
              [
                5.5693821,
                50.5841845
              ],
              [
                5.5692369,
                50.5841178
              ],
              [
                5.5692424,
                50.5841019
              ],
              [
                5.5692107,
                50.5840871
              ],
              [
                5.5691783,
                50.5840719
              ],
              [
                5.5691562,
                50.5840807
              ],
              [
                5.5689564,
                50.5839889
              ],
              [
                5.5689666,
                50.5839616
              ],
              [
                5.5689902,
                50.583952
              ],
              [
                5.5689922,
                50.5839466
              ],
              [
                5.5689938,
                50.5839419
              ],
              [
                5.5689769,
                50.5839341
              ],
              [
                5.5690112,
                50.5839207
              ]
            ],
            [
              [
                5.5695337,
                50.5841482
              ],
              [
                5.5695817,
                50.5841703
              ],
              [
                5.5695856,
                50.5841694
              ],
              [
                5.5696035,
                50.5841216
              ],
              [
                5.5695998,
                50.58412
              ],
              [
                5.5695339,
                50.5841455
              ],
              [
                5.5695337,
                50.5841482
              ]
            ],
            [
              [
                5.5692337,
                50.58401
              ],
              [
                5.5692693,
                50.5840262
              ],
              [
                5.5692726,
                50.5840253
              ],
              [
                5.5692862,
                50.5839903
              ],
              [
                5.5692824,
                50.5839884
              ],
              [
                5.5692337,
                50.5840075
              ],
              [
                5.5692337,
                50.58401
              ]
            ]
          ]
        ]
      },
      "id": "relation/21293690"
    },
    {
      "type": "Feature",
      "properties": {
        "@id": "relation/21365834",
        "highway": "pedestrian",
        "level": "0",
        "surface": "paving_stones",
        "type": "multipolygon"
      },
      "geometry": {
        "type": "Polygon",
        "coordinates": [
          [
            [
              5.5658216,
              50.5851757
            ],
            [
              5.5661949,
              50.5848438
            ],
            [
              5.5662189,
              50.5848228
            ],
            [
              5.5662323,
              50.584829
            ],
            [
              5.5662478,
              50.5848361
            ],
            [
              5.5662705,
              50.5848164
            ],
            [
              5.5662852,
              50.5848232
            ],
            [
              5.5663163,
              50.5848375
            ],
            [
              5.5663313,
              50.5848444
            ],
            [
              5.5663087,
              50.5848642
            ],
            [
              5.5663242,
              50.5848713
            ],
            [
              5.5663378,
              50.5848775
            ],
            [
              5.5663139,
              50.5848985
            ],
            [
              5.5661163,
              50.5850873
            ],
            [
              5.5662857,
              50.5851702
            ],
            [
              5.5662859,
              50.5851853
            ],
            [
              5.5662868,
              50.5852032
            ],
            [
              5.5658583,
              50.585216
            ],
            [
              5.5658331,
              50.5852173
            ],
            [
              5.5658253,
              50.585194
            ],
            [
              5.5658216,
              50.5851757
            ]
          ],
          [
            [
              5.5661972,
              50.584874
            ],
            [
              5.5661903,
              50.5848874
            ],
            [
              5.5661946,
              50.5849012
            ],
            [
              5.566209,
              50.5849119
            ],
            [
              5.5662303,
              50.5849169
            ],
            [
              5.5662527,
              50.5849143
            ],
            [
              5.5662701,
              50.5849051
            ],
            [
              5.5662779,
              50.5848915
            ],
            [
              5.5662739,
              50.5848773
            ],
            [
              5.5662593,
              50.5848662
            ],
            [
              5.5662373,
              50.5848613
            ],
            [
              5.5662145,
              50.5848641
            ],
            [
              5.5661972,
              50.584874
            ]
          ]
        ]
      },
      "id": "relation/21365834"
    },
    {
      "type": "Feature",
      "properties": {
        "@id": "relation/21365835",
        "highway": "pedestrian",
        "level": "-1",
        "surface": "paving_stones",
        "type": "multipolygon"
      },
      "geometry": {
        "type": "Polygon",
        "coordinates": [
          [
            [
              5.5666973,
              50.5845623
            ],
            [
              5.566686,
              50.5845571
            ],
            [
              5.5666538,
              50.5845423
            ],
            [
              5.5666224,
              50.5845279
            ],
            [
              5.5666072,
              50.5845208
            ],
            [
              5.5665902,
              50.584513
            ],
            [
              5.5665788,
              50.5845078
            ],
            [
              5.5665894,
              50.5844984
            ],
            [
              5.5666029,
              50.5844865
            ],
            [
              5.5666134,
              50.5844776
            ],
            [
              5.5666242,
              50.5844683
            ],
            [
              5.5666386,
              50.5844595
            ],
            [
              5.5666527,
              50.5844542
            ],
            [
              5.5666674,
              50.5844508
            ],
            [
              5.5666875,
              50.5844499
            ],
            [
              5.5667046,
              50.5844518
            ],
            [
              5.5667187,
              50.5844557
            ],
            [
              5.5667339,
              50.5844631
            ],
            [
              5.5667453,
              50.5844727
            ],
            [
              5.5667535,
              50.5844861
            ],
            [
              5.566755,
              50.584498
            ],
            [
              5.5667514,
              50.5845102
            ],
            [
              5.5667414,
              50.5845234
            ],
            [
              5.5667216,
              50.5845412
            ],
            [
              5.5666973,
              50.5845623
            ]
          ],
          [
            [
              5.5666458,
              50.5844808
            ],
            [
              5.5666389,
              50.5844942
            ],
            [
              5.5666432,
              50.584508
            ],
            [
              5.5666576,
              50.5845187
            ],
            [
              5.566679,
              50.5845236
            ],
            [
              5.5667014,
              50.5845211
            ],
            [
              5.5667188,
              50.5845118
            ],
            [
              5.5667265,
              50.5844982
            ],
            [
              5.5667226,
              50.584484
            ],
            [
              5.5667079,
              50.584473
            ],
            [
              5.566686,
              50.584468
            ],
            [
              5.5666632,
              50.5844709
            ],
            [
              5.5666458,
              50.5844808
            ]
          ]
        ]
      },
      "id": "relation/21365835"
    },
    {
      "type": "Feature",
      "properties": {
        "@id": "relation/21365836",
        "building:part": "roof",
        "layer": "1",
        "level": "1;2",
        "type": "multipolygon"
      },
      "geometry": {
        "type": "Polygon",
        "coordinates": [
          [
            [
              5.5659316,
              50.5847298
            ],
            [
              5.5663502,
              50.584363
            ],
            [
              5.5669852,
              50.5846553
            ],
            [
              5.5665665,
              50.5850221
            ],
            [
              5.5659316,
              50.5847298
            ]
          ],
          [
            [
              5.5659427,
              50.5847276
            ],
            [
              5.5659632,
              50.5847371
            ],
            [
              5.5659651,
              50.5847353
            ],
            [
              5.5659712,
              50.5847381
            ],
            [
              5.565977,
              50.5847407
            ],
            [
              5.5659749,
              50.5847425
            ],
            [
              5.5659914,
              50.5847501
            ],
            [
              5.5659939,
              50.5847478
            ],
            [
              5.5660045,
              50.5847527
            ],
            [
              5.566002,
              50.5847549
            ],
            [
              5.5660069,
              50.5847572
            ],
            [
              5.5661689,
              50.5848318
            ],
            [
              5.5661949,
              50.5848438
            ],
            [
              5.5662189,
              50.5848228
            ],
            [
              5.5662478,
              50.5848361
            ],
            [
              5.5662705,
              50.5848164
            ],
            [
              5.5663313,
              50.5848444
            ],
            [
              5.5663087,
              50.5848642
            ],
            [
              5.5663378,
              50.5848775
            ],
            [
              5.5663139,
              50.5848985
            ],
            [
              5.5663399,
              50.5849105
            ],
            [
              5.5665662,
              50.5850147
            ],
            [
              5.5667051,
              50.5848931
            ],
            [
              5.5666719,
              50.5848778
            ],
            [
              5.5666922,
              50.58486
            ],
            [
              5.5667124,
              50.5848423
            ],
            [
              5.5667457,
              50.5848575
            ],
            [
              5.5667628,
              50.5848426
            ],
            [
              5.5667525,
              50.5848378
            ],
            [
              5.5667749,
              50.5848183
            ],
            [
              5.5667974,
              50.5847986
            ],
            [
              5.5668077,
              50.5848033
            ],
            [
              5.5668227,
              50.5847901
            ],
            [
              5.5668375,
              50.5847771
            ],
            [
              5.5668273,
              50.5847724
            ],
            [
              5.5668498,
              50.5847527
            ],
            [
              5.5668722,
              50.5847331
            ],
            [
              5.5668825,
              50.5847378
            ],
            [
              5.5668975,
              50.5847247
            ],
            [
              5.5669124,
              50.5847116
            ],
            [
              5.5669021,
              50.5847069
            ],
            [
              5.5669244,
              50.5846874
            ],
            [
              5.5669469,
              50.5846676
            ],
            [
              5.5669573,
              50.5846723
            ],
            [
              5.5669743,
              50.5846575
            ],
            [
              5.5668479,
              50.5845993
            ],
            [
              5.5667866,
              50.5845711
            ],
            [
              5.5667755,
              50.584566
            ],
            [
              5.5667682,
              50.5845626
            ],
            [
              5.5667546,
              50.5845563
            ],
            [
              5.5667216,
              50.5845412
            ],
            [
              5.5666973,
              50.5845623
            ],
            [
              5.566686,
              50.5845571
            ],
            [
              5.5666538,
              50.5845423
            ],
            [
              5.5666224,
              50.5845279
            ],
            [
              5.5666072,
              50.5845208
            ],
            [
              5.5665902,
              50.584513
            ],
            [
              5.5665788,
              50.5845078
            ],
            [
              5.5665894,
              50.5844984
            ],
            [
              5.5666029,
              50.5844865
            ],
            [
              5.5665864,
              50.5844789
            ],
            [
              5.56635,
              50.5843701
            ],
            [
              5.5663251,
              50.5843919
            ],
            [
              5.5661458,
              50.584549
            ],
            [
              5.5661216,
              50.5845703
            ],
            [
              5.566155,
              50.5845857
            ],
            [
              5.5661501,
              50.5845901
            ],
            [
              5.5661347,
              50.5846036
            ],
            [
              5.5661191,
              50.5846173
            ],
            [
              5.5661146,
              50.5846213
            ],
            [
              5.5660814,
              50.5846061
            ],
            [
              5.5660668,
              50.5846189
            ],
            [
              5.5660695,
              50.5846202
            ],
            [
              5.5660641,
              50.5846249
            ],
            [
              5.5660596,
              50.5846289
            ],
            [
              5.5660568,
              50.5846276
            ],
            [
              5.5660469,
              50.5846363
            ],
            [
              5.5660496,
              50.5846376
            ],
            [
              5.5660397,
              50.5846463
            ],
            [
              5.5660368,
              50.5846451
            ],
            [
              5.5660269,
              50.5846538
            ],
            [
              5.5660296,
              50.5846551
            ],
            [
              5.5660197,
              50.5846638
            ],
            [
              5.5660169,
              50.5846626
            ],
            [
              5.5659921,
              50.5846843
            ],
            [
              5.5659949,
              50.5846856
            ],
            [
              5.5659748,
              50.5847031
            ],
            [
              5.565972,
              50.5847019
            ],
            [
              5.5659427,
              50.5847276
            ]
          ]
        ]
      },
      "id": "relation/21365836"
    },
    {
      "type": "Feature",
      "properties": {
        "@id": "way/30355003",
        "addr:housenumber": "19B",
        "addr:street": "Allée du Six Août",
        "building": "university",
        "building:levels": "4",
        "building:material": "concrete",
        "max_level": "2",
        "min_level": "-1",
        "name": "B5b - Physique Travaux pratiques",
        "name:en": "B5b - Physics Practical work",
        "name:fr": "B5b - Physique Travaux pratiques",
        "operator": "Université de Liège",
        "ref": "B5b"
      },
      "geometry": {
        "type": "Polygon",
        "coordinates": [
          [
            [
              5.5652303,
              50.5817305
            ],
            [
              5.5652904,
              50.5816773
            ],
            [
              5.5652681,
              50.581667
            ],
            [
              5.5652558,
              50.5816613
            ],
            [
              5.5652444,
              50.5816561
            ],
            [
              5.5652196,
              50.5816447
            ],
            [
              5.5651918,
              50.5816319
            ],
            [
              5.5652313,
              50.5815972
            ],
            [
              5.5652433,
              50.5815868
            ],
            [
              5.5652667,
              50.5815662
            ],
            [
              5.5652948,
              50.5815416
            ],
            [
              5.5653298,
              50.581511
            ],
            [
              5.5653572,
              50.5815234
            ],
            [
              5.5653784,
              50.581533
            ],
            [
              5.5653942,
              50.5815191
            ],
            [
              5.5654445,
              50.5815422
            ],
            [
              5.5654849,
              50.5815069
            ],
            [
              5.5655794,
              50.5815504
            ],
            [
              5.5656211,
              50.5815696
            ],
            [
              5.5656627,
              50.5815888
            ],
            [
              5.565746,
              50.5816271
            ],
            [
              5.5657875,
              50.5816462
            ],
            [
              5.5658294,
              50.5816655
            ],
            [
              5.5659127,
              50.5817039
            ],
            [
              5.5659544,
              50.5817231
            ],
            [
              5.5659962,
              50.5817423
            ],
            [
              5.5660901,
              50.5817856
            ],
            [
              5.5660296,
              50.5818386
            ],
            [
              5.5660526,
              50.5818492
            ],
            [
              5.5660756,
              50.5818598
            ],
            [
              5.5661004,
              50.5818713
            ],
            [
              5.5661281,
              50.5818841
            ],
            [
              5.5660889,
              50.5819185
            ],
            [
              5.5660764,
              50.5819294
            ],
            [
              5.5660272,
              50.5819726
            ],
            [
              5.5660253,
              50.5819743
            ],
            [
              5.5659909,
              50.5820044
            ],
            [
              5.5659872,
              50.5820027
            ],
            [
              5.5659645,
              50.5819922
            ],
            [
              5.5659635,
              50.5819918
            ],
            [
              5.5659408,
              50.5819813
            ],
            [
              5.5659147,
              50.5820041
            ],
            [
              5.5659113,
              50.5820025
            ],
            [
              5.5658662,
              50.5819818
            ],
            [
              5.5658349,
              50.582009
            ],
            [
              5.5657759,
              50.5819817
            ],
            [
              5.5657411,
              50.5819657
            ],
            [
              5.5656918,
              50.581943
            ],
            [
              5.5656577,
              50.5819273
            ],
            [
              5.5656219,
              50.5819108
            ],
            [
              5.5656161,
              50.5819082
            ],
            [
              5.5655743,
              50.5818889
            ],
            [
              5.5655669,
              50.5818855
            ],
            [
              5.5655328,
              50.5818698
            ],
            [
              5.5655256,
              50.5818665
            ],
            [
              5.5654149,
              50.5818155
            ],
            [
              5.5654076,
              50.5818121
            ],
            [
              5.5653316,
              50.5817771
            ],
            [
              5.5653243,
              50.5817738
            ],
            [
              5.5652303,
              50.5817305
            ]
          ]
        ]
      },
      "id": "way/30355003"
    },
    {
      "type": "Feature",
      "properties": {
        "@id": "way/30355007",
        "addr:housenumber": "13",
        "addr:street": "Boulevard du Rectorat",
        "building": "university",
        "building:material": "stone",
        "name": "B4 - Amphithéâtres de l'Europe",
        "name:en": "B4 - Amphitheatres of Europe",
        "name:fr": "B4 - Amphithéâtres de l'Europe",
        "name:uk": "B4 - Європейські аудиторії",
        "operator": "Université de Liège",
        "ref": "B4",
        "start_date": "1996",
        "@relations": [
          {
            "role": "inner",
            "rel": 21365836,
            "reltags": {
              "building:part": "roof",
              "layer": "1",
              "level": "1;2",
              "type": "multipolygon"
            }
          }
        ]
      },
      "geometry": {
        "type": "Polygon",
        "coordinates": [
          [
            [
              5.5659427,
              50.5847276
            ],
            [
              5.565972,
              50.5847019
            ],
            [
              5.5659748,
              50.5847031
            ],
            [
              5.5659949,
              50.5846856
            ],
            [
              5.5659921,
              50.5846843
            ],
            [
              5.5660169,
              50.5846626
            ],
            [
              5.5660197,
              50.5846638
            ],
            [
              5.5660296,
              50.5846551
            ],
            [
              5.5660269,
              50.5846538
            ],
            [
              5.5660368,
              50.5846451
            ],
            [
              5.5660397,
              50.5846463
            ],
            [
              5.5660496,
              50.5846376
            ],
            [
              5.5660469,
              50.5846363
            ],
            [
              5.5660568,
              50.5846276
            ],
            [
              5.5660596,
              50.5846289
            ],
            [
              5.5660641,
              50.5846249
            ],
            [
              5.5660695,
              50.5846202
            ],
            [
              5.5660668,
              50.5846189
            ],
            [
              5.5660814,
              50.5846061
            ],
            [
              5.5661146,
              50.5846213
            ],
            [
              5.5661191,
              50.5846173
            ],
            [
              5.5661347,
              50.5846036
            ],
            [
              5.5661501,
              50.5845901
            ],
            [
              5.566155,
              50.5845857
            ],
            [
              5.5661216,
              50.5845703
            ],
            [
              5.5661458,
              50.584549
            ],
            [
              5.5663251,
              50.5843919
            ],
            [
              5.56635,
              50.5843701
            ],
            [
              5.5665864,
              50.5844789
            ],
            [
              5.5666029,
              50.5844865
            ],
            [
              5.5665894,
              50.5844984
            ],
            [
              5.5665788,
              50.5845078
            ],
            [
              5.5665902,
              50.584513
            ],
            [
              5.5666072,
              50.5845208
            ],
            [
              5.5666224,
              50.5845279
            ],
            [
              5.5666538,
              50.5845423
            ],
            [
              5.566686,
              50.5845571
            ],
            [
              5.5666973,
              50.5845623
            ],
            [
              5.5667216,
              50.5845412
            ],
            [
              5.5667546,
              50.5845563
            ],
            [
              5.5667682,
              50.5845626
            ],
            [
              5.5667755,
              50.584566
            ],
            [
              5.5667866,
              50.5845711
            ],
            [
              5.5668479,
              50.5845993
            ],
            [
              5.5669743,
              50.5846575
            ],
            [
              5.5669573,
              50.5846723
            ],
            [
              5.5669469,
              50.5846676
            ],
            [
              5.5669244,
              50.5846874
            ],
            [
              5.5669021,
              50.5847069
            ],
            [
              5.5669124,
              50.5847116
            ],
            [
              5.5668975,
              50.5847247
            ],
            [
              5.5668825,
              50.5847378
            ],
            [
              5.5668722,
              50.5847331
            ],
            [
              5.5668498,
              50.5847527
            ],
            [
              5.5668273,
              50.5847724
            ],
            [
              5.5668375,
              50.5847771
            ],
            [
              5.5668227,
              50.5847901
            ],
            [
              5.5668077,
              50.5848033
            ],
            [
              5.5667974,
              50.5847986
            ],
            [
              5.5667749,
              50.5848183
            ],
            [
              5.5667525,
              50.5848378
            ],
            [
              5.5667628,
              50.5848426
            ],
            [
              5.5667457,
              50.5848575
            ],
            [
              5.5667124,
              50.5848423
            ],
            [
              5.5666922,
              50.58486
            ],
            [
              5.5666719,
              50.5848778
            ],
            [
              5.5667051,
              50.5848931
            ],
            [
              5.5665662,
              50.5850147
            ],
            [
              5.5663399,
              50.5849105
            ],
            [
              5.5663139,
              50.5848985
            ],
            [
              5.5663378,
              50.5848775
            ],
            [
              5.5663087,
              50.5848642
            ],
            [
              5.5663313,
              50.5848444
            ],
            [
              5.5662705,
              50.5848164
            ],
            [
              5.5662478,
              50.5848361
            ],
            [
              5.5662189,
              50.5848228
            ],
            [
              5.5661949,
              50.5848438
            ],
            [
              5.5661689,
              50.5848318
            ],
            [
              5.5660069,
              50.5847572
            ],
            [
              5.566002,
              50.5847549
            ],
            [
              5.5660045,
              50.5847527
            ],
            [
              5.5659939,
              50.5847478
            ],
            [
              5.5659914,
              50.5847501
            ],
            [
              5.5659749,
              50.5847425
            ],
            [
              5.565977,
              50.5847407
            ],
            [
              5.5659712,
              50.5847381
            ],
            [
              5.5659651,
              50.5847353
            ],
            [
              5.5659632,
              50.5847371
            ],
            [
              5.5659427,
              50.5847276
            ]
          ]
        ]
      },
      "id": "way/30355007"
    },
    {
      "type": "Feature",
      "properties": {
        "@id": "way/30355032",
        "building:part": "yes",
        "height": "0",
        "level": "-1",
        "min_height": "-4",
        "@relations": [
          {
            "role": "part",
            "rel": 21293691,
            "reltags": {
              "type": "building"
            }
          }
        ]
      },
      "geometry": {
        "type": "Polygon",
        "coordinates": [
          [
            [
              5.5689769,
              50.5839341
            ],
            [
              5.5690112,
              50.5839207
            ],
            [
              5.5690436,
              50.5838344
            ],
            [
              5.5690485,
              50.5838212
            ],
            [
              5.5690533,
              50.5838085
            ],
            [
              5.5690876,
              50.5837949
            ],
            [
              5.5690997,
              50.5837626
            ],
            [
              5.5690045,
              50.5837189
            ],
            [
              5.5686946,
              50.5835766
            ],
            [
              5.5686774,
              50.5835833
            ],
            [
              5.5685817,
              50.5835393
            ],
            [
              5.5685862,
              50.5835276
            ],
            [
              5.5685902,
              50.5835206
            ],
            [
              5.5685934,
              50.5835123
            ],
            [
              5.5685989,
              50.583498
            ],
            [
              5.5686099,
              50.5834698
            ],
            [
              5.5686184,
              50.5834478
            ],
            [
              5.5686413,
              50.583439
            ],
            [
              5.5686791,
              50.5834564
            ],
            [
              5.5686904,
              50.5834616
            ],
            [
              5.5687077,
              50.5834547
            ],
            [
              5.5687342,
              50.5834669
            ],
            [
              5.5687638,
              50.5834805
            ],
            [
              5.568834,
              50.5835127
            ],
            [
              5.5688639,
              50.5835265
            ],
            [
              5.5689343,
              50.5835588
            ],
            [
              5.5689642,
              50.5835725
            ],
            [
              5.5690347,
              50.5836049
            ],
            [
              5.5690645,
              50.5836186
            ],
            [
              5.5691347,
              50.5836508
            ],
            [
              5.5691646,
              50.5836646
            ],
            [
              5.5692346,
              50.5836967
            ],
            [
              5.5692837,
              50.5837193
            ],
            [
              5.5693182,
              50.5837059
            ],
            [
              5.569362,
              50.583726
            ],
            [
              5.569406,
              50.5837462
            ],
            [
              5.5694571,
              50.5837697
            ],
            [
              5.5695015,
              50.5837901
            ],
            [
              5.5695406,
              50.5838081
            ],
            [
              5.5695628,
              50.5838182
            ],
            [
              5.5695736,
              50.5838232
            ],
            [
              5.5695838,
              50.5838279
            ],
            [
              5.5696114,
              50.5838406
            ],
            [
              5.569659,
              50.5838625
            ],
            [
              5.5697907,
              50.583923
            ],
            [
              5.5697941,
              50.5839245
            ],
            [
              5.5698064,
              50.5839302
            ],
            [
              5.5698239,
              50.5839233
            ],
            [
              5.5698377,
              50.5839297
            ],
            [
              5.5698911,
              50.5839542
            ],
            [
              5.5699669,
              50.5839891
            ],
            [
              5.5701056,
              50.5840528
            ],
            [
              5.5700866,
              50.5841038
            ],
            [
              5.5700763,
              50.5841315
            ],
            [
              5.5700731,
              50.5841402
            ],
            [
              5.5700867,
              50.5841465
            ],
            [
              5.5700757,
              50.584176
            ],
            [
              5.5700583,
              50.5841828
            ],
            [
              5.5700499,
              50.5842054
            ],
            [
              5.570036,
              50.5842429
            ],
            [
              5.5700261,
              50.5842697
            ],
            [
              5.5699056,
              50.5843168
            ],
            [
              5.5699029,
              50.584324
            ],
            [
              5.5698998,
              50.5843324
            ],
            [
              5.5698962,
              50.5843419
            ],
            [
              5.5698639,
              50.584428
            ],
            [
              5.5698542,
              50.584454
            ],
            [
              5.56983,
              50.5844633
            ],
            [
              5.5695888,
              50.5843506
            ],
            [
              5.5695567,
              50.5843361
            ],
            [
              5.5694246,
              50.5842766
            ],
            [
              5.5693587,
              50.5842469
            ],
            [
              5.5693821,
              50.5841845
            ],
            [
              5.5692369,
              50.5841178
            ],
            [
              5.5691562,
              50.5840807
            ],
            [
              5.5689564,
              50.5839889
            ],
            [
              5.5689666,
              50.5839616
            ],
            [
              5.5689722,
              50.5839468
            ],
            [
              5.5689769,
              50.5839341
            ]
          ]
        ]
      },
      "id": "way/30355032"
    },
    {
      "type": "Feature",
      "properties": {
        "@id": "way/100442439",
        "area": "yes",
        "highway": "pedestrian",
        "level": "0",
        "lit": "no",
        "smoothness": "good",
        "surface": "concrete"
      },
      "geometry": {
        "type": "Polygon",
        "coordinates": [
          [
            [
              5.5690468,
              50.5837589
            ],
            [
              5.569022,
              50.5837475
            ],
            [
              5.568998,
              50.5837363
            ],
            [
              5.5690045,
              50.5837189
            ],
            [
              5.5686946,
              50.5835766
            ],
            [
              5.5686774,
              50.5835833
            ],
            [
              5.5686658,
              50.5835873
            ],
            [
              5.5685787,
              50.5835475
            ],
            [
              5.5685817,
              50.5835393
            ],
            [
              5.5685862,
              50.5835276
            ],
            [
              5.5685902,
              50.5835206
            ],
            [
              5.5685989,
              50.583498
            ],
            [
              5.5686286,
              50.5835113
            ],
            [
              5.5686546,
              50.5835229
            ],
            [
              5.5686754,
              50.5834669
            ],
            [
              5.5687077,
              50.5834547
            ],
            [
              5.5692837,
              50.5837193
            ],
            [
              5.5693182,
              50.5837059
            ],
            [
              5.5695015,
              50.5837901
            ],
            [
              5.5695406,
              50.5838081
            ],
            [
              5.5695628,
              50.5838182
            ],
            [
              5.5695838,
              50.5838279
            ],
            [
              5.569659,
              50.5838625
            ],
            [
              5.5697907,
              50.583923
            ],
            [
              5.5697941,
              50.5839245
            ],
            [
              5.5698265,
              50.5839117
            ],
            [
              5.5701239,
              50.5840489
            ],
            [
              5.5700867,
              50.5841465
            ],
            [
              5.5700757,
              50.584176
            ],
            [
              5.5700583,
              50.5841828
            ],
            [
              5.5700499,
              50.5842054
            ],
            [
              5.570036,
              50.5842429
            ],
            [
              5.5700261,
              50.5842697
            ],
            [
              5.5700029,
              50.5842592
            ],
            [
              5.5699803,
              50.584249
            ],
            [
              5.5700037,
              50.5841859
            ],
            [
              5.5700273,
              50.5841225
            ],
            [
              5.5698813,
              50.584056
            ],
            [
              5.5698815,
              50.5840424
            ],
            [
              5.5697071,
              50.583962
            ],
            [
              5.569632,
              50.5839274
            ],
            [
              5.5695949,
              50.5839103
            ],
            [
              5.5693936,
              50.5838176
            ],
            [
              5.5693416,
              50.5838375
            ],
            [
              5.5692334,
              50.5837873
            ],
            [
              5.5690941,
              50.5838417
            ],
            [
              5.5690687,
              50.583838
            ],
            [
              5.5690436,
              50.5838344
            ],
            [
              5.5690112,
              50.5839207
            ],
            [
              5.5689769,
              50.5839341
            ],
            [
              5.5689722,
              50.5839468
            ],
            [
              5.5689666,
              50.5839616
            ],
            [
              5.5689475,
              50.5839693
            ],
            [
              5.5689333,
              50.5839546
            ],
            [
              5.5689191,
              50.58394
            ],
            [
              5.5689738,
              50.5837969
            ],
            [
              5.5689782,
              50.5837853
            ],
            [
              5.5690199,
              50.5837693
            ],
            [
              5.5690468,
              50.5837589
            ]
          ]
        ]
      },
      "id": "way/100442439"
    },
    {
      "type": "Feature",
      "properties": {
        "@id": "way/429437799",
        "height": "2.6",
        "indoor": "room",
        "level": "0",
        "ref": "0/1",
        "@relations": [
          {
            "role": "outer",
            "rel": 21293690,
            "reltags": {
              "building:part": "yes",
              "height": "3.9",
              "level": "0",
              "min_height": "0",
              "type": "multipolygon"
            }
          }
        ]
      },
      "geometry": {
        "type": "Polygon",
        "coordinates": [
          [
            [
              5.5697511,
              50.5845045
            ],
            [
              5.569823,
              50.5845374
            ],
            [
              5.5698057,
              50.5845838
            ],
            [
              5.5697191,
              50.5846177
            ],
            [
              5.5697036,
              50.5846237
            ],
            [
              5.5696121,
              50.5845515
            ],
            [
              5.5696011,
              50.5845519
            ],
            [
              5.5695965,
              50.5844748
            ],
            [
              5.5696111,
              50.5844694
            ],
            [
              5.5696487,
              50.5844865
            ],
            [
              5.569717,
              50.5845176
            ],
            [
              5.5697344,
              50.5845109
            ],
            [
              5.5697511,
              50.5845045
            ]
          ]
        ]
      },
      "id": "way/429437799"
    },
    {
      "type": "Feature",
      "properties": {
        "@id": "way/566814448",
        "access": "yes",
        "amenity": "bicycle_parking",
        "bicycle_parking": "wall_loops",
        "capacity": "6",
        "check_date": "2023-06-23",
        "covered": "yes",
        "fee": "no",
        "level": "0",
        "lit": "yes",
        "operator": "Université de Liège",
        "operator:type": "university",
        "panoramax": "86867067-b5dc-4014-bcfa-0df167b9eb5c"
      },
      "geometry": {
        "type": "Polygon",
        "coordinates": [
          [
            [
              5.5696714,
              50.5844914
            ],
            [
              5.5696741,
              50.5844891
            ],
            [
              5.5697088,
              50.5845053
            ],
            [
              5.5697061,
              50.5845076
            ],
            [
              5.5696714,
              50.5844914
            ]
          ]
        ]
      },
      "id": "way/566814448"
    },
    {
      "type": "Feature",
      "properties": {
        "@id": "way/626292623",
        "landuse": "grass"
      },
      "geometry": {
        "type": "Polygon",
        "coordinates": [
          [
            [
              5.5661098,
              50.5820822
            ],
            [
              5.5659909,
              50.5820044
            ],
            [
              5.5660253,
              50.5819743
            ],
            [
              5.5660764,
              50.5819294
            ],
            [
              5.5660889,
              50.5819185
            ],
            [
              5.5661281,
              50.5818841
            ],
            [
              5.5661004,
              50.5818713
            ],
            [
              5.5660756,
              50.5818598
            ],
            [
              5.5660526,
              50.5818492
            ],
            [
              5.5660296,
              50.5818386
            ],
            [
              5.5660901,
              50.5817856
            ],
            [
              5.5659544,
              50.5817231
            ],
            [
              5.5658294,
              50.5816655
            ],
            [
              5.5657875,
              50.5816462
            ],
            [
              5.565746,
              50.5816271
            ],
            [
              5.5656211,
              50.5815696
            ],
            [
              5.5654849,
              50.5815069
            ],
            [
              5.5656011,
              50.5814178
            ],
            [
              5.5660143,
              50.5816115
            ],
            [
              5.5663304,
              50.5817596
            ],
            [
              5.5661059,
              50.5820584
            ],
            [
              5.5663531,
              50.5822316
            ],
            [
              5.5670038,
              50.5824571
            ],
            [
              5.5667976,
              50.5824034
            ],
            [
              5.5663373,
              50.5822637
            ],
            [
              5.5661674,
              50.5822111
            ],
            [
              5.5661098,
              50.5820822
            ]
          ]
        ]
      },
      "id": "way/626292623"
    },
    {
      "type": "Feature",
      "properties": {
        "@id": "way/675561531",
        "landuse": "grass"
      },
      "geometry": {
        "type": "Polygon",
        "coordinates": [
          [
            [
              5.5667457,
              50.5848575
            ],
            [
              5.5667628,
              50.5848426
            ],
            [
              5.5667525,
              50.5848378
            ],
            [
              5.5667749,
              50.5848183
            ],
            [
              5.5667974,
              50.5847986
            ],
            [
              5.5668077,
              50.5848033
            ],
            [
              5.5668227,
              50.5847901
            ],
            [
              5.5668375,
              50.5847771
            ],
            [
              5.5668273,
              50.5847724
            ],
            [
              5.5668498,
              50.5847527
            ],
            [
              5.5668722,
              50.5847331
            ],
            [
              5.5668825,
              50.5847378
            ],
            [
              5.5668975,
              50.5847247
            ],
            [
              5.5669124,
              50.5847116
            ],
            [
              5.5669021,
              50.5847069
            ],
            [
              5.5669244,
              50.5846874
            ],
            [
              5.5669469,
              50.5846676
            ],
            [
              5.5669573,
              50.5846723
            ],
            [
              5.5669743,
              50.5846575
            ],
            [
              5.5670428,
              50.5845596
            ],
            [
              5.5668153,
              50.5844544
            ],
            [
              5.5669994,
              50.5843064
            ],
            [
              5.5668938,
              50.5842357
            ],
            [
              5.5667312,
              50.5841497
            ],
            [
              5.5665817,
              50.5840926
            ],
            [
              5.5666353,
              50.584067
            ],
            [
              5.566676,
              50.5840625
            ],
            [
              5.5670176,
              50.5842642
            ],
            [
              5.5672318,
              50.5844493
            ],
            [
              5.5673279,
              50.5846944
            ],
            [
              5.5673136,
              50.5849781
            ],
            [
              5.5672582,
              50.5849829
            ],
            [
              5.5672077,
              50.5849938
            ],
            [
              5.5671206,
              50.5850248
            ],
            [
              5.5668907,
              50.5849222
            ],
            [
              5.5667457,
              50.5848575
            ]
          ]
        ]
      },
      "id": "way/675561531"
    },
    {
      "type": "Feature",
      "properties": {
        "@id": "way/1223921272",
        "description": "Labo",
        "height": "3.95",
        "indoor": "room",
        "level": "0",
        "ref": "0/12"
      },
      "geometry": {
        "type": "Polygon",
        "coordinates": [
          [
            [
              5.5657701,
              50.5818288
            ],
            [
              5.5658042,
              50.5818445
            ],
            [
              5.5658327,
              50.5818576
            ],
            [
              5.5658535,
              50.5818672
            ],
            [
              5.5657411,
              50.5819657
            ],
            [
              5.5656918,
              50.581943
            ],
            [
              5.5656577,
              50.5819273
            ],
            [
              5.5656714,
              50.5819152
            ],
            [
              5.5657701,
              50.5818288
            ]
          ]
        ]
      },
      "id": "way/1223921272"
    },
    {
      "type": "Feature",
      "properties": {
        "@id": "way/1223921273",
        "description": "Salle de TP",
        "height": "3.95",
        "indoor": "room",
        "level": "0",
        "ref": "0/34"
      },
      "geometry": {
        "type": "Polygon",
        "coordinates": [
          [
            [
              5.5659767,
              50.5818835
            ],
            [
              5.5659324,
              50.5818631
            ],
            [
              5.5659047,
              50.5818503
            ],
            [
              5.565842,
              50.5818216
            ],
            [
              5.5659412,
              50.5817346
            ],
            [
              5.5659544,
              50.5817231
            ],
            [
              5.5660901,
              50.5817856
            ],
            [
              5.5660296,
              50.5818386
            ],
            [
              5.566027,
              50.5818395
            ],
            [
              5.5660018,
              50.5818615
            ],
            [
              5.5659767,
              50.5818835
            ]
          ]
        ]
      },
      "id": "way/1223921273"
    },
    {
      "type": "Feature",
      "properties": {
        "@id": "way/1223921275",
        "description": "Labo",
        "height": "3.95",
        "indoor": "room",
        "level": "0",
        "ref": "0/14"
      },
      "geometry": {
        "type": "Polygon",
        "coordinates": [
          [
            [
              5.5657411,
              50.5819657
            ],
            [
              5.5658535,
              50.5818672
            ],
            [
              5.5659021,
              50.5818896
            ],
            [
              5.565916,
              50.581896
            ],
            [
              5.5659465,
              50.58191
            ],
            [
              5.5659256,
              50.5819287
            ],
            [
              5.5658927,
              50.5819581
            ],
            [
              5.5658662,
              50.5819818
            ],
            [
              5.5658349,
              50.582009
            ],
            [
              5.5657759,
              50.5819817
            ],
            [
              5.5657411,
              50.5819657
            ]
          ]
        ]
      },
      "id": "way/1223921275"
    },
    {
      "type": "Feature",
      "properties": {
        "@id": "way/1548192089",
        "indoor": "corridor",
        "level": "-1"
      },
      "geometry": {
        "type": "Polygon",
        "coordinates": [
          [
            [
              5.5653725,
              50.5816054
            ],
            [
              5.5653972,
              50.5815837
            ],
            [
              5.5654291,
              50.5815983
            ],
            [
              5.5654918,
              50.581627
            ],
            [
              5.5655126,
              50.5816365
            ],
            [
              5.5655752,
              50.5816654
            ],
            [
              5.5655961,
              50.581675
            ],
            [
              5.5656585,
              50.5817037
            ],
            [
              5.5656795,
              50.5817134
            ],
            [
              5.5657419,
              50.5817421
            ],
            [
              5.5657628,
              50.5817517
            ],
            [
              5.5658253,
              50.5817805
            ],
            [
              5.5658461,
              50.5817901
            ],
            [
              5.5659087,
              50.5818189
            ],
            [
              5.5659297,
              50.5818285
            ],
            [
              5.5660018,
              50.5818615
            ],
            [
              5.5659767,
              50.5818835
            ],
            [
              5.5659588,
              50.5818752
            ],
            [
              5.5659324,
              50.5818631
            ],
            [
              5.5658837,
              50.5818407
            ],
            [
              5.565842,
              50.5818216
            ],
            [
              5.5658004,
              50.5818023
            ],
            [
              5.565717,
              50.581764
            ],
            [
              5.5656812,
              50.5817475
            ],
            [
              5.5656679,
              50.5817413
            ],
            [
              5.5656336,
              50.5817256
            ],
            [
              5.5655502,
              50.5816872
            ],
            [
              5.5655086,
              50.5816681
            ],
            [
              5.5654669,
              50.5816488
            ],
            [
              5.5653918,
              50.5816143
            ],
            [
              5.5653725,
              50.5816054
            ]
          ]
        ]
      },
      "id": "way/1548192089"
    },
    {
      "type": "Feature",
      "properties": {
        "@id": "way/1548192090",
        "indoor": "corridor",
        "level": "-1"
      },
      "geometry": {
        "type": "Polygon",
        "coordinates": [
          [
            [
              5.5653918,
              50.5816143
            ],
            [
              5.5654169,
              50.5816258
            ],
            [
              5.5654669,
              50.5816488
            ],
            [
              5.5655086,
              50.5816681
            ],
            [
              5.5655502,
              50.5816872
            ],
            [
              5.5656336,
              50.5817256
            ],
            [
              5.5656679,
              50.5817413
            ],
            [
              5.5656812,
              50.5817475
            ],
            [
              5.565717,
              50.581764
            ],
            [
              5.5658004,
              50.5818023
            ],
            [
              5.565842,
              50.5818216
            ],
            [
              5.5658837,
              50.5818407
            ],
            [
              5.5659324,
              50.5818631
            ],
            [
              5.5659588,
              50.5818752
            ],
            [
              5.5659767,
              50.5818835
            ],
            [
              5.5660018,
              50.5818615
            ],
            [
              5.566027,
              50.5818395
            ],
            [
              5.5660296,
              50.5818386
            ],
            [
              5.5660526,
              50.5818492
            ],
            [
              5.5660756,
              50.5818598
            ],
            [
              5.5660491,
              50.5818831
            ],
            [
              5.5660361,
              50.5818945
            ],
            [
              5.5660238,
              50.5819052
            ],
            [
              5.566048,
              50.5819163
            ],
            [
              5.5660764,
              50.5819294
            ],
            [
              5.5660272,
              50.5819726
            ],
            [
              5.5659749,
              50.5819488
            ],
            [
              5.5659732,
              50.5819503
            ],
            [
              5.5659488,
              50.5819392
            ],
            [
              5.5659256,
              50.5819287
            ],
            [
              5.5659465,
              50.58191
            ],
            [
              5.5659021,
              50.5818896
            ],
            [
              5.5658741,
              50.5818767
            ],
            [
              5.5658535,
              50.5818672
            ],
            [
              5.5658042,
              50.5818445
            ],
            [
              5.5657909,
              50.5818384
            ],
            [
              5.5657701,
              50.5818288
            ],
            [
              5.5657342,
              50.5818123
            ],
            [
              5.5657286,
              50.5818098
            ],
            [
              5.5657075,
              50.5818001
            ],
            [
              5.5656866,
              50.5817905
            ],
            [
              5.5656792,
              50.581787
            ],
            [
              5.5656509,
              50.581774
            ],
            [
              5.5656449,
              50.5817713
            ],
            [
              5.5656377,
              50.5817679
            ],
            [
              5.5655407,
              50.5817232
            ],
            [
              5.5655272,
              50.581717
            ],
            [
              5.56552,
              50.5817137
            ],
            [
              5.5654988,
              50.5817041
            ],
            [
              5.5654441,
              50.5816787
            ],
            [
              5.5654365,
              50.5816753
            ],
            [
              5.5654157,
              50.5816658
            ],
            [
              5.5653421,
              50.581632
            ],
            [
              5.5653366,
              50.5816368
            ],
            [
              5.565314,
              50.5816265
            ],
            [
              5.5653122,
              50.5816257
            ],
            [
              5.5652904,
              50.5816157
            ],
            [
              5.5652959,
              50.5816109
            ],
            [
              5.5652721,
              50.5816
            ],
            [
              5.5652433,
              50.5815868
            ],
            [
              5.5652667,
              50.5815662
            ],
            [
              5.5652948,
              50.5815416
            ],
            [
              5.5653298,
              50.581511
            ],
            [
              5.5653572,
              50.5815234
            ],
            [
              5.5653784,
              50.581533
            ],
            [
              5.565381,
              50.5815342
            ],
            [
              5.5653496,
              50.5815618
            ],
            [
              5.5653738,
              50.5815729
            ],
            [
              5.5653972,
              50.5815837
            ],
            [
              5.5653725,
              50.5816054
            ],
            [
              5.5653918,
              50.5816143
            ]
          ]
        ]
      },
      "id": "way/1548192090"
    },
    {
      "type": "Feature",
      "properties": {
        "@id": "way/1548192094",
        "description": "Salle de cours",
        "height": "3.65",
        "indoor": "room",
        "level": "-1",
        "ref": "-1/2"
      },
      "geometry": {
        "type": "Polygon",
        "coordinates": [
          [
            [
              5.5654441,
              50.5816787
            ],
            [
              5.5653316,
              50.5817771
            ],
            [
              5.5653243,
              50.5817738
            ],
            [
              5.5652303,
              50.5817305
            ],
            [
              5.5653159,
              50.5816549
            ],
            [
              5.5653366,
              50.5816368
            ],
            [
              5.5653421,
              50.581632
            ],
            [
              5.5653738,
              50.5816465
            ],
            [
              5.5654157,
              50.5816658
            ],
            [
              5.5654365,
              50.5816753
            ],
            [
              5.5654441,
              50.5816787
            ]
          ]
        ]
      },
      "id": "way/1548192094"
    },
    {
      "type": "Feature",
      "properties": {
        "@id": "way/1548192095",
        "description": "Salle de cours",
        "height": "3.65",
        "indoor": "room",
        "level": "-1",
        "ref": "-1/4"
      },
      "geometry": {
        "type": "Polygon",
        "coordinates": [
          [
            [
              5.5654149,
              50.5818155
            ],
            [
              5.5654076,
              50.5818121
            ],
            [
              5.5653316,
              50.5817771
            ],
            [
              5.5654441,
              50.5816787
            ],
            [
              5.5654988,
              50.5817041
            ],
            [
              5.5655272,
              50.581717
            ],
            [
              5.5654149,
              50.5818155
            ]
          ]
        ]
      },
      "id": "way/1548192095"
    },
    {
      "type": "Feature",
      "properties": {
        "@id": "way/1548192096",
        "description": "Salle de cours",
        "height": "3.65",
        "indoor": "room",
        "level": "-1",
        "ref": "-1/7"
      },
      "geometry": {
        "type": "Polygon",
        "coordinates": [
          [
            [
              5.5655256,
              50.5818665
            ],
            [
              5.5654149,
              50.5818155
            ],
            [
              5.5655272,
              50.581717
            ],
            [
              5.5655407,
              50.5817232
            ],
            [
              5.5656377,
              50.5817679
            ],
            [
              5.5655256,
              50.5818665
            ]
          ]
        ]
      },
      "id": "way/1548192096"
    },
    {
      "type": "Feature",
      "properties": {
        "@id": "way/1548192097",
        "access": "no",
        "description": "Électricité",
        "height": "3.65",
        "indoor": "room",
        "level": "-1",
        "ref": "-1/8"
      },
      "geometry": {
        "type": "Polygon",
        "coordinates": [
          [
            [
              5.5656792,
              50.581787
            ],
            [
              5.5655669,
              50.5818855
            ],
            [
              5.5655328,
              50.5818698
            ],
            [
              5.5655256,
              50.5818665
            ],
            [
              5.5656377,
              50.5817679
            ],
            [
              5.5656449,
              50.5817713
            ],
            [
              5.5656509,
              50.581774
            ],
            [
              5.5656792,
              50.581787
            ]
          ]
        ]
      },
      "id": "way/1548192097"
    },
    {
      "type": "Feature",
      "properties": {
        "@id": "way/1548192098",
        "access": "no",
        "description": "Réserve",
        "height": "3.65",
        "indoor": "room",
        "level": "-1",
        "ref": "-1/9"
      },
      "geometry": {
        "type": "Polygon",
        "coordinates": [
          [
            [
              5.5657342,
              50.5818123
            ],
            [
              5.5656219,
              50.5819108
            ],
            [
              5.5656161,
              50.5819082
            ],
            [
              5.5655743,
              50.5818889
            ],
            [
              5.5655669,
              50.5818855
            ],
            [
              5.5656792,
              50.581787
            ],
            [
              5.5657342,
              50.5818123
            ]
          ]
        ]
      },
      "id": "way/1548192098"
    },
    {
      "type": "Feature",
      "properties": {
        "@id": "way/1548192099",
        "access": "no",
        "description": "Réserve mobilier et portes",
        "height": "3.65",
        "indoor": "room",
        "level": "-1",
        "ref": "-1/11"
      },
      "geometry": {
        "type": "Polygon",
        "coordinates": [
          [
            [
              5.5658042,
              50.5818445
            ],
            [
              5.5656918,
              50.581943
            ],
            [
              5.5656577,
              50.5819273
            ],
            [
              5.5656219,
              50.5819108
            ],
            [
              5.5657342,
              50.5818123
            ],
            [
              5.5658042,
              50.5818445
            ]
          ]
        ]
      },
      "id": "way/1548192099"
    },
    {
      "type": "Feature",
      "properties": {
        "@id": "way/1548192100",
        "access": "no",
        "height": "3.65",
        "indoor": "room",
        "level": "-1",
        "ref": "-1/14"
      },
      "geometry": {
        "type": "Polygon",
        "coordinates": [
          [
            [
              5.5657759,
              50.5819817
            ],
            [
              5.5658334,
              50.581931
            ],
            [
              5.5658927,
              50.5819581
            ],
            [
              5.5658662,
              50.5819818
            ],
            [
              5.5658349,
              50.582009
            ],
            [
              5.5657759,
              50.5819817
            ]
          ]
        ]
      },
      "id": "way/1548192100"
    },
    {
      "type": "Feature",
      "properties": {
        "@id": "way/1548192102",
        "access": "no",
        "height": "3.35",
        "indoor": "room",
        "level": "-1",
        "ref": "-1/16"
      },
      "geometry": {
        "type": "Polygon",
        "coordinates": [
          [
            [
              5.5659732,
              50.5819503
            ],
            [
              5.5659749,
              50.5819488
            ],
            [
              5.5660272,
              50.5819726
            ],
            [
              5.5660253,
              50.5819743
            ],
            [
              5.5659909,
              50.5820044
            ],
            [
              5.5659872,
              50.5820027
            ],
            [
              5.5659408,
              50.5819813
            ],
            [
              5.5659388,
              50.5819804
            ],
            [
              5.5659732,
              50.5819503
            ]
          ]
        ]
      },
      "id": "way/1548192102"
    },
    {
      "type": "Feature",
      "properties": {
        "@id": "way/1548192103",
        "amenity": "toilets",
        "fee": "no",
        "female": "yes",
        "height": "2.35",
        "indoor": "room",
        "level": "-1",
        "male": "yes",
        "official_ref": "-1/36a;-1/36b",
        "ref": "-1/36",
        "wheelchair": "no"
      },
      "geometry": {
        "type": "Polygon",
        "coordinates": [
          [
            [
              5.5661281,
              50.5818841
            ],
            [
              5.5660889,
              50.5819185
            ],
            [
              5.5660764,
              50.5819294
            ],
            [
              5.566048,
              50.5819163
            ],
            [
              5.5660238,
              50.5819052
            ],
            [
              5.5660361,
              50.5818945
            ],
            [
              5.5660491,
              50.5818831
            ],
            [
              5.5660756,
              50.5818598
            ],
            [
              5.5661004,
              50.5818713
            ],
            [
              5.5661281,
              50.5818841
            ]
          ]
        ]
      },
      "id": "way/1548192103"
    },
    {
      "type": "Feature",
      "properties": {
        "@id": "way/1548192105",
        "description": "Salle de cours",
        "height": "3",
        "indoor": "room",
        "level": "-1",
        "name": "S34",
        "ref": "-1/34"
      },
      "geometry": {
        "type": "Polygon",
        "coordinates": [
          [
            [
              5.5659087,
              50.5818189
            ],
            [
              5.5659828,
              50.5817541
            ],
            [
              5.5659962,
              50.5817423
            ],
            [
              5.5660901,
              50.5817856
            ],
            [
              5.5660296,
              50.5818386
            ],
            [
              5.566027,
              50.5818395
            ],
            [
              5.5660018,
              50.5818615
            ],
            [
              5.5659297,
              50.5818285
            ],
            [
              5.5659087,
              50.5818189
            ]
          ]
        ]
      },
      "id": "way/1548192105"
    },
    {
      "type": "Feature",
      "properties": {
        "@id": "way/1548192106",
        "description": "Salle de cours",
        "height": "3",
        "indoor": "room",
        "level": "-1",
        "name": "S32",
        "ref": "-1/32"
      },
      "geometry": {
        "type": "Polygon",
        "coordinates": [
          [
            [
              5.5658253,
              50.5817805
            ],
            [
              5.5658993,
              50.5817157
            ],
            [
              5.5659127,
              50.5817039
            ],
            [
              5.5659544,
              50.5817231
            ],
            [
              5.5659962,
              50.5817423
            ],
            [
              5.5659828,
              50.5817541
            ],
            [
              5.5659087,
              50.5818189
            ],
            [
              5.5658461,
              50.5817901
            ],
            [
              5.5658253,
              50.5817805
            ]
          ]
        ]
      },
      "id": "way/1548192106"
    },
    {
      "type": "Feature",
      "properties": {
        "@id": "way/1548192107",
        "description": "Salle de cours",
        "height": "3",
        "indoor": "room",
        "level": "-1",
        "name": "S30",
        "ref": "-1/30"
      },
      "geometry": {
        "type": "Polygon",
        "coordinates": [
          [
            [
              5.5657419,
              50.5817421
            ],
            [
              5.565785,
              50.5817044
            ],
            [
              5.5658161,
              50.5816771
            ],
            [
              5.5658294,
              50.5816655
            ],
            [
              5.5659127,
              50.5817039
            ],
            [
              5.5658993,
              50.5817157
            ],
            [
              5.5658253,
              50.5817805
            ],
            [
              5.5657628,
              50.5817517
            ],
            [
              5.5657419,
              50.5817421
            ]
          ]
        ]
      },
      "id": "way/1548192107"
    },
    {
      "type": "Feature",
      "properties": {
        "@id": "way/1548192108",
        "description": "Salle de cours",
        "height": "3",
        "indoor": "room",
        "level": "-1",
        "name": "S28",
        "ref": "-1/28"
      },
      "geometry": {
        "type": "Polygon",
        "coordinates": [
          [
            [
              5.5656585,
              50.5817037
            ],
            [
              5.5657016,
              50.581666
            ],
            [
              5.5657327,
              50.5816387
            ],
            [
              5.565746,
              50.5816271
            ],
            [
              5.5657875,
              50.5816462
            ],
            [
              5.5658294,
              50.5816655
            ],
            [
              5.5658143,
              50.5816787
            ],
            [
              5.565785,
              50.5817044
            ],
            [
              5.5657419,
              50.5817421
            ],
            [
              5.5656795,
              50.5817134
            ],
            [
              5.5656585,
              50.5817037
            ]
          ]
        ]
      },
      "id": "way/1548192108"
    },
    {
      "type": "Feature",
      "properties": {
        "@id": "way/1548192109",
        "description": "Salle de cours",
        "height": "3",
        "indoor": "room",
        "level": "-1",
        "name": "S26",
        "ref": "-1/26"
      },
      "geometry": {
        "type": "Polygon",
        "coordinates": [
          [
            [
              5.5655752,
              50.5816654
            ],
            [
              5.5656494,
              50.5816005
            ],
            [
              5.5656627,
              50.5815888
            ],
            [
              5.565746,
              50.5816271
            ],
            [
              5.5657327,
              50.5816387
            ],
            [
              5.5657016,
              50.581666
            ],
            [
              5.5656585,
              50.5817037
            ],
            [
              5.5655961,
              50.581675
            ],
            [
              5.5655752,
              50.5816654
            ]
          ]
        ]
      },
      "id": "way/1548192109"
    },
    {
      "type": "Feature",
      "properties": {
        "@id": "way/1548192110",
        "description": "Salle de cours",
        "height": "3",
        "indoor": "room",
        "level": "-1",
        "name": "S24",
        "ref": "-1/24"
      },
      "geometry": {
        "type": "Polygon",
        "coordinates": [
          [
            [
              5.5654918,
              50.581627
            ],
            [
              5.5655658,
              50.5815622
            ],
            [
              5.5655794,
              50.5815504
            ],
            [
              5.5656211,
              50.5815696
            ],
            [
              5.5656627,
              50.5815888
            ],
            [
              5.5656494,
              50.5816005
            ],
            [
              5.5655752,
              50.5816654
            ],
            [
              5.5655126,
              50.5816365
            ],
            [
              5.5654918,
              50.581627
            ]
          ]
        ]
      },
      "id": "way/1548192110"
    },
    {
      "type": "Feature",
      "properties": {
        "@id": "way/1548192111",
        "description": "Salle de cours",
        "height": "3",
        "indoor": "room",
        "level": "-1",
        "name": "S22",
        "ref": "-1/22"
      },
      "geometry": {
        "type": "Polygon",
        "coordinates": [
          [
            [
              5.5653972,
              50.5815837
            ],
            [
              5.5654445,
              50.5815422
            ],
            [
              5.5654849,
              50.5815069
            ],
            [
              5.5655794,
              50.5815504
            ],
            [
              5.5655658,
              50.5815622
            ],
            [
              5.5654918,
              50.581627
            ],
            [
              5.5654291,
              50.5815983
            ],
            [
              5.5653972,
              50.5815837
            ]
          ]
        ]
      },
      "id": "way/1548192111"
    },
    {
      "type": "Feature",
      "properties": {
        "@id": "way/1548192112",
        "access": "no",
        "height": "3.55",
        "indoor": "room",
        "level": "-1",
        "ref": "-1/20c"
      },
      "geometry": {
        "type": "Polygon",
        "coordinates": [
          [
            [
              5.5652444,
              50.5816561
            ],
            [
              5.5652838,
              50.5816215
            ],
            [
              5.5652904,
              50.5816157
            ],
            [
              5.5653122,
              50.5816257
            ],
            [
              5.565314,
              50.5816265
            ],
            [
              5.5652934,
              50.5816447
            ],
            [
              5.5653159,
              50.5816549
            ],
            [
              5.5652904,
              50.5816773
            ],
            [
              5.5652681,
              50.581667
            ],
            [
              5.5652558,
              50.5816613
            ],
            [
              5.5652444,
              50.5816561
            ]
          ]
        ]
      },
      "id": "way/1548192112"
    },
    {
      "type": "Feature",
      "properties": {
        "@id": "way/1548192113",
        "amenity": "toilets",
        "fee": "no",
        "female": "yes",
        "height": "2.35",
        "indoor": "room",
        "level": "-1",
        "male": "yes",
        "official_ref": "-1/20a;-1/20b",
        "ref": "-1/20",
        "wheelchair": "no"
      },
      "geometry": {
        "type": "Polygon",
        "coordinates": [
          [
            [
              5.5651918,
              50.5816319
            ],
            [
              5.5652313,
              50.5815972
            ],
            [
              5.5652433,
              50.5815868
            ],
            [
              5.5652721,
              50.5816
            ],
            [
              5.5652959,
              50.5816109
            ],
            [
              5.5652904,
              50.5816157
            ],
            [
              5.5652838,
              50.5816215
            ],
            [
              5.5652444,
              50.5816561
            ],
            [
              5.5652196,
              50.5816447
            ],
            [
              5.5651918,
              50.5816319
            ]
          ]
        ]
      },
      "id": "way/1548192113"
    },
    {
      "type": "Feature",
      "properties": {
        "@id": "way/1548192116",
        "description": "Labo",
        "height": "3.9",
        "indoor": "room",
        "level": "1",
        "ref": "1/4"
      },
      "geometry": {
        "type": "Polygon",
        "coordinates": [
          [
            [
              5.5654076,
              50.5818121
            ],
            [
              5.5653316,
              50.5817771
            ],
            [
              5.5653243,
              50.5817738
            ],
            [
              5.5652303,
              50.5817305
            ],
            [
              5.5652904,
              50.5816773
            ],
            [
              5.5653159,
              50.5816549
            ],
            [
              5.5653366,
              50.5816368
            ],
            [
              5.5653421,
              50.581632
            ],
            [
              5.5653738,
              50.5816465
            ],
            [
              5.5654157,
              50.5816658
            ],
            [
              5.5654365,
              50.5816753
            ],
            [
              5.5654441,
              50.5816787
            ],
            [
              5.5654988,
              50.5817041
            ],
            [
              5.56552,
              50.5817137
            ],
            [
              5.5654211,
              50.5818003
            ],
            [
              5.5654076,
              50.5818121
            ]
          ]
        ]
      },
      "id": "way/1548192116"
    },
    {
      "type": "Feature",
      "properties": {
        "@id": "way/1548192117",
        "description": "Labo",
        "height": "3.9",
        "indoor": "room",
        "level": "1",
        "ref": "1/8"
      },
      "geometry": {
        "type": "Polygon",
        "coordinates": [
          [
            [
              5.56552,
              50.5817137
            ],
            [
              5.5655407,
              50.5817232
            ],
            [
              5.5656449,
              50.5817713
            ],
            [
              5.5656509,
              50.581774
            ],
            [
              5.5656866,
              50.5817905
            ],
            [
              5.5656051,
              50.5818617
            ],
            [
              5.5655877,
              50.581877
            ],
            [
              5.5655743,
              50.5818889
            ],
            [
              5.5655669,
              50.5818855
            ],
            [
              5.5655328,
              50.5818698
            ],
            [
              5.5654149,
              50.5818155
            ],
            [
              5.5654076,
              50.5818121
            ],
            [
              5.5654211,
              50.5818003
            ],
            [
              5.56552,
              50.5817137
            ]
          ]
        ]
      },
      "id": "way/1548192117"
    },
    {
      "type": "Feature",
      "properties": {
        "@id": "way/1548192118",
        "description": "Labo",
        "height": "3.9",
        "indoor": "room",
        "level": "1",
        "ref": "1/9b"
      },
      "geometry": {
        "type": "Polygon",
        "coordinates": [
          [
            [
              5.5656051,
              50.5818617
            ],
            [
              5.5656866,
              50.5817905
            ],
            [
              5.5657075,
              50.5818001
            ],
            [
              5.5657286,
              50.5818098
            ],
            [
              5.5656721,
              50.5818592
            ],
            [
              5.5656471,
              50.581881
            ],
            [
              5.5656263,
              50.5818714
            ],
            [
              5.5656051,
              50.5818617
            ]
          ]
        ]
      },
      "id": "way/1548192118"
    },
    {
      "type": "Feature",
      "properties": {
        "@id": "way/1548192119",
        "description": "Labo",
        "height": "3.9",
        "indoor": "room",
        "level": "1",
        "ref": "1/9a"
      },
      "geometry": {
        "type": "Polygon",
        "coordinates": [
          [
            [
              5.5656471,
              50.581881
            ],
            [
              5.5656299,
              50.5818961
            ],
            [
              5.5656161,
              50.5819082
            ],
            [
              5.5655743,
              50.5818889
            ],
            [
              5.5655877,
              50.581877
            ],
            [
              5.5656051,
              50.5818617
            ],
            [
              5.5656263,
              50.5818714
            ],
            [
              5.5656471,
              50.581881
            ]
          ]
        ]
      },
      "id": "way/1548192119"
    },
    {
      "type": "Feature",
      "properties": {
        "@id": "way/1548192120",
        "description": "Labo",
        "height": "3.9",
        "indoor": "room",
        "level": "1",
        "ref": "1/10b"
      },
      "geometry": {
        "type": "Polygon",
        "coordinates": [
          [
            [
              5.5656721,
              50.5818592
            ],
            [
              5.5657286,
              50.5818098
            ],
            [
              5.5657493,
              50.5818193
            ],
            [
              5.5657701,
              50.5818288
            ],
            [
              5.5657136,
              50.5818783
            ],
            [
              5.5656931,
              50.5818689
            ],
            [
              5.5656721,
              50.5818592
            ]
          ]
        ]
      },
      "id": "way/1548192120"
    },
    {
      "type": "Feature",
      "properties": {
        "@id": "way/1548192121",
        "description": "Labo",
        "height": "3.9",
        "indoor": "room",
        "level": "1",
        "ref": "1/10a"
      },
      "geometry": {
        "type": "Polygon",
        "coordinates": [
          [
            [
              5.5657136,
              50.5818783
            ],
            [
              5.5656714,
              50.5819152
            ],
            [
              5.5656577,
              50.5819273
            ],
            [
              5.5656161,
              50.5819082
            ],
            [
              5.5656299,
              50.5818961
            ],
            [
              5.5656471,
              50.581881
            ],
            [
              5.5656721,
              50.5818592
            ],
            [
              5.5656931,
              50.5818689
            ],
            [
              5.5657136,
              50.5818783
            ]
          ]
        ]
      },
      "id": "way/1548192121"
    },
    {
      "type": "Feature",
      "properties": {
        "@id": "way/1548192122",
        "description": "Labo",
        "height": "3.9",
        "indoor": "room",
        "level": "1",
        "ref": "1/14"
      },
      "geometry": {
        "type": "Polygon",
        "coordinates": [
          [
            [
              5.565916,
              50.581896
            ],
            [
              5.5659465,
              50.58191
            ],
            [
              5.5659256,
              50.5819287
            ],
            [
              5.5658927,
              50.5819581
            ],
            [
              5.5658662,
              50.5819818
            ],
            [
              5.5658349,
              50.582009
            ],
            [
              5.5657759,
              50.5819817
            ],
            [
              5.5656918,
              50.581943
            ],
            [
              5.5656577,
              50.5819273
            ],
            [
              5.5656714,
              50.5819152
            ],
            [
              5.5657136,
              50.5818783
            ],
            [
              5.5657701,
              50.5818288
            ],
            [
              5.5657909,
              50.5818384
            ],
            [
              5.5658042,
              50.5818445
            ],
            [
              5.5659021,
              50.5818896
            ],
            [
              5.565916,
              50.581896
            ]
          ]
        ]
      },
      "id": "way/1548192122"
    },
    {
      "type": "Feature",
      "properties": {
        "@id": "way/1548192123",
        "description": "Salle de TP",
        "height": "3.9",
        "indoor": "room",
        "level": "1",
        "ref": "1/34"
      },
      "geometry": {
        "type": "Polygon",
        "coordinates": [
          [
            [
              5.5658837,
              50.5818407
            ],
            [
              5.5659087,
              50.5818189
            ],
            [
              5.5659828,
              50.5817541
            ],
            [
              5.5659962,
              50.5817423
            ],
            [
              5.5660901,
              50.5817856
            ],
            [
              5.5660296,
              50.5818386
            ],
            [
              5.566027,
              50.5818395
            ],
            [
              5.5660018,
              50.5818615
            ],
            [
              5.5659767,
              50.5818835
            ],
            [
              5.5659324,
              50.5818631
            ],
            [
              5.5659047,
              50.5818503
            ],
            [
              5.5658837,
              50.5818407
            ]
          ]
        ]
      },
      "id": "way/1548192123"
    },
    {
      "type": "Feature",
      "properties": {
        "@id": "way/1548192124",
        "description": "Salle de TP",
        "height": "3.9",
        "indoor": "room",
        "level": "1",
        "ref": "1/32"
      },
      "geometry": {
        "type": "Polygon",
        "coordinates": [
          [
            [
              5.5659127,
              50.5817039
            ],
            [
              5.5659544,
              50.5817231
            ],
            [
              5.5659962,
              50.5817423
            ],
            [
              5.5659828,
              50.5817541
            ],
            [
              5.5659087,
              50.5818189
            ],
            [
              5.5658837,
              50.5818407
            ],
            [
              5.5658213,
              50.5818119
            ],
            [
              5.5658004,
              50.5818023
            ],
            [
              5.5658253,
              50.5817805
            ],
            [
              5.5658993,
              50.5817157
            ],
            [
              5.5659127,
              50.5817039
            ]
          ]
        ]
      },
      "id": "way/1548192124"
    },
    {
      "type": "Feature",
      "properties": {
        "@id": "way/1548192126",
        "height": "3.9",
        "indoor": "room",
        "level": "1",
        "ref": "0/28b"
      },
      "geometry": {
        "type": "Polygon",
        "coordinates": [
          [
            [
              5.5657432,
              50.5816851
            ],
            [
              5.5657741,
              50.5816579
            ],
            [
              5.5657875,
              50.5816462
            ],
            [
              5.5658294,
              50.5816655
            ],
            [
              5.5658161,
              50.5816771
            ],
            [
              5.5658143,
              50.5816787
            ],
            [
              5.565785,
              50.5817044
            ],
            [
              5.5657643,
              50.5816948
            ],
            [
              5.5657432,
              50.5816851
            ]
          ]
        ]
      },
      "id": "way/1548192126"
    },
    {
      "type": "Feature",
      "properties": {
        "@id": "way/1548192127",
        "height": "3.9",
        "indoor": "room",
        "level": "1",
        "ref": "0/27"
      },
      "geometry": {
        "type": "Polygon",
        "coordinates": [
          [
            [
              5.5657016,
              50.581666
            ],
            [
              5.5657327,
              50.5816387
            ],
            [
              5.565746,
              50.5816271
            ],
            [
              5.5657875,
              50.5816462
            ],
            [
              5.5657741,
              50.5816579
            ],
            [
              5.5657432,
              50.5816851
            ],
            [
              5.5657224,
              50.5816756
            ],
            [
              5.5657016,
              50.581666
            ]
          ]
        ]
      },
      "id": "way/1548192127"
    },
    {
      "type": "Feature",
      "properties": {
        "@id": "way/1548192128",
        "height": "3.9",
        "indoor": "room",
        "level": "1",
        "ref": "0/28a"
      },
      "geometry": {
        "type": "Polygon",
        "coordinates": [
          [
            [
              5.5656336,
              50.5817256
            ],
            [
              5.5656585,
              50.5817037
            ],
            [
              5.5657016,
              50.581666
            ],
            [
              5.5657224,
              50.5816756
            ],
            [
              5.5657432,
              50.5816851
            ],
            [
              5.5657643,
              50.5816948
            ],
            [
              5.565785,
              50.5817044
            ],
            [
              5.5657419,
              50.5817421
            ],
            [
              5.565717,
              50.581764
            ],
            [
              5.5656812,
              50.5817475
            ],
            [
              5.5656679,
              50.5817413
            ],
            [
              5.5656545,
              50.5817352
            ],
            [
              5.5656336,
              50.5817256
            ]
          ]
        ]
      },
      "id": "way/1548192128"
    },
    {
      "type": "Feature",
      "properties": {
        "@id": "way/1548192129",
        "description": "Salle de TP",
        "height": "3.9",
        "indoor": "room",
        "level": "1",
        "ref": "1/26"
      },
      "geometry": {
        "type": "Polygon",
        "coordinates": [
          [
            [
              5.5655502,
              50.5816872
            ],
            [
              5.5655752,
              50.5816654
            ],
            [
              5.5656494,
              50.5816005
            ],
            [
              5.5656627,
              50.5815888
            ],
            [
              5.565746,
              50.5816271
            ],
            [
              5.5657327,
              50.5816387
            ],
            [
              5.5657016,
              50.581666
            ],
            [
              5.5656585,
              50.5817037
            ],
            [
              5.5656336,
              50.5817256
            ],
            [
              5.5655711,
              50.5816968
            ],
            [
              5.5655502,
              50.5816872
            ]
          ]
        ]
      },
      "id": "way/1548192129"
    },
    {
      "type": "Feature",
      "properties": {
        "@id": "way/1548192130",
        "description": "Salle de TP",
        "height": "3.9",
        "indoor": "room",
        "level": "1",
        "ref": "1/24"
      },
      "geometry": {
        "type": "Polygon",
        "coordinates": [
          [
            [
              5.5654669,
              50.5816488
            ],
            [
              5.5654918,
              50.581627
            ],
            [
              5.5655658,
              50.5815622
            ],
            [
              5.5655794,
              50.5815504
            ],
            [
              5.5656211,
              50.5815696
            ],
            [
              5.5656627,
              50.5815888
            ],
            [
              5.5656494,
              50.5816005
            ],
            [
              5.5655752,
              50.5816654
            ],
            [
              5.5655502,
              50.5816872
            ],
            [
              5.5654878,
              50.5816585
            ],
            [
              5.5654669,
              50.5816488
            ]
          ]
        ]
      },
      "id": "way/1548192130"
    },
    {
      "type": "Feature",
      "properties": {
        "@id": "way/1548192131",
        "description": "Salle de TP",
        "height": "3.9",
        "indoor": "room",
        "level": "1",
        "ref": "1/22"
      },
      "geometry": {
        "type": "Polygon",
        "coordinates": [
          [
            [
              5.5654849,
              50.5815069
            ],
            [
              5.5655794,
              50.5815504
            ],
            [
              5.5655658,
              50.5815622
            ],
            [
              5.5654918,
              50.581627
            ],
            [
              5.5654669,
              50.5816488
            ],
            [
              5.5654169,
              50.5816258
            ],
            [
              5.5654043,
              50.5816201
            ],
            [
              5.5653725,
              50.5816054
            ],
            [
              5.5653972,
              50.5815837
            ],
            [
              5.5654445,
              50.5815422
            ],
            [
              5.5654849,
              50.5815069
            ]
          ]
        ]
      },
      "id": "way/1548192131"
    },
    {
      "type": "Feature",
      "properties": {
        "@id": "way/1548192132",
        "description": "Salle de cours",
        "height": "3.85",
        "indoor": "room",
        "level": "1",
        "ref": "1/19"
      },
      "geometry": {
        "type": "Polygon",
        "coordinates": [
          [
            [
              5.5652667,
              50.5815662
            ],
            [
              5.5653298,
              50.581511
            ],
            [
              5.5653572,
              50.5815234
            ],
            [
              5.5653784,
              50.581533
            ],
            [
              5.565381,
              50.5815342
            ],
            [
              5.5653496,
              50.5815618
            ],
            [
              5.5653312,
              50.581578
            ],
            [
              5.565318,
              50.5815896
            ],
            [
              5.5652667,
              50.5815662
            ]
          ]
        ]
      },
      "id": "way/1548192132"
    },
    {
      "type": "Feature",
      "properties": {
        "@id": "way/1548192136",
        "incline": "against",
        "indoor": "room",
        "level": "-1;0;1;2",
        "stairs": "yes"
      },
      "geometry": {
        "type": "Polygon",
        "coordinates": [
          [
            [
              5.5659256,
              50.5819287
            ],
            [
              5.5659488,
              50.5819392
            ],
            [
              5.5659732,
              50.5819503
            ],
            [
              5.5659388,
              50.5819804
            ],
            [
              5.5659408,
              50.5819813
            ],
            [
              5.5659147,
              50.5820041
            ],
            [
              5.5659113,
              50.5820025
            ],
            [
              5.5658662,
              50.5819818
            ],
            [
              5.5658927,
              50.5819581
            ],
            [
              5.5659256,
              50.5819287
            ]
          ]
        ]
      },
      "id": "way/1548192136"
    },
    {
      "type": "Feature",
      "properties": {
        "@id": "way/1548192137",
        "amenity": "toilets",
        "fee": "no",
        "female": "yes",
        "height": "2.35",
        "indoor": "room",
        "level": "1",
        "male": "yes",
        "official_ref": "1/36a;1/36b",
        "ref": "1/36",
        "wheelchair": "no"
      },
      "geometry": {
        "type": "Polygon",
        "coordinates": [
          [
            [
              5.5660238,
              50.5819052
            ],
            [
              5.5660361,
              50.5818945
            ],
            [
              5.5660491,
              50.5818831
            ],
            [
              5.5660756,
              50.5818598
            ],
            [
              5.5661004,
              50.5818713
            ],
            [
              5.5661281,
              50.5818841
            ],
            [
              5.5660889,
              50.5819185
            ],
            [
              5.5660764,
              50.5819294
            ],
            [
              5.566048,
              50.5819163
            ],
            [
              5.5660238,
              50.5819052
            ]
          ]
        ]
      },
      "id": "way/1548192137"
    },
    {
      "type": "Feature",
      "properties": {
        "@id": "way/1548192138",
        "description": "Salle de cours",
        "height": "3.25",
        "indoor": "room",
        "level": "1",
        "ref": "1/35"
      },
      "geometry": {
        "type": "Polygon",
        "coordinates": [
          [
            [
              5.5659767,
              50.5818835
            ],
            [
              5.5660018,
              50.5818615
            ],
            [
              5.566027,
              50.5818395
            ],
            [
              5.5660296,
              50.5818386
            ],
            [
              5.5660526,
              50.5818492
            ],
            [
              5.5660756,
              50.5818598
            ],
            [
              5.5660491,
              50.5818831
            ],
            [
              5.5660361,
              50.5818945
            ],
            [
              5.5660238,
              50.5819052
            ],
            [
              5.5660004,
              50.5818944
            ],
            [
              5.5659767,
              50.5818835
            ]
          ]
        ]
      },
      "id": "way/1548192138"
    },
    {
      "type": "Feature",
      "properties": {
        "@id": "way/1548192139",
        "indoor": "corridor",
        "level": "1"
      },
      "geometry": {
        "type": "Polygon",
        "coordinates": [
          [
            [
              5.5652904,
              50.5816157
            ],
            [
              5.5652959,
              50.5816109
            ],
            [
              5.5652721,
              50.5816
            ],
            [
              5.5652433,
              50.5815868
            ],
            [
              5.5652667,
              50.5815662
            ],
            [
              5.565318,
              50.5815896
            ],
            [
              5.5653312,
              50.581578
            ],
            [
              5.5653496,
              50.5815618
            ],
            [
              5.5653738,
              50.5815729
            ],
            [
              5.5653972,
              50.5815837
            ],
            [
              5.5653725,
              50.5816054
            ],
            [
              5.5654043,
              50.5816201
            ],
            [
              5.5654169,
              50.5816258
            ],
            [
              5.5654669,
              50.5816488
            ],
            [
              5.5654878,
              50.5816585
            ],
            [
              5.5655502,
              50.5816872
            ],
            [
              5.5655711,
              50.5816968
            ],
            [
              5.5656545,
              50.5817352
            ],
            [
              5.5656679,
              50.5817413
            ],
            [
              5.5656812,
              50.5817475
            ],
            [
              5.5657378,
              50.5817736
            ],
            [
              5.5658004,
              50.5818023
            ],
            [
              5.5658213,
              50.5818119
            ],
            [
              5.5658837,
              50.5818407
            ],
            [
              5.5659047,
              50.5818503
            ],
            [
              5.5659324,
              50.5818631
            ],
            [
              5.5659767,
              50.5818835
            ],
            [
              5.5660238,
              50.5819052
            ],
            [
              5.5660764,
              50.5819294
            ],
            [
              5.5660253,
              50.5819743
            ],
            [
              5.5659909,
              50.5820044
            ],
            [
              5.5659872,
              50.5820027
            ],
            [
              5.5659635,
              50.5819918
            ],
            [
              5.5659408,
              50.5819813
            ],
            [
              5.5659388,
              50.5819804
            ],
            [
              5.5659732,
              50.5819503
            ],
            [
              5.5659488,
              50.5819392
            ],
            [
              5.5659256,
              50.5819287
            ],
            [
              5.5659465,
              50.58191
            ],
            [
              5.565916,
              50.581896
            ],
            [
              5.5659021,
              50.5818896
            ],
            [
              5.5658042,
              50.5818445
            ],
            [
              5.5657909,
              50.5818384
            ],
            [
              5.5657701,
              50.5818288
            ],
            [
              5.5657493,
              50.5818193
            ],
            [
              5.5657286,
              50.5818098
            ],
            [
              5.5657075,
              50.5818001
            ],
            [
              5.5656866,
              50.5817905
            ],
            [
              5.5656509,
              50.581774
            ],
            [
              5.5655407,
              50.5817232
            ],
            [
              5.5654988,
              50.5817041
            ],
            [
              5.5654441,
              50.5816787
            ],
            [
              5.5654365,
              50.5816753
            ],
            [
              5.5654157,
              50.5816658
            ],
            [
              5.5653738,
              50.5816465
            ],
            [
              5.5653421,
              50.581632
            ],
            [
              5.5653366,
              50.5816368
            ],
            [
              5.565314,
              50.5816265
            ],
            [
              5.5652904,
              50.5816157
            ]
          ]
        ]
      },
      "id": "way/1548192139"
    },
    {
      "type": "Feature",
      "properties": {
        "@id": "way/1548192140",
        "access": "no",
        "height": "3.9",
        "indoor": "room",
        "level": "1",
        "ref": "1/20c"
      },
      "geometry": {
        "type": "Polygon",
        "coordinates": [
          [
            [
              5.5653122,
              50.5816257
            ],
            [
              5.565314,
              50.5816265
            ],
            [
              5.5652934,
              50.5816447
            ],
            [
              5.5653159,
              50.5816549
            ],
            [
              5.5652904,
              50.5816773
            ],
            [
              5.5652681,
              50.581667
            ],
            [
              5.5652444,
              50.5816561
            ],
            [
              5.5652838,
              50.5816215
            ],
            [
              5.5652904,
              50.5816157
            ],
            [
              5.5653122,
              50.5816257
            ]
          ]
        ]
      },
      "id": "way/1548192140"
    },
    {
      "type": "Feature",
      "properties": {
        "@id": "way/1548192141",
        "amenity": "toilets",
        "fee": "no",
        "female": "yes",
        "height": "2.35",
        "indoor": "room",
        "level": "1",
        "male": "yes",
        "official_ref": "1/20a;1/20b",
        "ref": "1/20",
        "wheelchair": "no"
      },
      "geometry": {
        "type": "Polygon",
        "coordinates": [
          [
            [
              5.5652444,
              50.5816561
            ],
            [
              5.5652196,
              50.5816447
            ],
            [
              5.5651918,
              50.5816319
            ],
            [
              5.5652313,
              50.5815972
            ],
            [
              5.5652433,
              50.5815868
            ],
            [
              5.5652721,
              50.5816
            ],
            [
              5.5652959,
              50.5816109
            ],
            [
              5.5652904,
              50.5816157
            ],
            [
              5.5652838,
              50.5816215
            ],
            [
              5.5652444,
              50.5816561
            ]
          ]
        ]
      },
      "id": "way/1548192141"
    },
    {
      "type": "Feature",
      "properties": {
        "@id": "way/1548192142",
        "incline": "against",
        "indoor": "room",
        "level": "-1;0;1;2",
        "stairs": "yes"
      },
      "geometry": {
        "type": "Polygon",
        "coordinates": [
          [
            [
              5.5653496,
              50.5815618
            ],
            [
              5.565381,
              50.5815342
            ],
            [
              5.5653784,
              50.581533
            ],
            [
              5.5653942,
              50.5815191
            ],
            [
              5.5654445,
              50.5815422
            ],
            [
              5.5653972,
              50.5815837
            ],
            [
              5.5653738,
              50.5815729
            ],
            [
              5.5653496,
              50.5815618
            ]
          ]
        ]
      },
      "id": "way/1548192142"
    },
    {
      "type": "Feature",
      "properties": {
        "@id": "way/1548192143",
        "highway": "elevator",
        "indoor": "room",
        "level": "-1;0;1",
        "wheelchair": "yes"
      },
      "geometry": {
        "type": "Polygon",
        "coordinates": [
          [
            [
              5.565314,
              50.5816265
            ],
            [
              5.5653366,
              50.5816368
            ],
            [
              5.5653159,
              50.5816549
            ],
            [
              5.5652934,
              50.5816447
            ],
            [
              5.565314,
              50.5816265
            ]
          ]
        ]
      },
      "id": "way/1548192143"
    },
    {
      "type": "Feature",
      "properties": {
        "@id": "way/1548192144",
        "indoor": "corridor",
        "level": "0"
      },
      "geometry": {
        "type": "Polygon",
        "coordinates": [
          [
            [
              5.5652444,
              50.5816561
            ],
            [
              5.5652838,
              50.5816215
            ],
            [
              5.5652904,
              50.5816157
            ],
            [
              5.5652959,
              50.5816109
            ],
            [
              5.5652721,
              50.5816
            ],
            [
              5.5652433,
              50.5815868
            ],
            [
              5.5652667,
              50.5815662
            ],
            [
              5.565318,
              50.5815896
            ],
            [
              5.5653312,
              50.581578
            ],
            [
              5.5653496,
              50.5815618
            ],
            [
              5.5653738,
              50.5815729
            ],
            [
              5.5653972,
              50.5815837
            ],
            [
              5.5653725,
              50.5816054
            ],
            [
              5.5653918,
              50.5816143
            ],
            [
              5.5654043,
              50.5816201
            ],
            [
              5.5654169,
              50.5816258
            ],
            [
              5.5654669,
              50.5816488
            ],
            [
              5.5654878,
              50.5816585
            ],
            [
              5.5655086,
              50.5816681
            ],
            [
              5.5655711,
              50.5816968
            ],
            [
              5.5656336,
              50.5817256
            ],
            [
              5.5656545,
              50.5817352
            ],
            [
              5.5656679,
              50.5817413
            ],
            [
              5.5656812,
              50.5817475
            ],
            [
              5.565717,
              50.581764
            ],
            [
              5.5657378,
              50.5817736
            ],
            [
              5.5658213,
              50.5818119
            ],
            [
              5.565842,
              50.5818216
            ],
            [
              5.5659047,
              50.5818503
            ],
            [
              5.5659324,
              50.5818631
            ],
            [
              5.5659767,
              50.5818835
            ],
            [
              5.5660004,
              50.5818944
            ],
            [
              5.5660238,
              50.5819052
            ],
            [
              5.566048,
              50.5819163
            ],
            [
              5.5660764,
              50.5819294
            ],
            [
              5.5660253,
              50.5819743
            ],
            [
              5.5659909,
              50.5820044
            ],
            [
              5.5659872,
              50.5820027
            ],
            [
              5.5659408,
              50.5819813
            ],
            [
              5.5659388,
              50.5819804
            ],
            [
              5.5659732,
              50.5819503
            ],
            [
              5.5659488,
              50.5819392
            ],
            [
              5.5659256,
              50.5819287
            ],
            [
              5.5659465,
              50.58191
            ],
            [
              5.565916,
              50.581896
            ],
            [
              5.5659021,
              50.5818896
            ],
            [
              5.5658535,
              50.5818672
            ],
            [
              5.5658327,
              50.5818576
            ],
            [
              5.5658042,
              50.5818445
            ],
            [
              5.5657701,
              50.5818288
            ],
            [
              5.5657493,
              50.5818193
            ],
            [
              5.5656509,
              50.581774
            ],
            [
              5.5656449,
              50.5817713
            ],
            [
              5.5656242,
              50.5817617
            ],
            [
              5.5655825,
              50.5817425
            ],
            [
              5.56552,
              50.5817137
            ],
            [
              5.5654988,
              50.5817041
            ],
            [
              5.5654441,
              50.5816787
            ],
            [
              5.5654365,
              50.5816753
            ],
            [
              5.5654157,
              50.5816658
            ],
            [
              5.5653738,
              50.5816465
            ],
            [
              5.5653421,
              50.581632
            ],
            [
              5.5653366,
              50.5816368
            ],
            [
              5.565314,
              50.5816265
            ],
            [
              5.5652934,
              50.5816447
            ],
            [
              5.565279,
              50.5816574
            ],
            [
              5.5652681,
              50.581667
            ],
            [
              5.5652558,
              50.5816613
            ],
            [
              5.5652444,
              50.5816561
            ]
          ]
        ]
      },
      "id": "way/1548192144"
    },
    {
      "type": "Feature",
      "properties": {
        "@id": "way/1548192148",
        "description": "Salle de cours",
        "height": "3.85",
        "indoor": "room",
        "level": "0",
        "name": "R19",
        "ref": "0/19"
      },
      "geometry": {
        "type": "Polygon",
        "coordinates": [
          [
            [
              5.5653784,
              50.581533
            ],
            [
              5.565381,
              50.5815342
            ],
            [
              5.5653496,
              50.5815618
            ],
            [
              5.5653312,
              50.581578
            ],
            [
              5.565318,
              50.5815896
            ],
            [
              5.5652667,
              50.5815662
            ],
            [
              5.5653298,
              50.581511
            ],
            [
              5.5653572,
              50.5815234
            ],
            [
              5.5653784,
              50.581533
            ]
          ]
        ]
      },
      "id": "way/1548192148"
    },
    {
      "type": "Feature",
      "properties": {
        "@id": "way/1548192149",
        "access": "no",
        "height": "3.55",
        "indoor": "room",
        "level": "0",
        "ref": "0/20c"
      },
      "geometry": {
        "type": "Polygon",
        "coordinates": [
          [
            [
              5.5652934,
              50.5816447
            ],
            [
              5.5653159,
              50.5816549
            ],
            [
              5.5652904,
              50.5816773
            ],
            [
              5.5652681,
              50.581667
            ],
            [
              5.565279,
              50.5816574
            ],
            [
              5.5652934,
              50.5816447
            ]
          ]
        ]
      },
      "id": "way/1548192149"
    },
    {
      "type": "Feature",
      "properties": {
        "@id": "way/1548192154",
        "amenity": "toilets",
        "fee": "no",
        "female": "yes",
        "height": "2.35",
        "indoor": "room",
        "level": "0",
        "male": "yes",
        "official_ref": "0/20a;0/20b",
        "ref": "0/20",
        "wheelchair": "no"
      },
      "geometry": {
        "type": "Polygon",
        "coordinates": [
          [
            [
              5.5652959,
              50.5816109
            ],
            [
              5.5652904,
              50.5816157
            ],
            [
              5.5652838,
              50.5816215
            ],
            [
              5.5652444,
              50.5816561
            ],
            [
              5.5652196,
              50.5816447
            ],
            [
              5.5651918,
              50.5816319
            ],
            [
              5.5652313,
              50.5815972
            ],
            [
              5.5652433,
              50.5815868
            ],
            [
              5.5652721,
              50.5816
            ],
            [
              5.5652959,
              50.5816109
            ]
          ]
        ]
      },
      "id": "way/1548192154"
    },
    {
      "type": "Feature",
      "properties": {
        "@id": "way/1548192159",
        "access": "no",
        "description": "HVAC",
        "height": "3.65",
        "indoor": "room",
        "level": "-1",
        "ref": "-1/13"
      },
      "geometry": {
        "type": "Polygon",
        "coordinates": [
          [
            [
              5.5658042,
              50.5818445
            ],
            [
              5.5658741,
              50.5818767
            ],
            [
              5.5659021,
              50.5818896
            ],
            [
              5.5659465,
              50.58191
            ],
            [
              5.5659256,
              50.5819287
            ],
            [
              5.5658927,
              50.5819581
            ],
            [
              5.5658334,
              50.581931
            ],
            [
              5.5657759,
              50.5819817
            ],
            [
              5.5657411,
              50.5819657
            ],
            [
              5.5656918,
              50.581943
            ],
            [
              5.5658042,
              50.5818445
            ]
          ]
        ]
      },
      "id": "way/1548192159"
    },
    {
      "type": "Feature",
      "properties": {
        "@id": "way/1548192160",
        "description": "Labo",
        "height": "3.95",
        "indoor": "room",
        "level": "0",
        "ref": "0/10"
      },
      "geometry": {
        "type": "Polygon",
        "coordinates": [
          [
            [
              5.5656449,
              50.5817713
            ],
            [
              5.5656509,
              50.581774
            ],
            [
              5.5657493,
              50.5818193
            ],
            [
              5.5657701,
              50.5818288
            ],
            [
              5.5656714,
              50.5819152
            ],
            [
              5.5656577,
              50.5819273
            ],
            [
              5.5655669,
              50.5818855
            ],
            [
              5.5655328,
              50.5818698
            ],
            [
              5.5655466,
              50.5818576
            ],
            [
              5.5656449,
              50.5817713
            ]
          ]
        ]
      },
      "id": "way/1548192160"
    },
    {
      "type": "Feature",
      "properties": {
        "@id": "way/1548192161",
        "description": "Labo",
        "height": "3.95",
        "indoor": "room",
        "level": "0",
        "ref": "0/7"
      },
      "geometry": {
        "type": "Polygon",
        "coordinates": [
          [
            [
              5.56552,
              50.5817137
            ],
            [
              5.5655825,
              50.5817425
            ],
            [
              5.5656242,
              50.5817617
            ],
            [
              5.5656449,
              50.5817713
            ],
            [
              5.5655466,
              50.5818576
            ],
            [
              5.5655328,
              50.5818698
            ],
            [
              5.5654149,
              50.5818155
            ],
            [
              5.5654076,
              50.5818121
            ],
            [
              5.5654211,
              50.5818003
            ],
            [
              5.56552,
              50.5817137
            ]
          ]
        ]
      },
      "id": "way/1548192161"
    },
    {
      "type": "Feature",
      "properties": {
        "@id": "way/1548192162",
        "description": "Labo",
        "height": "3.95",
        "indoor": "room",
        "level": "0",
        "ref": "0/4"
      },
      "geometry": {
        "type": "Polygon",
        "coordinates": [
          [
            [
              5.5654365,
              50.5816753
            ],
            [
              5.5654441,
              50.5816787
            ],
            [
              5.5654988,
              50.5817041
            ],
            [
              5.56552,
              50.5817137
            ],
            [
              5.5654211,
              50.5818003
            ],
            [
              5.5654076,
              50.5818121
            ],
            [
              5.5653316,
              50.5817771
            ],
            [
              5.5653243,
              50.5817738
            ],
            [
              5.5653381,
              50.5817617
            ],
            [
              5.5654365,
              50.5816753
            ]
          ]
        ]
      },
      "id": "way/1548192162"
    },
    {
      "type": "Feature",
      "properties": {
        "@id": "way/1548192163",
        "description": "Labo",
        "height": "3.95",
        "indoor": "room",
        "level": "0",
        "ref": "0/2"
      },
      "geometry": {
        "type": "Polygon",
        "coordinates": [
          [
            [
              5.5652303,
              50.5817305
            ],
            [
              5.5652904,
              50.5816773
            ],
            [
              5.5653159,
              50.5816549
            ],
            [
              5.5653366,
              50.5816368
            ],
            [
              5.5653421,
              50.581632
            ],
            [
              5.5653738,
              50.5816465
            ],
            [
              5.5654157,
              50.5816658
            ],
            [
              5.5654365,
              50.5816753
            ],
            [
              5.5653381,
              50.5817617
            ],
            [
              5.5653243,
              50.5817738
            ],
            [
              5.5652303,
              50.5817305
            ]
          ]
        ]
      },
      "id": "way/1548192163"
    },
    {
      "type": "Feature",
      "properties": {
        "@id": "way/1548192164",
        "description": "Salle de TP",
        "height": "3.95",
        "indoor": "room",
        "level": "0",
        "ref": "0/23"
      },
      "geometry": {
        "type": "Polygon",
        "coordinates": [
          [
            [
              5.5656211,
              50.5815696
            ],
            [
              5.5656078,
              50.5815812
            ],
            [
              5.5655086,
              50.5816681
            ],
            [
              5.5654878,
              50.5816585
            ],
            [
              5.5654669,
              50.5816488
            ],
            [
              5.5654169,
              50.5816258
            ],
            [
              5.5654043,
              50.5816201
            ],
            [
              5.5653918,
              50.5816143
            ],
            [
              5.5653725,
              50.5816054
            ],
            [
              5.5653972,
              50.5815837
            ],
            [
              5.5654445,
              50.5815422
            ],
            [
              5.5654849,
              50.5815069
            ],
            [
              5.5656211,
              50.5815696
            ]
          ]
        ]
      },
      "id": "way/1548192164"
    },
    {
      "type": "Feature",
      "properties": {
        "@id": "way/1548192165",
        "description": "Salle de TP",
        "height": "3.95",
        "indoor": "room",
        "level": "0",
        "ref": "0/26"
      },
      "geometry": {
        "type": "Polygon",
        "coordinates": [
          [
            [
              5.5656336,
              50.5817256
            ],
            [
              5.5655711,
              50.5816968
            ],
            [
              5.5655086,
              50.5816681
            ],
            [
              5.5656078,
              50.5815812
            ],
            [
              5.5656211,
              50.5815696
            ],
            [
              5.565746,
              50.5816271
            ],
            [
              5.5657327,
              50.5816387
            ],
            [
              5.5657016,
              50.581666
            ],
            [
              5.5656585,
              50.5817037
            ],
            [
              5.5656336,
              50.5817256
            ]
          ]
        ]
      },
      "id": "way/1548192165"
    },
    {
      "type": "Feature",
      "properties": {
        "@id": "way/1548192168",
        "height": "3.95",
        "indoor": "room",
        "level": "0",
        "ref": "0/27"
      },
      "geometry": {
        "type": "Polygon",
        "coordinates": [
          [
            [
              5.5657016,
              50.581666
            ],
            [
              5.5657327,
              50.5816387
            ],
            [
              5.565746,
              50.5816271
            ],
            [
              5.5657875,
              50.5816462
            ],
            [
              5.5657741,
              50.5816579
            ],
            [
              5.5657432,
              50.5816851
            ],
            [
              5.5657224,
              50.5816756
            ],
            [
              5.5657016,
              50.581666
            ]
          ]
        ]
      },
      "id": "way/1548192168"
    },
    {
      "type": "Feature",
      "properties": {
        "@id": "way/1548192169",
        "height": "3.95",
        "indoor": "room",
        "level": "0",
        "ref": "0/28b"
      },
      "geometry": {
        "type": "Polygon",
        "coordinates": [
          [
            [
              5.5657432,
              50.5816851
            ],
            [
              5.5657741,
              50.5816579
            ],
            [
              5.5657875,
              50.5816462
            ],
            [
              5.5658294,
              50.5816655
            ],
            [
              5.5658161,
              50.5816771
            ],
            [
              5.565785,
              50.5817044
            ],
            [
              5.5657643,
              50.5816948
            ],
            [
              5.5657432,
              50.5816851
            ]
          ]
        ]
      },
      "id": "way/1548192169"
    },
    {
      "type": "Feature",
      "properties": {
        "@id": "way/1548192170",
        "height": "3.95",
        "indoor": "room",
        "level": "0",
        "ref": "0/28a"
      },
      "geometry": {
        "type": "Polygon",
        "coordinates": [
          [
            [
              5.565785,
              50.5817044
            ],
            [
              5.5657419,
              50.5817421
            ],
            [
              5.565717,
              50.581764
            ],
            [
              5.5656812,
              50.5817475
            ],
            [
              5.5656679,
              50.5817413
            ],
            [
              5.5656545,
              50.5817352
            ],
            [
              5.5656336,
              50.5817256
            ],
            [
              5.5656585,
              50.5817037
            ],
            [
              5.5657016,
              50.581666
            ],
            [
              5.5657224,
              50.5816756
            ],
            [
              5.5657432,
              50.5816851
            ],
            [
              5.5657643,
              50.5816948
            ],
            [
              5.565785,
              50.5817044
            ]
          ]
        ]
      },
      "id": "way/1548192170"
    },
    {
      "type": "Feature",
      "properties": {
        "@id": "way/1548192171",
        "description": "Salle de TP",
        "height": "3.95",
        "indoor": "room",
        "level": "0",
        "ref": "0/31"
      },
      "geometry": {
        "type": "Polygon",
        "coordinates": [
          [
            [
              5.565842,
              50.5818216
            ],
            [
              5.5658213,
              50.5818119
            ],
            [
              5.5657378,
              50.5817736
            ],
            [
              5.565717,
              50.581764
            ],
            [
              5.5657419,
              50.5817421
            ],
            [
              5.565785,
              50.5817044
            ],
            [
              5.5658161,
              50.5816771
            ],
            [
              5.5658294,
              50.5816655
            ],
            [
              5.5659544,
              50.5817231
            ],
            [
              5.5659412,
              50.5817346
            ],
            [
              5.565842,
              50.5818216
            ]
          ]
        ]
      },
      "id": "way/1548192171"
    },
    {
      "type": "Feature",
      "properties": {
        "@id": "way/1548192172",
        "description": "Salle de cours",
        "height": "3.85",
        "indoor": "room",
        "level": "0",
        "ref": "0/35"
      },
      "geometry": {
        "type": "Polygon",
        "coordinates": [
          [
            [
              5.5660296,
              50.5818386
            ],
            [
              5.5660526,
              50.5818492
            ],
            [
              5.5660756,
              50.5818598
            ],
            [
              5.5660491,
              50.5818831
            ],
            [
              5.5660361,
              50.5818945
            ],
            [
              5.5660238,
              50.5819052
            ],
            [
              5.5660004,
              50.5818944
            ],
            [
              5.5659767,
              50.5818835
            ],
            [
              5.5660018,
              50.5818615
            ],
            [
              5.566027,
              50.5818395
            ],
            [
              5.5660296,
              50.5818386
            ]
          ]
        ]
      },
      "id": "way/1548192172"
    },
    {
      "type": "Feature",
      "properties": {
        "@id": "way/1548192173",
        "amenity": "toilets",
        "fee": "no",
        "female": "yes",
        "height": "2.35",
        "indoor": "room",
        "level": "0",
        "male": "yes",
        "official_ref": "0/36a;0/36b",
        "ref": "0/36",
        "wheelchair": "no"
      },
      "geometry": {
        "type": "Polygon",
        "coordinates": [
          [
            [
              5.5660756,
              50.5818598
            ],
            [
              5.5661004,
              50.5818713
            ],
            [
              5.5661281,
              50.5818841
            ],
            [
              5.5660889,
              50.5819185
            ],
            [
              5.5660764,
              50.5819294
            ],
            [
              5.566048,
              50.5819163
            ],
            [
              5.5660238,
              50.5819052
            ],
            [
              5.5660361,
              50.5818945
            ],
            [
              5.5660491,
              50.5818831
            ],
            [
              5.5660756,
              50.5818598
            ]
          ]
        ]
      },
      "id": "way/1548192173"
    },
    {
      "type": "Feature",
      "properties": {
        "@id": "way/1553316125",
        "access": "no",
        "height": "3.55",
        "indoor": "room",
        "level": "-2",
        "ref": "-2/20"
      },
      "geometry": {
        "type": "Polygon",
        "coordinates": [
          [
            [
              5.5691755,
              50.5837606
            ],
            [
              5.5692837,
              50.5837193
            ],
            [
              5.5693182,
              50.5837059
            ],
            [
              5.5695015,
              50.5837901
            ],
            [
              5.5695406,
              50.5838081
            ],
            [
              5.5695628,
              50.5838182
            ],
            [
              5.5695838,
              50.5838279
            ],
            [
              5.569659,
              50.5838625
            ],
            [
              5.5697575,
              50.5839077
            ],
            [
              5.5697315,
              50.583977
            ],
            [
              5.5698414,
              50.5840275
            ],
            [
              5.5698384,
              50.5840363
            ],
            [
              5.5698813,
              50.584056
            ],
            [
              5.5698468,
              50.5840694
            ],
            [
              5.5691755,
              50.5837606
            ]
          ]
        ]
      },
      "id": "way/1553316125"
    },
    {
      "type": "Feature",
      "properties": {
        "@id": "way/1553316126",
        "access": "no",
        "height": "3",
        "indoor": "room",
        "level": "-2",
        "official_ref": "-2/21a;-2/21b;-2/21c;-2/21d",
        "ref": "-2/21"
      },
      "geometry": {
        "type": "Polygon",
        "coordinates": [
          [
            [
              5.5697575,
              50.5839077
            ],
            [
              5.5697907,
              50.583923
            ],
            [
              5.5698064,
              50.5839302
            ],
            [
              5.5698239,
              50.5839233
            ],
            [
              5.5699248,
              50.5839697
            ],
            [
              5.5699,
              50.5840362
            ],
            [
              5.5698909,
              50.5840604
            ],
            [
              5.5698813,
              50.584056
            ],
            [
              5.5698384,
              50.5840363
            ],
            [
              5.5698414,
              50.5840275
            ],
            [
              5.5697315,
              50.583977
            ],
            [
              5.5697575,
              50.5839077
            ]
          ]
        ]
      },
      "id": "way/1553316126"
    },
    {
      "type": "Feature",
      "properties": {
        "@id": "way/1553316138",
        "barrier": "wall",
        "landuse": "flowerbed",
        "layer": "-2"
      },
      "geometry": {
        "type": "Polygon",
        "coordinates": [
          [
            [
              5.5699248,
              50.5839697
            ],
            [
              5.5698911,
              50.5839542
            ],
            [
              5.5698239,
              50.5839233
            ],
            [
              5.5698238,
              50.5839153
            ],
            [
              5.5698378,
              50.5839098
            ],
            [
              5.5698523,
              50.5839071
            ],
            [
              5.569866,
              50.5839069
            ],
            [
              5.5698852,
              50.5839113
            ],
            [
              5.5699209,
              50.5839224
            ],
            [
              5.5699229,
              50.5839522
            ],
            [
              5.5699349,
              50.5839591
            ],
            [
              5.5699248,
              50.5839697
            ]
          ]
        ]
      },
      "id": "way/1553316138"
    },
    {
      "type": "Feature",
      "properties": {
        "@id": "way/1553316148",
        "indoor": "corridor",
        "level": "-2",
        "operator": "Green Office",
        "ref": "-2/22a",
        "surface": "stone"
      },
      "geometry": {
        "type": "Polygon",
        "coordinates": [
          [
            [
              5.5699249,
              50.5840475
            ],
            [
              5.5699074,
              50.5840396
            ],
            [
              5.5699,
              50.5840362
            ],
            [
              5.5699248,
              50.5839697
            ],
            [
              5.5699396,
              50.5839765
            ],
            [
              5.5699494,
              50.583981
            ],
            [
              5.569933,
              50.5840259
            ],
            [
              5.5699292,
              50.5840358
            ],
            [
              5.5699268,
              50.5840424
            ],
            [
              5.5699249,
              50.5840475
            ]
          ]
        ]
      },
      "id": "way/1553316148"
    },
    {
      "type": "Feature",
      "properties": {
        "@id": "way/1553316149",
        "description": "Bureau/Cuisine",
        "indoor": "room",
        "level": "-2",
        "official_ref": "-2/22g;-2/22h",
        "operator": "Green Office",
        "ref": "-2/22"
      },
      "geometry": {
        "type": "Polygon",
        "coordinates": [
          [
            [
              5.569933,
              50.5840259
            ],
            [
              5.5699494,
              50.583981
            ],
            [
              5.570021,
              50.5840139
            ],
            [
              5.570051,
              50.5840277
            ],
            [
              5.5700032,
              50.5840697
            ],
            [
              5.5699539,
              50.5840472
            ],
            [
              5.5699626,
              50.5840393
            ],
            [
              5.569933,
              50.5840259
            ]
          ]
        ]
      },
      "id": "way/1553316149"
    },
    {
      "type": "Feature",
      "properties": {
        "@id": "way/1553316150",
        "access": "private",
        "amenity": "toilets",
        "height": "2.4",
        "indoor": "room",
        "level": "-2",
        "operator": "Green Office",
        "ref": "-2/22i"
      },
      "geometry": {
        "type": "Polygon",
        "coordinates": [
          [
            [
              5.5699292,
              50.5840358
            ],
            [
              5.569933,
              50.5840259
            ],
            [
              5.5699626,
              50.5840393
            ],
            [
              5.5699539,
              50.5840472
            ],
            [
              5.5699442,
              50.5840427
            ],
            [
              5.5699292,
              50.5840358
            ]
          ]
        ]
      },
      "id": "way/1553316150"
    },
    {
      "type": "Feature",
      "properties": {
        "@id": "way/1553316151",
        "description": "Salle de réunion",
        "indoor": "room",
        "level": "-2",
        "operator": "Green Office",
        "ref": "-2/22e"
      },
      "geometry": {
        "type": "Polygon",
        "coordinates": [
          [
            [
              5.5700303,
              50.5840821
            ],
            [
              5.570078,
              50.5840401
            ],
            [
              5.5701056,
              50.5840528
            ],
            [
              5.5700866,
              50.5841038
            ],
            [
              5.5700854,
              50.584107
            ],
            [
              5.5700553,
              50.5840935
            ],
            [
              5.5700369,
              50.5840851
            ],
            [
              5.5700303,
              50.5840821
            ]
          ]
        ]
      },
      "id": "way/1553316151"
    },
    {
      "type": "Feature",
      "properties": {
        "@id": "way/1553316152",
        "description": "Bureau",
        "indoor": "room",
        "level": "-2",
        "operator": "Green Office",
        "ref": "-2/22f"
      },
      "geometry": {
        "type": "Polygon",
        "coordinates": [
          [
            [
              5.570051,
              50.5840277
            ],
            [
              5.570078,
              50.5840401
            ],
            [
              5.5700303,
              50.5840821
            ],
            [
              5.5700246,
              50.5840795
            ],
            [
              5.5700032,
              50.5840697
            ],
            [
              5.570051,
              50.5840277
            ]
          ]
        ]
      },
      "id": "way/1553316152"
    },
    {
      "type": "Feature",
      "properties": {
        "@id": "way/1553316153",
        "access": "no",
        "description": "Zone de stockage",
        "height": "2.8",
        "indoor": "room",
        "level": "-2",
        "operator": "Green Office",
        "ref": "-2/22b"
      },
      "geometry": {
        "type": "Polygon",
        "coordinates": [
          [
            [
              5.5699249,
              50.5840475
            ],
            [
              5.5700135,
              50.5840882
            ],
            [
              5.570036,
              50.5840985
            ],
            [
              5.5700314,
              50.5841109
            ],
            [
              5.5700285,
              50.584119
            ],
            [
              5.5700273,
              50.5841225
            ],
            [
              5.5698909,
              50.5840604
            ],
            [
              5.5699,
              50.5840362
            ],
            [
              5.5699074,
              50.5840396
            ],
            [
              5.5699249,
              50.5840475
            ]
          ]
        ]
      },
      "id": "way/1553316153"
    },
    {
      "type": "Feature",
      "properties": {
        "@id": "way/1553316154",
        "access": "no",
        "description": "Salle de bain",
        "height": "2.4",
        "indoor": "room",
        "level": "-2",
        "operator": "Green Office",
        "ref": "-2/22d"
      },
      "geometry": {
        "type": "Polygon",
        "coordinates": [
          [
            [
              5.5700553,
              50.5840935
            ],
            [
              5.5700854,
              50.584107
            ],
            [
              5.5700763,
              50.5841315
            ],
            [
              5.5700461,
              50.5841177
            ],
            [
              5.5700553,
              50.5840935
            ]
          ]
        ]
      },
      "id": "way/1553316154"
    },
    {
      "type": "Feature",
      "properties": {
        "@id": "way/1553316155",
        "indoor": "corridor",
        "level": "-2",
        "operator": "Green Office",
        "surface": "stone"
      },
      "geometry": {
        "type": "Polygon",
        "coordinates": [
          [
            [
              5.5700314,
              50.5841109
            ],
            [
              5.570036,
              50.5840985
            ],
            [
              5.5700135,
              50.5840882
            ],
            [
              5.5699249,
              50.5840475
            ],
            [
              5.5699268,
              50.5840424
            ],
            [
              5.5699292,
              50.5840358
            ],
            [
              5.5699442,
              50.5840427
            ],
            [
              5.5699539,
              50.5840472
            ],
            [
              5.5700032,
              50.5840697
            ],
            [
              5.5700246,
              50.5840795
            ],
            [
              5.5700303,
              50.5840821
            ],
            [
              5.5700369,
              50.5840851
            ],
            [
              5.5700553,
              50.5840935
            ],
            [
              5.5700461,
              50.5841177
            ],
            [
              5.5700396,
              50.5841147
            ],
            [
              5.5700314,
              50.5841109
            ]
          ]
        ]
      },
      "id": "way/1553316155"
    },
    {
      "type": "Feature",
      "properties": {
        "@id": "way/1553316156",
        "indoor": "area",
        "level": "-2"
      },
      "geometry": {
        "type": "Polygon",
        "coordinates": [
          [
            [
              5.5700273,
              50.5841225
            ],
            [
              5.5700285,
              50.584119
            ],
            [
              5.5700314,
              50.5841109
            ],
            [
              5.5700396,
              50.5841147
            ],
            [
              5.5700461,
              50.5841177
            ],
            [
              5.5700763,
              50.5841315
            ],
            [
              5.5700731,
              50.5841402
            ],
            [
              5.5700273,
              50.5841225
            ]
          ]
        ]
      },
      "id": "way/1553316156"
    },
    {
      "type": "Feature",
      "properties": {
        "@id": "way/1553316157",
        "indoor": "area",
        "level": "-2;-1",
        "stairs": "yes"
      },
      "geometry": {
        "type": "Polygon",
        "coordinates": [
          [
            [
              5.5700731,
              50.5841402
            ],
            [
              5.5700867,
              50.5841465
            ],
            [
              5.5700757,
              50.584176
            ],
            [
              5.5700583,
              50.5841828
            ],
            [
              5.5700511,
              50.5841819
            ],
            [
              5.570056,
              50.5841678
            ],
            [
              5.570045,
              50.584163
            ],
            [
              5.5700169,
              50.5841505
            ],
            [
              5.5700273,
              50.5841225
            ],
            [
              5.570051,
              50.5841317
            ],
            [
              5.5700731,
              50.5841402
            ]
          ]
        ]
      },
      "id": "way/1553316157"
    },
    {
      "type": "Feature",
      "properties": {
        "@id": "way/1553316158",
        "area": "yes",
        "highway": "pedestrian",
        "level": "2",
        "lit": "no",
        "smoothness": "good",
        "surface": "concrete"
      },
      "geometry": {
        "type": "Polygon",
        "coordinates": [
          [
            [
              5.5698273,
              50.5842036
            ],
            [
              5.5696991,
              50.5841468
            ],
            [
              5.5697078,
              50.5841236
            ],
            [
              5.5698813,
              50.584056
            ],
            [
              5.5700273,
              50.5841225
            ],
            [
              5.5699803,
              50.584249
            ],
            [
              5.5699518,
              50.5842601
            ],
            [
              5.5698273,
              50.5842036
            ]
          ]
        ]
      },
      "id": "way/1553316158"
    },
    {
      "type": "Feature",
      "properties": {
        "@id": "way/1553316160",
        "area": "yes",
        "highway": "pedestrian",
        "level": "1.5",
        "lit": "no",
        "smoothness": "good",
        "surface": "concrete"
      },
      "geometry": {
        "type": "Polygon",
        "coordinates": [
          [
            [
              5.5697563,
              50.5842604
            ],
            [
              5.5696706,
              50.5842236
            ],
            [
              5.5696942,
              50.58416
            ],
            [
              5.569814,
              50.5842138
            ],
            [
              5.5699331,
              50.5842673
            ],
            [
              5.5698596,
              50.5842957
            ],
            [
              5.569849,
              50.5843
            ],
            [
              5.5697563,
              50.5842604
            ]
          ]
        ]
      },
      "id": "way/1553316160"
    },
    {
      "type": "Feature",
      "properties": {
        "@id": "way/1553316163",
        "area": "yes",
        "highway": "pedestrian",
        "level": "2",
        "lit": "no",
        "smoothness": "good",
        "surface": "concrete"
      },
      "geometry": {
        "type": "Polygon",
        "coordinates": [
          [
            [
              5.5695909,
              50.5840921
            ],
            [
              5.5694879,
              50.5840456
            ],
            [
              5.5693873,
              50.584
            ],
            [
              5.5693949,
              50.5839798
            ],
            [
              5.569534,
              50.5839256
            ],
            [
              5.5696548,
              50.5839809
            ],
            [
              5.5696173,
              50.5840818
            ],
            [
              5.5695909,
              50.5840921
            ]
          ]
        ]
      },
      "id": "way/1553316163"
    },
    {
      "type": "Feature",
      "properties": {
        "@id": "way/1553316165",
        "area": "yes",
        "highway": "pedestrian",
        "level": "1.5",
        "lit": "no",
        "smoothness": "good",
        "surface": "concrete"
      },
      "geometry": {
        "type": "Polygon",
        "coordinates": [
          [
            [
              5.5695205,
              50.5841196
            ],
            [
              5.5694424,
              50.5840845
            ],
            [
              5.5693678,
              50.5840521
            ],
            [
              5.5693814,
              50.5840157
            ],
            [
              5.5694734,
              50.5840584
            ],
            [
              5.5695666,
              50.5841016
            ],
            [
              5.5695205,
              50.5841196
            ]
          ]
        ]
      },
      "id": "way/1553316165"
    },
    {
      "type": "Feature",
      "properties": {
        "@id": "way/1553316168",
        "area": "yes",
        "highway": "pedestrian",
        "level": "2",
        "lit": "no",
        "smoothness": "good",
        "surface": "concrete"
      },
      "geometry": {
        "type": "Polygon",
        "coordinates": [
          [
            [
              5.5691882,
              50.5839103
            ],
            [
              5.5690854,
              50.5838654
            ],
            [
              5.5690941,
              50.5838417
            ],
            [
              5.5692334,
              50.5837873
            ],
            [
              5.5693541,
              50.5838432
            ],
            [
              5.569317,
              50.5839436
            ],
            [
              5.569289,
              50.5839546
            ],
            [
              5.5691882,
              50.5839103
            ]
          ]
        ]
      },
      "id": "way/1553316168"
    },
    {
      "type": "Feature",
      "properties": {
        "@id": "way/1553316171",
        "area": "yes",
        "highway": "pedestrian",
        "level": "1.5",
        "lit": "no",
        "smoothness": "good",
        "surface": "concrete"
      },
      "geometry": {
        "type": "Polygon",
        "coordinates": [
          [
            [
              5.5691418,
              50.5839459
            ],
            [
              5.5690672,
              50.5839145
            ],
            [
              5.5690793,
              50.5838817
            ],
            [
              5.569173,
              50.5839227
            ],
            [
              5.5692663,
              50.5839635
            ],
            [
              5.5692221,
              50.5839809
            ],
            [
              5.5691418,
              50.5839459
            ]
          ]
        ]
      },
      "id": "way/1553316171"
    },
    {
      "type": "Feature",
      "properties": {
        "@id": "way/1553316193",
        "area": "yes",
        "highway": "pedestrian",
        "lit": "yes",
        "smoothness": "good",
        "surface": "concrete"
      },
      "geometry": {
        "type": "Polygon",
        "coordinates": [
          [
            [
              5.5683829,
              50.5835368
            ],
            [
              5.568453,
              50.5834777
            ],
            [
              5.5685151,
              50.5834425
            ],
            [
              5.5685316,
              50.5834515
            ],
            [
              5.5685559,
              50.5834604
            ],
            [
              5.5685485,
              50.5834747
            ],
            [
              5.5685343,
              50.5835009
            ],
            [
              5.5685373,
              50.5835173
            ],
            [
              5.5685705,
              50.5835489
            ],
            [
              5.5685993,
              50.5835698
            ],
            [
              5.5686396,
              50.583594
            ],
            [
              5.5686946,
              50.5836191
            ],
            [
              5.5687577,
              50.5836427
            ],
            [
              5.5688087,
              50.5836587
            ],
            [
              5.5688589,
              50.5836716
            ],
            [
              5.5689103,
              50.5836894
            ],
            [
              5.5689501,
              50.5837136
            ],
            [
              5.5689653,
              50.5837375
            ],
            [
              5.5689721,
              50.5837465
            ],
            [
              5.5689952,
              50.5837576
            ],
            [
              5.5690199,
              50.5837693
            ],
            [
              5.5689782,
              50.5837853
            ],
            [
              5.5689738,
              50.5837969
            ],
            [
              5.5689553,
              50.5837996
            ],
            [
              5.5689431,
              50.5838149
            ],
            [
              5.5689066,
              50.5838646
            ],
            [
              5.5688778,
              50.5839253
            ],
            [
              5.5688807,
              50.5839377
            ],
            [
              5.5688957,
              50.5839491
            ],
            [
              5.56891,
              50.5839635
            ],
            [
              5.5689417,
              50.5839957
            ],
            [
              5.5689856,
              50.5840254
            ],
            [
              5.5690255,
              50.5840458
            ],
            [
              5.5690813,
              50.5840676
            ],
            [
              5.5691267,
              50.5840782
            ],
            [
              5.5691562,
              50.5840807
            ],
            [
              5.5692369,
              50.5841178
            ],
            [
              5.5692345,
              50.5841392
            ],
            [
              5.5692367,
              50.5841607
            ],
            [
              5.5692449,
              50.5841814
            ],
            [
              5.5692582,
              50.5842032
            ],
            [
              5.569281,
              50.5842248
            ],
            [
              5.5693051,
              50.5842407
            ],
            [
              5.5693257,
              50.5842508
            ],
            [
              5.5693575,
              50.5842552
            ],
            [
              5.5693587,
              50.5842469
            ],
            [
              5.5694246,
              50.5842766
            ],
            [
              5.5695567,
              50.5843361
            ],
            [
              5.5695888,
              50.5843506
            ],
            [
              5.56983,
              50.5844633
            ],
            [
              5.5698542,
              50.584454
            ],
            [
              5.5698919,
              50.5844375
            ],
            [
              5.5699818,
              50.584514
            ],
            [
              5.5702777,
              50.5845261
            ],
            [
              5.5702741,
              50.5845327
            ],
            [
              5.570267,
              50.5845561
            ],
            [
              5.5702612,
              50.5845666
            ],
            [
              5.5702363,
              50.5845712
            ],
            [
              5.570237,
              50.5845797
            ],
            [
              5.5702182,
              50.5845867
            ],
            [
              5.5701826,
              50.5846719
            ],
            [
              5.5701133,
              50.5846668
            ],
            [
              5.5700335,
              50.5846046
            ],
            [
              5.5699839,
              50.5845944
            ],
            [
              5.5698745,
              50.5845521
            ],
            [
              5.569823,
              50.5845374
            ],
            [
              5.5697511,
              50.5845045
            ],
            [
              5.5697344,
              50.5845109
            ],
            [
              5.569717,
              50.5845176
            ],
            [
              5.5696487,
              50.5844865
            ],
            [
              5.5696111,
              50.5844694
            ],
            [
              5.5696105,
              50.5844585
            ],
            [
              5.5695883,
              50.5844438
            ],
            [
              5.5693878,
              50.5844463
            ],
            [
              5.5692124,
              50.584368
            ],
            [
              5.5691917,
              50.5843401
            ],
            [
              5.5692124,
              50.584327
            ],
            [
              5.5692186,
              50.5843094
            ],
            [
              5.5692142,
              50.5842892
            ],
            [
              5.5692046,
              50.5842717
            ],
            [
              5.5691806,
              50.5842527
            ],
            [
              5.5691485,
              50.5842407
            ],
            [
              5.5691498,
              50.5842185
            ],
            [
              5.5691308,
              50.5841703
            ],
            [
              5.5691029,
              50.5841445
            ],
            [
              5.5689407,
              50.5840761
            ],
            [
              5.5688216,
              50.5840391
            ],
            [
              5.568771,
              50.5840383
            ],
            [
              5.568771,
              50.5840601
            ],
            [
              5.5687267,
              50.5840395
            ],
            [
              5.5686532,
              50.5840931
            ],
            [
              5.5686092,
              50.5840722
            ],
            [
              5.5685654,
              50.5840516
            ],
            [
              5.5686554,
              50.5839736
            ],
            [
              5.5687422,
              50.5839185
            ],
            [
              5.5688057,
              50.5838761
            ],
            [
              5.5688397,
              50.5838308
            ],
            [
              5.5688456,
              50.5838052
            ],
            [
              5.5688401,
              50.5837785
            ],
            [
              5.5688224,
              50.583741
            ],
            [
              5.5687729,
              50.5837066
            ],
            [
              5.5686819,
              50.5836637
            ],
            [
              5.5686618,
              50.5836809
            ],
            [
              5.5686569,
              50.5836685
            ],
            [
              5.5686362,
              50.5836545
            ],
            [
              5.5683829,
              50.5835368
            ]
          ]
        ]
      },
      "id": "way/1553316193"
    },
    {
      "type": "Feature",
      "properties": {
        "@id": "way/1553316200",
        "indoor": "corridor",
        "level": "-1"
      },
      "geometry": {
        "type": "Polygon",
        "coordinates": [
          [
            [
              5.5699803,
              50.584249
            ],
            [
              5.570012,
              50.5841636
            ],
            [
              5.5700169,
              50.5841505
            ],
            [
              5.570045,
              50.584163
            ],
            [
              5.570056,
              50.5841678
            ],
            [
              5.5700511,
              50.5841819
            ],
            [
              5.5700583,
              50.5841828
            ],
            [
              5.570036,
              50.5842429
            ],
            [
              5.5700261,
              50.5842697
            ],
            [
              5.5699803,
              50.584249
            ]
          ]
        ]
      },
      "id": "way/1553316200"
    },
    {
      "type": "Feature",
      "properties": {
        "@id": "way/1553316202",
        "indoor": "corridor",
        "level": "-1"
      },
      "geometry": {
        "type": "Polygon",
        "coordinates": [
          [
            [
              5.5696548,
              50.5839809
            ],
            [
              5.5696694,
              50.5839877
            ],
            [
              5.5696834,
              50.5839941
            ],
            [
              5.56968,
              50.5840033
            ],
            [
              5.5696564,
              50.5840664
            ],
            [
              5.5697197,
              50.5840949
            ],
            [
              5.5698055,
              50.5840613
            ],
            [
              5.5698183,
              50.5840563
            ],
            [
              5.5698326,
              50.5840629
            ],
            [
              5.5698468,
              50.5840694
            ],
            [
              5.5698251,
              50.5840779
            ],
            [
              5.5697078,
              50.5841236
            ],
            [
              5.5696173,
              50.5840818
            ],
            [
              5.5696387,
              50.5840244
            ],
            [
              5.5696548,
              50.5839809
            ]
          ]
        ]
      },
      "id": "way/1553316202"
    },
    {
      "type": "Feature",
      "properties": {
        "@id": "way/1553316203",
        "indoor": "corridor",
        "level": "-1"
      },
      "geometry": {
        "type": "Polygon",
        "coordinates": [
          [
            [
              5.5693541,
              50.5838432
            ],
            [
              5.5693683,
              50.5838497
            ],
            [
              5.5693827,
              50.5838563
            ],
            [
              5.5693792,
              50.5838658
            ],
            [
              5.5693558,
              50.583928
            ],
            [
              5.5694068,
              50.5839511
            ],
            [
              5.5694928,
              50.5839174
            ],
            [
              5.5695054,
              50.5839125
            ],
            [
              5.5695194,
              50.5839189
            ],
            [
              5.569534,
              50.5839256
            ],
            [
              5.5694728,
              50.5839494
            ],
            [
              5.5693949,
              50.5839798
            ],
            [
              5.569317,
              50.5839436
            ],
            [
              5.5693391,
              50.5838838
            ],
            [
              5.5693541,
              50.5838432
            ]
          ]
        ]
      },
      "id": "way/1553316203"
    },
    {
      "type": "Feature",
      "properties": {
        "@id": "way/1553316204",
        "height": "2.35",
        "indoor": "area",
        "level": "-1"
      },
      "geometry": {
        "type": "Polygon",
        "coordinates": [
          [
            [
              5.5692663,
              50.5839635
            ],
            [
              5.569317,
              50.5839436
            ],
            [
              5.5693949,
              50.5839798
            ],
            [
              5.5693814,
              50.5840157
            ],
            [
              5.5693564,
              50.5840043
            ],
            [
              5.5693424,
              50.583998
            ],
            [
              5.5693046,
              50.5839806
            ],
            [
              5.5692922,
              50.5839751
            ],
            [
              5.5692663,
              50.5839635
            ]
          ]
        ]
      },
      "id": "way/1553316204"
    },
    {
      "type": "Feature",
      "properties": {
        "@id": "way/1553316209",
        "amenity": "toilets",
        "fee": "no",
        "female": "yes",
        "height": "2.2",
        "indoor": "room",
        "level": "-1",
        "ref": "-1/4a",
        "wheelchair": "no"
      },
      "geometry": {
        "type": "Polygon",
        "coordinates": [
          [
            [
              5.5693046,
              50.5839806
            ],
            [
              5.56929,
              50.5840196
            ],
            [
              5.5692853,
              50.584032
            ],
            [
              5.5692742,
              50.5840415
            ],
            [
              5.5691794,
              50.5839977
            ],
            [
              5.5692663,
              50.5839635
            ],
            [
              5.5692922,
              50.5839751
            ],
            [
              5.5693046,
              50.5839806
            ]
          ]
        ]
      },
      "id": "way/1553316209"
    },
    {
      "type": "Feature",
      "properties": {
        "@id": "way/1553316210",
        "amenity": "toilets",
        "fee": "no",
        "height": "2.2",
        "indoor": "room",
        "level": "-1",
        "male": "yes",
        "ref": "-1/4b",
        "wheelchair": "no"
      },
      "geometry": {
        "type": "Polygon",
        "coordinates": [
          [
            [
              5.5693575,
              50.5840796
            ],
            [
              5.5692742,
              50.5840415
            ],
            [
              5.5692853,
              50.584032
            ],
            [
              5.56929,
              50.5840196
            ],
            [
              5.5693281,
              50.584037
            ],
            [
              5.5693424,
              50.583998
            ],
            [
              5.5693564,
              50.5840043
            ],
            [
              5.5693814,
              50.5840157
            ],
            [
              5.5693575,
              50.5840796
            ]
          ]
        ]
      },
      "id": "way/1553316210"
    },
    {
      "type": "Feature",
      "properties": {
        "@id": "way/1553316222",
        "access": "no",
        "indoor": "corridor",
        "level": "-1",
        "ref": "-1/19a;-1/21a"
      },
      "geometry": {
        "type": "Polygon",
        "coordinates": [
          [
            [
              5.5693163,
              50.5837326
            ],
            [
              5.5692957,
              50.5837406
            ],
            [
              5.5692223,
              50.5837692
            ],
            [
              5.5692098,
              50.5837635
            ],
            [
              5.5691969,
              50.5837576
            ],
            [
              5.5692151,
              50.5837506
            ],
            [
              5.5692893,
              50.5837221
            ],
            [
              5.5693183,
              50.5837106
            ],
            [
              5.5693587,
              50.5837287
            ],
            [
              5.569362,
              50.583726
            ],
            [
              5.569406,
              50.5837462
            ],
            [
              5.5694025,
              50.5837495
            ],
            [
              5.5694555,
              50.5837738
            ],
            [
              5.5694461,
              50.583799
            ],
            [
              5.569482,
              50.5838155
            ],
            [
              5.5695214,
              50.5838335
            ],
            [
              5.5695339,
              50.5838393
            ],
            [
              5.5695638,
              50.583853
            ],
            [
              5.5695712,
              50.5838564
            ],
            [
              5.5696114,
              50.5838406
            ],
            [
              5.569659,
              50.5838625
            ],
            [
              5.5697907,
              50.583923
            ],
            [
              5.5697941,
              50.5839245
            ],
            [
              5.5697882,
              50.5839413
            ],
            [
              5.5698012,
              50.5839472
            ],
            [
              5.5697968,
              50.58396
            ],
            [
              5.5698035,
              50.5839631
            ],
            [
              5.5698347,
              50.5839773
            ],
            [
              5.5698467,
              50.5839828
            ],
            [
              5.5698857,
              50.5839676
            ],
            [
              5.5698911,
              50.5839542
            ],
            [
              5.5699669,
              50.5839891
            ],
            [
              5.5699319,
              50.5840027
            ],
            [
              5.5698422,
              50.5840378
            ],
            [
              5.5696927,
              50.5839692
            ],
            [
              5.5697073,
              50.5839296
            ],
            [
              5.5697128,
              50.5839147
            ],
            [
              5.5696959,
              50.5839067
            ],
            [
              5.5696879,
              50.5839099
            ],
            [
              5.56963,
              50.5838832
            ],
            [
              5.569632,
              50.5838775
            ],
            [
              5.5696148,
              50.5838696
            ],
            [
              5.5695939,
              50.5838778
            ],
            [
              5.5695402,
              50.5838989
            ],
            [
              5.5693922,
              50.583831
            ],
            [
              5.5694069,
              50.5837917
            ],
            [
              5.5694125,
              50.5837766
            ],
            [
              5.5693914,
              50.5837671
            ],
            [
              5.5693835,
              50.58377
            ],
            [
              5.5693336,
              50.5837471
            ],
            [
              5.5693356,
              50.5837413
            ],
            [
              5.5693163,
              50.5837326
            ]
          ]
        ]
      },
      "id": "way/1553316222"
    },
    {
      "type": "Feature",
      "properties": {
        "@id": "way/1553316223",
        "indoor": "corridor",
        "level": "-1"
      },
      "geometry": {
        "type": "Polygon",
        "coordinates": [
          [
            [
              5.5688639,
              50.5835265
            ],
            [
              5.5688522,
              50.5835308
            ],
            [
              5.5688386,
              50.5835359
            ],
            [
              5.5688275,
              50.5835309
            ],
            [
              5.568831,
              50.5835213
            ],
            [
              5.568834,
              50.5835127
            ],
            [
              5.5688639,
              50.5835265
            ]
          ]
        ]
      },
      "id": "way/1553316223"
    },
    {
      "type": "Feature",
      "properties": {
        "@id": "way/1553316224",
        "indoor": "corridor",
        "level": "-1"
      },
      "geometry": {
        "type": "Polygon",
        "coordinates": [
          [
            [
              5.5689642,
              50.5835725
            ],
            [
              5.5689389,
              50.583582
            ],
            [
              5.5689278,
              50.5835769
            ],
            [
              5.5689343,
              50.5835588
            ],
            [
              5.5689642,
              50.5835725
            ]
          ]
        ]
      },
      "id": "way/1553316224"
    },
    {
      "type": "Feature",
      "properties": {
        "@id": "way/1553316225",
        "indoor": "corridor",
        "level": "-1"
      },
      "geometry": {
        "type": "Polygon",
        "coordinates": [
          [
            [
              5.5690645,
              50.5836186
            ],
            [
              5.5690525,
              50.5836231
            ],
            [
              5.5690392,
              50.5836281
            ],
            [
              5.5690279,
              50.583623
            ],
            [
              5.5690347,
              50.5836049
            ],
            [
              5.5690645,
              50.5836186
            ]
          ]
        ]
      },
      "id": "way/1553316225"
    },
    {
      "type": "Feature",
      "properties": {
        "@id": "way/1553316226",
        "indoor": "corridor",
        "level": "-1"
      },
      "geometry": {
        "type": "Polygon",
        "coordinates": [
          [
            [
              5.5691646,
              50.5836646
            ],
            [
              5.5691519,
              50.5836693
            ],
            [
              5.5691391,
              50.5836741
            ],
            [
              5.569128,
              50.5836691
            ],
            [
              5.5691314,
              50.5836597
            ],
            [
              5.5691347,
              50.5836508
            ],
            [
              5.5691646,
              50.5836646
            ]
          ]
        ]
      },
      "id": "way/1553316226"
    },
    {
      "type": "Feature",
      "properties": {
        "@id": "way/1553316228",
        "indoor": "corridor",
        "level": "-1"
      },
      "geometry": {
        "type": "Polygon",
        "coordinates": [
          [
            [
              5.5690436,
              50.5838344
            ],
            [
              5.5690485,
              50.5838212
            ],
            [
              5.5690533,
              50.5838085
            ],
            [
              5.5690876,
              50.5837949
            ],
            [
              5.5690997,
              50.5837626
            ],
            [
              5.5690045,
              50.5837189
            ],
            [
              5.5686946,
              50.5835766
            ],
            [
              5.5686774,
              50.5835833
            ],
            [
              5.5685817,
              50.5835393
            ],
            [
              5.5685862,
              50.5835276
            ],
            [
              5.5685902,
              50.5835206
            ],
            [
              5.5685934,
              50.5835123
            ],
            [
              5.5685989,
              50.583498
            ],
            [
              5.5686099,
              50.5834698
            ],
            [
              5.5686184,
              50.5834478
            ],
            [
              5.5686413,
              50.583439
            ],
            [
              5.5686791,
              50.5834564
            ],
            [
              5.5686754,
              50.5834669
            ],
            [
              5.5686733,
              50.5834729
            ],
            [
              5.5686856,
              50.5834788
            ],
            [
              5.568683,
              50.5834859
            ],
            [
              5.5686811,
              50.5834913
            ],
            [
              5.5686733,
              50.5834944
            ],
            [
              5.5686636,
              50.5834984
            ],
            [
              5.5686546,
              50.5835229
            ],
            [
              5.5687048,
              50.5835456
            ],
            [
              5.5687797,
              50.5835802
            ],
            [
              5.5687881,
              50.5835771
            ],
            [
              5.5687971,
              50.5835738
            ],
            [
              5.5688096,
              50.5835795
            ],
            [
              5.568805,
              50.5835919
            ],
            [
              5.5688798,
              50.5836264
            ],
            [
              5.5688974,
              50.5836199
            ],
            [
              5.5689097,
              50.5836254
            ],
            [
              5.568905,
              50.5836378
            ],
            [
              5.5689801,
              50.5836723
            ],
            [
              5.5689884,
              50.5836691
            ],
            [
              5.5689972,
              50.5836657
            ],
            [
              5.5690096,
              50.5836714
            ],
            [
              5.5690051,
              50.5836839
            ],
            [
              5.5690801,
              50.5837183
            ],
            [
              5.569088,
              50.5837153
            ],
            [
              5.5690974,
              50.5837118
            ],
            [
              5.5691099,
              50.5837174
            ],
            [
              5.5691053,
              50.5837302
            ],
            [
              5.5691795,
              50.5837643
            ],
            [
              5.5691881,
              50.583761
            ],
            [
              5.5691969,
              50.5837576
            ],
            [
              5.5692098,
              50.5837635
            ],
            [
              5.5692223,
              50.5837692
            ],
            [
              5.569207,
              50.5837751
            ],
            [
              5.5692018,
              50.5837871
            ],
            [
              5.5691953,
              50.5838022
            ],
            [
              5.5690941,
              50.5838417
            ],
            [
              5.5690436,
              50.5838344
            ]
          ]
        ]
      },
      "id": "way/1553316228"
    },
    {
      "type": "Feature",
      "properties": {
        "@id": "way/1553316232",
        "access": "private",
        "amenity": "toilets",
        "fee": "no",
        "female": "yes",
        "height": "3",
        "indoor": "room",
        "level": "-1",
        "male": "yes",
        "official_ref": "-1/12a;-1/12b",
        "ref": "-1/12",
        "wheelchair": "no"
      },
      "geometry": {
        "type": "Polygon",
        "coordinates": [
          [
            [
              5.5687048,
              50.5835456
            ],
            [
              5.5686546,
              50.5835229
            ],
            [
              5.5686636,
              50.5834984
            ],
            [
              5.5686733,
              50.5834944
            ],
            [
              5.5686811,
              50.5834913
            ],
            [
              5.568683,
              50.5834859
            ],
            [
              5.5686856,
              50.5834788
            ],
            [
              5.5686733,
              50.5834729
            ],
            [
              5.5686754,
              50.5834669
            ],
            [
              5.5686791,
              50.5834564
            ],
            [
              5.5686904,
              50.5834616
            ],
            [
              5.5687077,
              50.5834547
            ],
            [
              5.5687342,
              50.5834669
            ],
            [
              5.5687235,
              50.5834957
            ],
            [
              5.5687188,
              50.5835083
            ],
            [
              5.5687048,
              50.5835456
            ]
          ]
        ]
      },
      "id": "way/1553316232"
    },
    {
      "type": "Feature",
      "properties": {
        "@id": "way/1553316237",
        "capacity": "30",
        "description": "Salle de cours S5",
        "height": "3.6",
        "indoor": "room",
        "level": "-1",
        "name": "S5",
        "ref": "-1/13",
        "room": "classroom",
        "socket:typee": "6"
      },
      "geometry": {
        "type": "Polygon",
        "coordinates": [
          [
            [
              5.568814,
              50.5835675
            ],
            [
              5.5687971,
              50.5835738
            ],
            [
              5.5687881,
              50.5835771
            ],
            [
              5.5687797,
              50.5835802
            ],
            [
              5.5687048,
              50.5835456
            ],
            [
              5.5687188,
              50.5835083
            ],
            [
              5.5687235,
              50.5834957
            ],
            [
              5.5687342,
              50.5834669
            ],
            [
              5.5687638,
              50.5834805
            ],
            [
              5.568834,
              50.5835127
            ],
            [
              5.568831,
              50.5835213
            ],
            [
              5.5688275,
              50.5835309
            ],
            [
              5.5688237,
              50.5835414
            ],
            [
              5.568814,
              50.5835675
            ]
          ]
        ]
      },
      "id": "way/1553316237"
    },
    {
      "type": "Feature",
      "properties": {
        "@id": "way/1553316238",
        "capacity": "30",
        "description": "Salle de cours S4",
        "height": "3.6",
        "indoor": "room",
        "level": "-1",
        "name": "S4",
        "ref": "-1/14",
        "room": "classroom",
        "socket:typee": "5"
      },
      "geometry": {
        "type": "Polygon",
        "coordinates": [
          [
            [
              5.5689141,
              50.5836137
            ],
            [
              5.5688974,
              50.5836199
            ],
            [
              5.5688798,
              50.5836264
            ],
            [
              5.568805,
              50.5835919
            ],
            [
              5.5688096,
              50.5835795
            ],
            [
              5.5688237,
              50.5835414
            ],
            [
              5.5688386,
              50.5835359
            ],
            [
              5.5688522,
              50.5835308
            ],
            [
              5.5688639,
              50.5835265
            ],
            [
              5.5689343,
              50.5835588
            ],
            [
              5.5689278,
              50.5835769
            ],
            [
              5.5689239,
              50.5835877
            ],
            [
              5.5689141,
              50.5836137
            ]
          ]
        ]
      },
      "id": "way/1553316238"
    },
    {
      "type": "Feature",
      "properties": {
        "@id": "way/1553316239",
        "capacity": "30",
        "description": "Salle de cours S3",
        "height": "3.6",
        "indoor": "room",
        "level": "-1",
        "name": "S3",
        "ref": "-1/15",
        "room": "classroom",
        "socket:typee": "4"
      },
      "geometry": {
        "type": "Polygon",
        "coordinates": [
          [
            [
              5.569014,
              50.5836592
            ],
            [
              5.5689972,
              50.5836657
            ],
            [
              5.5689884,
              50.5836691
            ],
            [
              5.5689801,
              50.5836723
            ],
            [
              5.568905,
              50.5836378
            ],
            [
              5.5689097,
              50.5836254
            ],
            [
              5.5689141,
              50.5836137
            ],
            [
              5.5689239,
              50.5835877
            ],
            [
              5.5689389,
              50.583582
            ],
            [
              5.5689642,
              50.5835725
            ],
            [
              5.5690347,
              50.5836049
            ],
            [
              5.5690279,
              50.583623
            ],
            [
              5.5690237,
              50.5836339
            ],
            [
              5.569014,
              50.5836592
            ]
          ]
        ]
      },
      "id": "way/1553316239"
    },
    {
      "type": "Feature",
      "properties": {
        "@id": "way/1553316240",
        "capacity": "30",
        "description": "Salle de cours S2",
        "height": "3.6",
        "indoor": "room",
        "level": "-1",
        "name": "S2",
        "ref": "-1/16",
        "room": "classroom",
        "socket:typee": "5"
      },
      "geometry": {
        "type": "Polygon",
        "coordinates": [
          [
            [
              5.5691142,
              50.5837055
            ],
            [
              5.5690974,
              50.5837118
            ],
            [
              5.569088,
              50.5837153
            ],
            [
              5.5690801,
              50.5837183
            ],
            [
              5.5690051,
              50.5836839
            ],
            [
              5.5690096,
              50.5836714
            ],
            [
              5.569014,
              50.5836592
            ],
            [
              5.5690237,
              50.5836339
            ],
            [
              5.5690392,
              50.5836281
            ],
            [
              5.5690525,
              50.5836231
            ],
            [
              5.5690645,
              50.5836186
            ],
            [
              5.5691347,
              50.5836508
            ],
            [
              5.5691314,
              50.5836597
            ],
            [
              5.569128,
              50.5836691
            ],
            [
              5.5691241,
              50.5836796
            ],
            [
              5.5691142,
              50.5837055
            ]
          ]
        ]
      },
      "id": "way/1553316240"
    },
    {
      "type": "Feature",
      "properties": {
        "@id": "way/1553316241",
        "capacity": "30",
        "description": "Salle de cours S1",
        "height": "3.6",
        "indoor": "room",
        "level": "-1",
        "name": "S1",
        "official_ref": "-1/17a",
        "ref": "-1/17",
        "room": "classroom",
        "socket:typee": "5"
      },
      "geometry": {
        "type": "Polygon",
        "coordinates": [
          [
            [
              5.5692151,
              50.5837506
            ],
            [
              5.5691969,
              50.5837576
            ],
            [
              5.5691881,
              50.583761
            ],
            [
              5.5691795,
              50.5837643
            ],
            [
              5.5691053,
              50.5837302
            ],
            [
              5.5691099,
              50.5837174
            ],
            [
              5.5691142,
              50.5837055
            ],
            [
              5.5691241,
              50.5836796
            ],
            [
              5.5691391,
              50.5836741
            ],
            [
              5.5691519,
              50.5836693
            ],
            [
              5.5691646,
              50.5836646
            ],
            [
              5.5692346,
              50.5836967
            ],
            [
              5.5692151,
              50.5837506
            ]
          ]
        ]
      },
      "id": "way/1553316241"
    },
    {
      "type": "Feature",
      "properties": {
        "@id": "way/1553316242",
        "indoor": "wall",
        "level": "-1"
      },
      "geometry": {
        "type": "Polygon",
        "coordinates": [
          [
            [
              5.569406,
              50.5837462
            ],
            [
              5.5694571,
              50.5837697
            ],
            [
              5.5694555,
              50.5837738
            ],
            [
              5.5694025,
              50.5837495
            ],
            [
              5.569406,
              50.5837462
            ]
          ]
        ]
      },
      "id": "way/1553316242"
    },
    {
      "type": "Feature",
      "properties": {
        "@id": "way/1553316243",
        "indoor": "wall",
        "level": "-1"
      },
      "geometry": {
        "type": "Polygon",
        "coordinates": [
          [
            [
              5.5692893,
              50.5837221
            ],
            [
              5.5692837,
              50.5837193
            ],
            [
              5.5693182,
              50.5837059
            ],
            [
              5.569362,
              50.583726
            ],
            [
              5.5693587,
              50.5837287
            ],
            [
              5.5693183,
              50.5837106
            ],
            [
              5.5692893,
              50.5837221
            ]
          ]
        ]
      },
      "id": "way/1553316243"
    },
    {
      "type": "Feature",
      "properties": {
        "@id": "way/1553316244",
        "access": "no",
        "description": "Local F.O.",
        "height": "3.3",
        "indoor": "room",
        "level": "-1",
        "ref": "-1/17b"
      },
      "geometry": {
        "type": "Polygon",
        "coordinates": [
          [
            [
              5.5692837,
              50.5837193
            ],
            [
              5.5692893,
              50.5837221
            ],
            [
              5.5692151,
              50.5837506
            ],
            [
              5.5692346,
              50.5836967
            ],
            [
              5.5692837,
              50.5837193
            ]
          ]
        ]
      },
      "id": "way/1553316244"
    },
    {
      "type": "Feature",
      "properties": {
        "@id": "way/1553316245",
        "access": "no",
        "description": "Réserve/Bureau",
        "height": "3.6",
        "indoor": "room",
        "level": "-1",
        "official_ref": "-1/19b;-1/19c",
        "ref": "-1/19"
      },
      "geometry": {
        "type": "Polygon",
        "coordinates": [
          [
            [
              5.5694571,
              50.5837697
            ],
            [
              5.5695015,
              50.5837901
            ],
            [
              5.5695406,
              50.5838081
            ],
            [
              5.5695628,
              50.5838182
            ],
            [
              5.5695736,
              50.5838232
            ],
            [
              5.5695838,
              50.5838279
            ],
            [
              5.5696114,
              50.5838406
            ],
            [
              5.5695712,
              50.5838564
            ],
            [
              5.5695638,
              50.583853
            ],
            [
              5.5695339,
              50.5838393
            ],
            [
              5.5695214,
              50.5838335
            ],
            [
              5.569482,
              50.5838155
            ],
            [
              5.5694461,
              50.583799
            ],
            [
              5.5694555,
              50.5837738
            ],
            [
              5.5694571,
              50.5837697
            ]
          ]
        ]
      },
      "id": "way/1553316245"
    },
    {
      "type": "Feature",
      "properties": {
        "@id": "way/1553316248",
        "access": "no",
        "description": "Réserve/Bureau",
        "height": "3.6",
        "indoor": "room",
        "level": "-1",
        "official_ref": "-1/21b;-1/21c",
        "ref": "-1/21"
      },
      "geometry": {
        "type": "Polygon",
        "coordinates": [
          [
            [
              5.5697941,
              50.5839245
            ],
            [
              5.5698064,
              50.5839302
            ],
            [
              5.5698239,
              50.5839233
            ],
            [
              5.5698377,
              50.5839297
            ],
            [
              5.5698911,
              50.5839542
            ],
            [
              5.5698857,
              50.5839676
            ],
            [
              5.5698467,
              50.5839828
            ],
            [
              5.5698347,
              50.5839773
            ],
            [
              5.5698213,
              50.5839712
            ],
            [
              5.5698035,
              50.5839631
            ],
            [
              5.5697968,
              50.58396
            ],
            [
              5.5698012,
              50.5839472
            ],
            [
              5.5697882,
              50.5839413
            ],
            [
              5.5697941,
              50.5839245
            ]
          ]
        ]
      },
      "id": "way/1553316248"
    },
    {
      "type": "Feature",
      "properties": {
        "@id": "way/1553316249",
        "access": "no",
        "description": "Arrière-scène/Réserve",
        "height": "3.6",
        "indoor": "room",
        "level": "-1",
        "official_ref": "-1/22a;-1/22b",
        "ref": "-1/22"
      },
      "geometry": {
        "type": "Polygon",
        "coordinates": [
          [
            [
              5.5700731,
              50.5841402
            ],
            [
              5.570051,
              50.5841317
            ],
            [
              5.5700273,
              50.5841225
            ],
            [
              5.5700075,
              50.5841135
            ],
            [
              5.569977,
              50.5840996
            ],
            [
              5.5699316,
              50.5840789
            ],
            [
              5.5699009,
              50.5840649
            ],
            [
              5.5698813,
              50.584056
            ],
            [
              5.5698468,
              50.5840694
            ],
            [
              5.5698326,
              50.5840629
            ],
            [
              5.5698183,
              50.5840563
            ],
            [
              5.5698529,
              50.5840427
            ],
            [
              5.5698422,
              50.5840378
            ],
            [
              5.5699319,
              50.5840027
            ],
            [
              5.5699669,
              50.5839891
            ],
            [
              5.5701056,
              50.5840528
            ],
            [
              5.5700866,
              50.5841038
            ],
            [
              5.5700763,
              50.5841315
            ],
            [
              5.5700731,
              50.5841402
            ]
          ]
        ]
      },
      "id": "way/1553316249"
    },
    {
      "type": "Feature",
      "properties": {
        "@id": "way/1553316250",
        "access": "no",
        "description": "Arrière-scène",
        "height": "3.6",
        "indoor": "room",
        "level": "-1",
        "ref": "-1/20"
      },
      "geometry": {
        "type": "Polygon",
        "coordinates": [
          [
            [
              5.569534,
              50.5839256
            ],
            [
              5.5695194,
              50.5839189
            ],
            [
              5.5695054,
              50.5839125
            ],
            [
              5.5695402,
              50.5838989
            ],
            [
              5.5695939,
              50.5838778
            ],
            [
              5.5696148,
              50.5838696
            ],
            [
              5.569632,
              50.5838775
            ],
            [
              5.56963,
              50.5838832
            ],
            [
              5.5696879,
              50.5839099
            ],
            [
              5.5696959,
              50.5839067
            ],
            [
              5.5697128,
              50.5839147
            ],
            [
              5.5697073,
              50.5839296
            ],
            [
              5.5696927,
              50.5839692
            ],
            [
              5.5696834,
              50.5839941
            ],
            [
              5.5696694,
              50.5839877
            ],
            [
              5.5696548,
              50.5839809
            ],
            [
              5.5696353,
              50.583972
            ],
            [
              5.569614,
              50.5839622
            ],
            [
              5.5695809,
              50.5839471
            ],
            [
              5.5695749,
              50.5839444
            ],
            [
              5.5695532,
              50.5839344
            ],
            [
              5.569534,
              50.5839256
            ]
          ]
        ]
      },
      "id": "way/1553316250"
    },
    {
      "type": "Feature",
      "properties": {
        "@id": "way/1553316251",
        "access": "no",
        "description": "Arrière-scène",
        "height": "3.6",
        "indoor": "room",
        "level": "-1",
        "ref": "-1/18"
      },
      "geometry": {
        "type": "Polygon",
        "coordinates": [
          [
            [
              5.5691953,
              50.5838022
            ],
            [
              5.5692018,
              50.5837871
            ],
            [
              5.569207,
              50.5837751
            ],
            [
              5.5692223,
              50.5837692
            ],
            [
              5.5692957,
              50.5837406
            ],
            [
              5.5693163,
              50.5837326
            ],
            [
              5.5693356,
              50.5837413
            ],
            [
              5.5693336,
              50.5837471
            ],
            [
              5.5693835,
              50.58377
            ],
            [
              5.5693914,
              50.5837671
            ],
            [
              5.5694125,
              50.5837766
            ],
            [
              5.5694069,
              50.5837917
            ],
            [
              5.5693922,
              50.583831
            ],
            [
              5.5693827,
              50.5838563
            ],
            [
              5.5693683,
              50.5838497
            ],
            [
              5.5693541,
              50.5838432
            ],
            [
              5.5693416,
              50.5838375
            ],
            [
              5.5693343,
              50.5838341
            ],
            [
              5.5693132,
              50.5838243
            ],
            [
              5.5692747,
              50.5838065
            ],
            [
              5.5692536,
              50.5837967
            ],
            [
              5.5692334,
              50.5837873
            ],
            [
              5.5691953,
              50.5838022
            ]
          ]
        ]
      },
      "id": "way/1553316251"
    },
    {
      "type": "Feature",
      "properties": {
        "@id": "way/1553316252",
        "capacity": "80",
        "description": "Salle de cours A1",
        "height": "3.3",
        "indoor": "room",
        "level": "-1",
        "name": "A1",
        "ref": "-1/10",
        "room": "classroom"
      },
      "geometry": {
        "type": "Polygon",
        "coordinates": [
          [
            [
              5.5696927,
              50.5839692
            ],
            [
              5.5698422,
              50.5840378
            ],
            [
              5.5698529,
              50.5840427
            ],
            [
              5.5698183,
              50.5840563
            ],
            [
              5.5698055,
              50.5840613
            ],
            [
              5.5697197,
              50.5840949
            ],
            [
              5.5696564,
              50.5840664
            ],
            [
              5.56968,
              50.5840033
            ],
            [
              5.5696834,
              50.5839941
            ],
            [
              5.5696927,
              50.5839692
            ]
          ]
        ]
      },
      "id": "way/1553316252"
    },
    {
      "type": "Feature",
      "properties": {
        "@id": "way/1553316253",
        "capacity": "60",
        "description": "Salle de cours A2",
        "height": "3.3",
        "indoor": "room",
        "level": "-1",
        "name": "A2",
        "ref": "-1/9",
        "room": "classroom"
      },
      "geometry": {
        "type": "Polygon",
        "coordinates": [
          [
            [
              5.5693558,
              50.583928
            ],
            [
              5.5693792,
              50.5838658
            ],
            [
              5.5693827,
              50.5838563
            ],
            [
              5.5693922,
              50.583831
            ],
            [
              5.5695402,
              50.5838989
            ],
            [
              5.5695054,
              50.5839125
            ],
            [
              5.5694928,
              50.5839174
            ],
            [
              5.5694068,
              50.5839511
            ],
            [
              5.5693558,
              50.583928
            ]
          ]
        ]
      },
      "id": "way/1553316253"
    },
    {
      "type": "Feature",
      "properties": {
        "@id": "way/1553316254",
        "height": "2.35",
        "indoor": "area",
        "level": "-1"
      },
      "geometry": {
        "type": "Polygon",
        "coordinates": [
          [
            [
              5.5696175,
              50.5841244
            ],
            [
              5.5695924,
              50.5841132
            ],
            [
              5.5695851,
              50.5841099
            ],
            [
              5.5695666,
              50.5841016
            ],
            [
              5.5696173,
              50.5840818
            ],
            [
              5.5697078,
              50.5841236
            ],
            [
              5.5696991,
              50.5841468
            ],
            [
              5.5696942,
              50.58416
            ],
            [
              5.5696757,
              50.5841513
            ],
            [
              5.5696688,
              50.5841481
            ],
            [
              5.5696553,
              50.5841418
            ],
            [
              5.5696175,
              50.5841244
            ]
          ]
        ]
      },
      "id": "way/1553316254"
    },
    {
      "type": "Feature",
      "properties": {
        "@id": "way/1553316259",
        "amenity": "toilets",
        "fee": "no",
        "female": "yes",
        "height": "2.2",
        "indoor": "room",
        "level": "-1",
        "ref": "-1/6a",
        "wheelchair": "no"
      },
      "geometry": {
        "type": "Polygon",
        "coordinates": [
          [
            [
              5.5696175,
              50.5841244
            ],
            [
              5.5696028,
              50.5841635
            ],
            [
              5.5695982,
              50.5841758
            ],
            [
              5.5695872,
              50.5841852
            ],
            [
              5.5694793,
              50.5841357
            ],
            [
              5.5695666,
              50.5841016
            ],
            [
              5.5695851,
              50.5841099
            ],
            [
              5.5695924,
              50.5841132
            ],
            [
              5.5696175,
              50.5841244
            ]
          ]
        ]
      },
      "id": "way/1553316259"
    },
    {
      "type": "Feature",
      "properties": {
        "@id": "way/1553316260",
        "amenity": "toilets",
        "fee": "no",
        "height": "2.2",
        "indoor": "room",
        "level": "-1",
        "male": "yes",
        "ref": "-1/6b",
        "wheelchair": "no"
      },
      "geometry": {
        "type": "Polygon",
        "coordinates": [
          [
            [
              5.5696553,
              50.5841418
            ],
            [
              5.5696688,
              50.5841481
            ],
            [
              5.5696757,
              50.5841513
            ],
            [
              5.5696942,
              50.58416
            ],
            [
              5.5696706,
              50.5842236
            ],
            [
              5.5695872,
              50.5841852
            ],
            [
              5.5695982,
              50.5841758
            ],
            [
              5.5696028,
              50.5841635
            ],
            [
              5.569641,
              50.5841804
            ],
            [
              5.5696553,
              50.5841418
            ]
          ]
        ]
      },
      "id": "way/1553316260"
    },
    {
      "type": "Feature",
      "properties": {
        "@id": "way/1553316261",
        "building:part": "yes",
        "height": "6.4",
        "level": "1",
        "min_height": "3.3",
        "@relations": [
          {
            "role": "part",
            "rel": 21293691,
            "reltags": {
              "type": "building"
            }
          }
        ]
      },
      "geometry": {
        "type": "Polygon",
        "coordinates": [
          [
            [
              5.5691794,
              50.5839977
            ],
            [
              5.5691408,
              50.5839801
            ],
            [
              5.5691162,
              50.5839688
            ],
            [
              5.5690923,
              50.5839578
            ],
            [
              5.5690774,
              50.583951
            ],
            [
              5.5690571,
              50.5839418
            ],
            [
              5.5690941,
              50.5838417
            ],
            [
              5.5691739,
              50.5838106
            ],
            [
              5.5692334,
              50.5837873
            ],
            [
              5.5693416,
              50.5838375
            ],
            [
              5.5693541,
              50.5838432
            ],
            [
              5.569317,
              50.5839436
            ],
            [
              5.5691794,
              50.5839977
            ]
          ]
        ]
      },
      "id": "way/1553316261"
    },
    {
      "type": "Feature",
      "properties": {
        "@id": "way/1553316262",
        "building:part": "yes",
        "height": "6.4",
        "level": "1",
        "min_height": "3.3",
        "@relations": [
          {
            "role": "inner",
            "rel": 21293688,
            "reltags": {
              "area": "yes",
              "highway": "pedestrian",
              "level": "1",
              "lit": "no",
              "smoothness": "good",
              "surface": "concrete",
              "type": "multipolygon"
            }
          },
          {
            "role": "part",
            "rel": 21293691,
            "reltags": {
              "type": "building"
            }
          }
        ]
      },
      "geometry": {
        "type": "Polygon",
        "coordinates": [
          [
            [
              5.5694793,
              50.5841357
            ],
            [
              5.5694418,
              50.5841184
            ],
            [
              5.5694174,
              50.5841072
            ],
            [
              5.569393,
              50.584096
            ],
            [
              5.569379,
              50.5840895
            ],
            [
              5.5693575,
              50.5840796
            ],
            [
              5.5693949,
              50.5839798
            ],
            [
              5.569534,
              50.5839256
            ],
            [
              5.5695809,
              50.5839471
            ],
            [
              5.5696548,
              50.5839809
            ],
            [
              5.5696173,
              50.5840818
            ],
            [
              5.5695666,
              50.5841016
            ],
            [
              5.5694793,
              50.5841357
            ]
          ]
        ]
      },
      "id": "way/1553316262"
    },
    {
      "type": "Feature",
      "properties": {
        "@id": "way/1553316263",
        "building:part": "yes",
        "height": "7",
        "level": "1",
        "min_height": "3.3",
        "@relations": [
          {
            "role": "part",
            "rel": 21293691,
            "reltags": {
              "type": "building"
            }
          }
        ]
      },
      "geometry": {
        "type": "Polygon",
        "coordinates": [
          [
            [
              5.5696613,
              50.5842485
            ],
            [
              5.5696706,
              50.5842236
            ],
            [
              5.5696942,
              50.58416
            ],
            [
              5.5696991,
              50.5841468
            ],
            [
              5.5697078,
              50.5841236
            ],
            [
              5.5698813,
              50.584056
            ],
            [
              5.5700273,
              50.5841225
            ],
            [
              5.5700169,
              50.5841505
            ],
            [
              5.5700037,
              50.5841859
            ],
            [
              5.5699803,
              50.584249
            ],
            [
              5.5699518,
              50.5842601
            ],
            [
              5.5699331,
              50.5842673
            ],
            [
              5.5698596,
              50.5842957
            ],
            [
              5.5698084,
              50.5843157
            ],
            [
              5.5697583,
              50.5842929
            ],
            [
              5.5697335,
              50.584282
            ],
            [
              5.5697095,
              50.5842705
            ],
            [
              5.569685,
              50.5842593
            ],
            [
              5.5696613,
              50.5842485
            ]
          ]
        ]
      },
      "id": "way/1553316263"
    },
    {
      "type": "Feature",
      "properties": {
        "@id": "way/1553316264",
        "indoor": "area",
        "level": "-1;0",
        "stairs": "yes"
      },
      "geometry": {
        "type": "Polygon",
        "coordinates": [
          [
            [
              5.5690112,
              50.5839207
            ],
            [
              5.5690436,
              50.5838344
            ],
            [
              5.5690687,
              50.583838
            ],
            [
              5.5690941,
              50.5838417
            ],
            [
              5.5690571,
              50.5839418
            ],
            [
              5.5690347,
              50.5839315
            ],
            [
              5.5690112,
              50.5839207
            ]
          ]
        ]
      },
      "id": "way/1553316264"
    },
    {
      "type": "Feature",
      "properties": {
        "@id": "way/1553316265",
        "indoor": "area",
        "level": "-1;0",
        "stairs": "yes"
      },
      "geometry": {
        "type": "Polygon",
        "coordinates": [
          [
            [
              5.5698596,
              50.5842957
            ],
            [
              5.5699331,
              50.5842673
            ],
            [
              5.5699518,
              50.5842601
            ],
            [
              5.5699803,
              50.584249
            ],
            [
              5.5700029,
              50.5842592
            ],
            [
              5.5700261,
              50.5842697
            ],
            [
              5.5699056,
              50.5843168
            ],
            [
              5.5698837,
              50.5843068
            ],
            [
              5.5698596,
              50.5842957
            ]
          ]
        ]
      },
      "id": "way/1553316265"
    },
    {
      "type": "Feature",
      "properties": {
        "@id": "way/1553316266",
        "artist_name": "Daniel Dutrieux",
        "artwork_type": "sculpture",
        "level": "0",
        "material": "Tournai granit;concrete;gravel",
        "name": "Virage aux idées claires de Magritte",
        "panoramax": "0742c269-e53d-4def-93c4-ba76269ce688",
        "start_date": "1984",
        "tourism": "artwork"
      },
      "geometry": {
        "type": "Polygon",
        "coordinates": [
          [
            [
              5.5689978,
              50.5836444
            ],
            [
              5.5690179,
              50.5836267
            ],
            [
              5.5691845,
              50.5837032
            ],
            [
              5.5691644,
              50.5837208
            ],
            [
              5.5689978,
              50.5836444
            ]
          ]
        ]
      },
      "id": "way/1553316266"
    },
    {
      "type": "Feature",
      "properties": {
        "@id": "way/1553316267",
        "building:part": "roof",
        "height": "3.9",
        "layer": "1",
        "level": "1",
        "min_height": "3.3",
        "@relations": [
          {
            "role": "part",
            "rel": 21293691,
            "reltags": {
              "type": "building"
            }
          }
        ]
      },
      "geometry": {
        "type": "Polygon",
        "coordinates": [
          [
            [
              5.5698538,
              50.5843947
            ],
            [
              5.5698802,
              50.5843847
            ],
            [
              5.5698639,
              50.584428
            ],
            [
              5.5698447,
              50.5844192
            ],
            [
              5.5698538,
              50.5843947
            ]
          ]
        ]
      },
      "id": "way/1553316267"
    },
    {
      "type": "Feature",
      "properties": {
        "@id": "way/1553316268",
        "building:part": "roof",
        "height": "3.9",
        "layer": "1",
        "level": "1",
        "min_height": "3.3",
        "@relations": [
          {
            "role": "part",
            "rel": 21293691,
            "reltags": {
              "type": "building"
            }
          }
        ]
      },
      "geometry": {
        "type": "Polygon",
        "coordinates": [
          [
            [
              5.5689769,
              50.5839341
            ],
            [
              5.5689938,
              50.5839419
            ],
            [
              5.5689902,
              50.583952
            ],
            [
              5.5689666,
              50.5839616
            ],
            [
              5.5689722,
              50.5839468
            ],
            [
              5.5689769,
              50.5839341
            ]
          ]
        ]
      },
      "id": "way/1553316268"
    },
    {
      "type": "Feature",
      "properties": {
        "@id": "way/1553316269",
        "indoor": "room",
        "level": "0",
        "name": "Presses Universitaires",
        "ref": "0/2a"
      },
      "geometry": {
        "type": "Polygon",
        "coordinates": [
          [
            [
              5.5697869,
              50.5844225
            ],
            [
              5.5698087,
              50.5844141
            ],
            [
              5.5698174,
              50.5844065
            ],
            [
              5.5698447,
              50.5844192
            ],
            [
              5.5698639,
              50.584428
            ],
            [
              5.5698542,
              50.584454
            ],
            [
              5.56983,
              50.5844633
            ],
            [
              5.5697718,
              50.5844361
            ],
            [
              5.5697877,
              50.5844301
            ],
            [
              5.5697961,
              50.5844268
            ],
            [
              5.5697869,
              50.5844225
            ]
          ]
        ]
      },
      "id": "way/1553316269"
    },
    {
      "type": "Feature",
      "properties": {
        "@id": "way/1553316270",
        "amenity": "toilets",
        "indoor": "room",
        "level": "0",
        "ref": "0/2b",
        "wheelchair": "designated"
      },
      "geometry": {
        "type": "Polygon",
        "coordinates": [
          [
            [
              5.5697643,
              50.5844119
            ],
            [
              5.5697776,
              50.5843998
            ],
            [
              5.5698087,
              50.5844141
            ],
            [
              5.5697869,
              50.5844225
            ],
            [
              5.5697806,
              50.5844195
            ],
            [
              5.5697643,
              50.5844119
            ]
          ]
        ]
      },
      "id": "way/1553316270"
    },
    {
      "type": "Feature",
      "properties": {
        "@id": "way/1553316271",
        "access": "no",
        "indoor": "room",
        "level": "0",
        "ref": "0/2c"
      },
      "geometry": {
        "type": "Polygon",
        "coordinates": [
          [
            [
              5.5697345,
              50.584398
            ],
            [
              5.5697394,
              50.5843844
            ],
            [
              5.5697595,
              50.5843914
            ],
            [
              5.5697776,
              50.5843998
            ],
            [
              5.5697643,
              50.5844119
            ],
            [
              5.5697456,
              50.5844032
            ],
            [
              5.5697345,
              50.584398
            ]
          ]
        ]
      },
      "id": "way/1553316271"
    },
    {
      "type": "Feature",
      "properties": {
        "@id": "way/1553316272",
        "indoor": "wall",
        "level": "0"
      },
      "geometry": {
        "type": "Polygon",
        "coordinates": [
          [
            [
              5.5697595,
              50.5843914
            ],
            [
              5.5697394,
              50.5843844
            ],
            [
              5.5697557,
              50.5843784
            ],
            [
              5.569768,
              50.584384
            ],
            [
              5.5697595,
              50.5843914
            ]
          ]
        ]
      },
      "id": "way/1553316272"
    },
    {
      "type": "Feature",
      "properties": {
        "@id": "way/1553316274",
        "indoor": "area",
        "level": "-1;0",
        "stairs": "yes",
        "@relations": [
          {
            "role": "inner",
            "rel": 21293689,
            "reltags": {
              "description": "Hall d'entrée",
              "indoor": "area",
              "level": "0",
              "ref": "0/4;0/6",
              "type": "multipolygon"
            }
          }
        ]
      },
      "geometry": {
        "type": "Polygon",
        "coordinates": [
          [
            [
              5.5696362,
              50.5841936
            ],
            [
              5.5695982,
              50.5841758
            ],
            [
              5.5696028,
              50.5841635
            ],
            [
              5.5696175,
              50.5841244
            ],
            [
              5.5696553,
              50.5841418
            ],
            [
              5.569641,
              50.5841804
            ],
            [
              5.5696362,
              50.5841936
            ]
          ]
        ]
      },
      "id": "way/1553316274"
    },
    {
      "type": "Feature",
      "properties": {
        "@id": "way/1553316275",
        "indoor": "area",
        "level": "-1;0",
        "stairs": "yes",
        "@relations": [
          {
            "role": "inner",
            "rel": 21293689,
            "reltags": {
              "description": "Hall d'entrée",
              "indoor": "area",
              "level": "0",
              "ref": "0/4;0/6",
              "type": "multipolygon"
            }
          }
        ]
      },
      "geometry": {
        "type": "Polygon",
        "coordinates": [
          [
            [
              5.5693233,
              50.5840498
            ],
            [
              5.5692853,
              50.584032
            ],
            [
              5.56929,
              50.5840196
            ],
            [
              5.5693046,
              50.5839806
            ],
            [
              5.5693424,
              50.583998
            ],
            [
              5.5693281,
              50.584037
            ],
            [
              5.5693233,
              50.5840498
            ]
          ]
        ]
      },
      "id": "way/1553316275"
    },
    {
      "type": "Feature",
      "properties": {
        "@id": "way/1553316276",
        "building:part": "roof",
        "height": "3.9",
        "layer": "1",
        "level": "1",
        "min_height": "3.3",
        "@relations": [
          {
            "role": "part",
            "rel": 21293691,
            "reltags": {
              "type": "building"
            }
          }
        ]
      },
      "geometry": {
        "type": "Polygon",
        "coordinates": [
          [
            [
              5.5694246,
              50.5842766
            ],
            [
              5.5694461,
              50.5842684
            ],
            [
              5.5695942,
              50.5843362
            ],
            [
              5.5695888,
              50.5843506
            ],
            [
              5.5695567,
              50.5843361
            ],
            [
              5.5694246,
              50.5842766
            ]
          ]
        ]
      },
      "id": "way/1553316276"
    },
    {
      "type": "Feature",
      "properties": {
        "@id": "way/1553316277",
        "building:part": "roof",
        "height": "3.9",
        "layer": "1",
        "level": "1",
        "min_height": "3.3",
        "@relations": [
          {
            "role": "part",
            "rel": 21293691,
            "reltags": {
              "type": "building"
            }
          }
        ]
      },
      "geometry": {
        "type": "Polygon",
        "coordinates": [
          [
            [
              5.5691562,
              50.5840807
            ],
            [
              5.5691783,
              50.5840719
            ],
            [
              5.5692424,
              50.5841019
            ],
            [
              5.5692369,
              50.5841178
            ],
            [
              5.5691562,
              50.5840807
            ]
          ]
        ]
      },
      "id": "way/1553316277"
    },
    {
      "type": "Feature",
      "properties": {
        "@id": "way/1553316278",
        "access": "no",
        "height": "3.3",
        "indoor": "room",
        "level": "0",
        "ref": "0/10"
      },
      "geometry": {
        "type": "Polygon",
        "coordinates": [
          [
            [
              5.5697071,
              50.583962
            ],
            [
              5.5698815,
              50.5840424
            ],
            [
              5.5698813,
              50.584056
            ],
            [
              5.5698468,
              50.5840694
            ],
            [
              5.5697078,
              50.5841236
            ],
            [
              5.5696626,
              50.5841027
            ],
            [
              5.5696173,
              50.5840818
            ],
            [
              5.5696548,
              50.5839809
            ],
            [
              5.5696756,
              50.5839734
            ],
            [
              5.5697071,
              50.583962
            ]
          ]
        ]
      },
      "id": "way/1553316278"
    },
    {
      "type": "Feature",
      "properties": {
        "@id": "way/1553316279",
        "indoor": "corridor",
        "level": "0",
        "ref": "0/20"
      },
      "geometry": {
        "type": "Polygon",
        "coordinates": [
          [
            [
              5.5695809,
              50.5839471
            ],
            [
              5.5695879,
              50.5839287
            ],
            [
              5.5695949,
              50.5839103
            ],
            [
              5.569632,
              50.5839274
            ],
            [
              5.5697071,
              50.583962
            ],
            [
              5.5696756,
              50.5839734
            ],
            [
              5.5696548,
              50.5839809
            ],
            [
              5.5695809,
              50.5839471
            ]
          ]
        ]
      },
      "id": "way/1553316279"
    },
    {
      "type": "Feature",
      "properties": {
        "@id": "way/1553316280",
        "height": "3.6",
        "indoor": "room",
        "level": "0",
        "name": "Salle d'étude",
        "ref": "0/9",
        "wheelchair": "yes"
      },
      "geometry": {
        "type": "Polygon",
        "coordinates": [
          [
            [
              5.5693416,
              50.5838375
            ],
            [
              5.5693936,
              50.5838176
            ],
            [
              5.5695949,
              50.5839103
            ],
            [
              5.5695879,
              50.5839287
            ],
            [
              5.5695809,
              50.5839471
            ],
            [
              5.569534,
              50.5839256
            ],
            [
              5.5693949,
              50.5839798
            ],
            [
              5.5693545,
              50.583961
            ],
            [
              5.569317,
              50.5839436
            ],
            [
              5.5693541,
              50.5838432
            ],
            [
              5.5693416,
              50.5838375
            ]
          ]
        ]
      },
      "id": "way/1553316280"
    },
    {
      "type": "Feature",
      "properties": {
        "@id": "way/1553316281",
        "capacity": "308",
        "capacity:disabled": "2",
        "indoor": "room",
        "level": "-1;0",
        "name": "Amphithéâtre 303",
        "ref": "0/3",
        "room": "lecture_hall",
        "short_name": "A303",
        "socket:typee": "300",
        "wheelchair": "yes"
      },
      "geometry": {
        "type": "Polygon",
        "coordinates": [
          [
            [
              5.5690941,
              50.5838417
            ],
            [
              5.5691739,
              50.5838106
            ],
            [
              5.5691953,
              50.5838022
            ],
            [
              5.5692334,
              50.5837873
            ],
            [
              5.5692536,
              50.5837967
            ],
            [
              5.5692747,
              50.5838065
            ],
            [
              5.5693132,
              50.5838243
            ],
            [
              5.5693343,
              50.5838341
            ],
            [
              5.5693416,
              50.5838375
            ],
            [
              5.5693541,
              50.5838432
            ],
            [
              5.5693391,
              50.5838838
            ],
            [
              5.5693383,
              50.583886
            ],
            [
              5.569317,
              50.5839436
            ],
            [
              5.5692663,
              50.5839635
            ],
            [
              5.5691794,
              50.5839977
            ],
            [
              5.5691408,
              50.5839801
            ],
            [
              5.5691565,
              50.5839663
            ],
            [
              5.5691633,
              50.5839604
            ],
            [
              5.5691148,
              50.5839379
            ],
            [
              5.569108,
              50.583944
            ],
            [
              5.5690923,
              50.5839578
            ],
            [
              5.5690571,
              50.5839418
            ],
            [
              5.5690941,
              50.5838417
            ]
          ]
        ]
      },
      "id": "way/1553316281"
    },
    {
      "type": "Feature",
      "properties": {
        "@id": "way/1553316282",
        "capacity": "304",
        "capacity:disabled": "2",
        "indoor": "room",
        "level": "-1;0",
        "name": "Amphithéâtre 300",
        "ref": "0/5",
        "room": "lecture_hall",
        "short_name": "A300",
        "socket:typee": "300",
        "wheelchair": "yes"
      },
      "geometry": {
        "type": "Polygon",
        "coordinates": [
          [
            [
              5.5696548,
              50.5839809
            ],
            [
              5.5696387,
              50.5840244
            ],
            [
              5.5696173,
              50.5840818
            ],
            [
              5.5695666,
              50.5841016
            ],
            [
              5.5694793,
              50.5841357
            ],
            [
              5.5694418,
              50.5841184
            ],
            [
              5.5694571,
              50.5841047
            ],
            [
              5.5694635,
              50.584099
            ],
            [
              5.569415,
              50.5840765
            ],
            [
              5.5694091,
              50.5840818
            ],
            [
              5.569393,
              50.584096
            ],
            [
              5.5693575,
              50.5840796
            ],
            [
              5.5693814,
              50.5840157
            ],
            [
              5.5693949,
              50.5839798
            ],
            [
              5.5694728,
              50.5839494
            ],
            [
              5.5694749,
              50.5839487
            ],
            [
              5.569534,
              50.5839256
            ],
            [
              5.5695532,
              50.5839344
            ],
            [
              5.5695749,
              50.5839444
            ],
            [
              5.5695809,
              50.5839471
            ],
            [
              5.569614,
              50.5839622
            ],
            [
              5.5696353,
              50.583972
            ],
            [
              5.5696548,
              50.5839809
            ]
          ]
        ]
      },
      "id": "way/1553316282"
    },
    {
      "type": "Feature",
      "properties": {
        "@id": "way/1553316283",
        "capacity": "504",
        "capacity:disabled": "4",
        "indoor": "room",
        "level": "-1;0",
        "name": "Amphithéâtre 500",
        "ref": "0/7",
        "room": "lecture_hall",
        "short_name": "A500",
        "socket:typee": "500",
        "wheelchair": "yes"
      },
      "geometry": {
        "type": "Polygon",
        "coordinates": [
          [
            [
              5.5700273,
              50.5841225
            ],
            [
              5.5700169,
              50.5841505
            ],
            [
              5.570012,
              50.5841636
            ],
            [
              5.5700037,
              50.5841859
            ],
            [
              5.5699803,
              50.584249
            ],
            [
              5.5699518,
              50.5842601
            ],
            [
              5.5699331,
              50.5842673
            ],
            [
              5.5698596,
              50.5842957
            ],
            [
              5.5698084,
              50.5843157
            ],
            [
              5.5697583,
              50.5842929
            ],
            [
              5.5697734,
              50.5842796
            ],
            [
              5.5697804,
              50.5842735
            ],
            [
              5.5697316,
              50.5842509
            ],
            [
              5.5697247,
              50.5842571
            ],
            [
              5.5697095,
              50.5842705
            ],
            [
              5.569685,
              50.5842593
            ],
            [
              5.5696613,
              50.5842485
            ],
            [
              5.5696706,
              50.5842236
            ],
            [
              5.5696942,
              50.58416
            ],
            [
              5.5696991,
              50.5841468
            ],
            [
              5.5697078,
              50.5841236
            ],
            [
              5.5698251,
              50.5840779
            ],
            [
              5.5698468,
              50.5840694
            ],
            [
              5.5698813,
              50.584056
            ],
            [
              5.5699009,
              50.5840649
            ],
            [
              5.5699316,
              50.5840789
            ],
            [
              5.569977,
              50.5840996
            ],
            [
              5.5700075,
              50.5841135
            ],
            [
              5.5700273,
              50.5841225
            ]
          ]
        ]
      },
      "id": "way/1553316283"
    },
    {
      "type": "Feature",
      "properties": {
        "@id": "way/1553316284",
        "building:part": "yes",
        "height": "0",
        "min_height": "0",
        "roof:direction": "122",
        "roof:height": "3.9",
        "roof:shape": "skillion",
        "@relations": [
          {
            "role": "part",
            "rel": 21293691,
            "reltags": {
              "type": "building"
            }
          }
        ]
      },
      "geometry": {
        "type": "Polygon",
        "coordinates": [
          [
            [
              5.5698596,
              50.5842957
            ],
            [
              5.5699331,
              50.5842673
            ],
            [
              5.5699518,
              50.5842601
            ],
            [
              5.5699803,
              50.584249
            ],
            [
              5.5700261,
              50.5842697
            ],
            [
              5.5699056,
              50.5843168
            ],
            [
              5.5698596,
              50.5842957
            ]
          ]
        ]
      },
      "id": "way/1553316284"
    },
    {
      "type": "Feature",
      "properties": {
        "@id": "way/1553316286",
        "building:part": "roof",
        "height": "0",
        "level": "0",
        "min_height": "-0.6",
        "@relations": [
          {
            "role": "part",
            "rel": 21293691,
            "reltags": {
              "type": "building"
            }
          }
        ]
      },
      "geometry": {
        "type": "Polygon",
        "coordinates": [
          [
            [
              5.5697941,
              50.5839245
            ],
            [
              5.5698265,
              50.5839117
            ],
            [
              5.5701239,
              50.5840489
            ],
            [
              5.5700867,
              50.5841465
            ],
            [
              5.5700731,
              50.5841402
            ],
            [
              5.5700763,
              50.5841315
            ],
            [
              5.5700866,
              50.5841038
            ],
            [
              5.5701056,
              50.5840528
            ],
            [
              5.5698239,
              50.5839233
            ],
            [
              5.5698064,
              50.5839302
            ],
            [
              5.5697941,
              50.5839245
            ]
          ]
        ]
      },
      "id": "way/1553316286"
    },
    {
      "type": "Feature",
      "properties": {
        "@id": "way/1553316289",
        "building:part": "yes",
        "height": "0",
        "min_height": "0",
        "roof:direction": "166",
        "roof:height": "3.9",
        "roof:shape": "skillion",
        "@relations": [
          {
            "role": "part",
            "rel": 21293691,
            "reltags": {
              "type": "building"
            }
          }
        ]
      },
      "geometry": {
        "type": "Polygon",
        "coordinates": [
          [
            [
              5.5690941,
              50.5838417
            ],
            [
              5.5690571,
              50.5839418
            ],
            [
              5.5690112,
              50.5839207
            ],
            [
              5.5690436,
              50.5838344
            ],
            [
              5.5690941,
              50.5838417
            ]
          ]
        ]
      },
      "id": "way/1553316289"
    },
    {
      "type": "Feature",
      "properties": {
        "@id": "way/1553316291",
        "building:part": "yes",
        "height": "-4",
        "level": "-2",
        "min_height": "-8",
        "@relations": [
          {
            "role": "part",
            "rel": 21293691,
            "reltags": {
              "type": "building"
            }
          }
        ]
      },
      "geometry": {
        "type": "Polygon",
        "coordinates": [
          [
            [
              5.5700757,
              50.584176
            ],
            [
              5.5700583,
              50.5841828
            ],
            [
              5.5700499,
              50.5842054
            ],
            [
              5.5700037,
              50.5841859
            ],
            [
              5.5700169,
              50.5841505
            ],
            [
              5.5700273,
              50.5841225
            ],
            [
              5.5698909,
              50.5840604
            ],
            [
              5.5698813,
              50.584056
            ],
            [
              5.5698468,
              50.5840694
            ],
            [
              5.5698183,
              50.5840563
            ],
            [
              5.5696834,
              50.5839941
            ],
            [
              5.5696548,
              50.5839809
            ],
            [
              5.5695809,
              50.5839471
            ],
            [
              5.569534,
              50.5839256
            ],
            [
              5.5695054,
              50.5839125
            ],
            [
              5.5693827,
              50.5838563
            ],
            [
              5.5693541,
              50.5838432
            ],
            [
              5.5693416,
              50.5838375
            ],
            [
              5.5692334,
              50.5837873
            ],
            [
              5.569207,
              50.5837751
            ],
            [
              5.5691755,
              50.5837606
            ],
            [
              5.5692837,
              50.5837193
            ],
            [
              5.5693182,
              50.5837059
            ],
            [
              5.5695015,
              50.5837901
            ],
            [
              5.5695406,
              50.5838081
            ],
            [
              5.5695628,
              50.5838182
            ],
            [
              5.5695838,
              50.5838279
            ],
            [
              5.569659,
              50.5838625
            ],
            [
              5.5697575,
              50.5839077
            ],
            [
              5.5697907,
              50.583923
            ],
            [
              5.5697941,
              50.5839245
            ],
            [
              5.5698064,
              50.5839302
            ],
            [
              5.5698239,
              50.5839233
            ],
            [
              5.5699248,
              50.5839697
            ],
            [
              5.5699396,
              50.5839765
            ],
            [
              5.5699494,
              50.583981
            ],
            [
              5.570021,
              50.5840139
            ],
            [
              5.570051,
              50.5840277
            ],
            [
              5.570078,
              50.5840401
            ],
            [
              5.5701056,
              50.5840528
            ],
            [
              5.5700866,
              50.5841038
            ],
            [
              5.5700854,
              50.584107
            ],
            [
              5.5700763,
              50.5841315
            ],
            [
              5.5700731,
              50.5841402
            ],
            [
              5.5700867,
              50.5841465
            ],
            [
              5.5700757,
              50.584176
            ]
          ]
        ]
      },
      "id": "way/1553316291"
    },
    {
      "type": "Feature",
      "properties": {
        "@id": "way/1553316294",
        "building:part": "roof",
        "height": "3.9",
        "layer": "1",
        "level": "1",
        "min_height": "3.3",
        "@relations": [
          {
            "role": "part",
            "rel": 21293691,
            "reltags": {
              "type": "building"
            }
          }
        ]
      },
      "geometry": {
        "type": "Polygon",
        "coordinates": [
          [
            [
              5.5698542,
              50.584454
            ],
            [
              5.5698354,
              50.5845043
            ],
            [
              5.569823,
              50.5845374
            ],
            [
              5.5698057,
              50.5845838
            ],
            [
              5.5697191,
              50.5846177
            ],
            [
              5.5697036,
              50.5846237
            ],
            [
              5.5696121,
              50.5845515
            ],
            [
              5.5696011,
              50.5845519
            ],
            [
              5.5695965,
              50.5844748
            ],
            [
              5.5695925,
              50.5844103
            ],
            [
              5.5695888,
              50.5843506
            ],
            [
              5.56983,
              50.5844633
            ],
            [
              5.5698542,
              50.584454
            ]
          ]
        ]
      },
      "id": "way/1553316294"
    },
    {
      "type": "Feature",
      "properties": {
        "@id": "way/1556849492",
        "access": "no",
        "description": "Local technique",
        "height": "2.3",
        "indoor": "room",
        "level": "-1",
        "ref": "-1/40"
      },
      "geometry": {
        "type": "Polygon",
        "coordinates": [
          [
            [
              5.5666366,
              50.5848044
            ],
            [
              5.5667146,
              50.5848404
            ],
            [
              5.5667124,
              50.5848423
            ],
            [
              5.5666922,
              50.58486
            ],
            [
              5.566614,
              50.5848241
            ],
            [
              5.5666251,
              50.5848144
            ],
            [
              5.5666366,
              50.5848044
            ]
          ]
        ]
      },
      "id": "way/1556849492"
    },
    {
      "type": "Feature",
      "properties": {
        "@id": "way/1556849495",
        "height": "2.2",
        "indoor": "area",
        "level": "-1"
      },
      "geometry": {
        "type": "Polygon",
        "coordinates": [
          [
            [
              5.5663325,
              50.5847343
            ],
            [
              5.5663362,
              50.5847312
            ],
            [
              5.5663398,
              50.5847282
            ],
            [
              5.56636,
              50.5847373
            ],
            [
              5.5664204,
              50.5847651
            ],
            [
              5.5664427,
              50.5847753
            ],
            [
              5.5664188,
              50.5847962
            ],
            [
              5.56641,
              50.584792
            ],
            [
              5.5664009,
              50.5847877
            ],
            [
              5.5664075,
              50.5847819
            ],
            [
              5.5664146,
              50.5847756
            ],
            [
              5.566396,
              50.5847699
            ],
            [
              5.5663781,
              50.5847626
            ],
            [
              5.5663617,
              50.5847543
            ],
            [
              5.5663473,
              50.5847448
            ],
            [
              5.5663404,
              50.584751
            ],
            [
              5.5663343,
              50.5847564
            ],
            [
              5.5663251,
              50.5847524
            ],
            [
              5.5663159,
              50.5847484
            ],
            [
              5.5663325,
              50.5847343
            ]
          ]
        ]
      },
      "id": "way/1556849495"
    },
    {
      "type": "Feature",
      "properties": {
        "@id": "way/1556849507",
        "access": "no",
        "description": "Local entretien",
        "height": "2.2",
        "indoor": "room",
        "level": "-1",
        "ref": "-1/26"
      },
      "geometry": {
        "type": "Polygon",
        "coordinates": [
          [
            [
              5.5664009,
              50.5847877
            ],
            [
              5.5663536,
              50.5847652
            ],
            [
              5.5663343,
              50.5847564
            ],
            [
              5.5663404,
              50.584751
            ],
            [
              5.5663473,
              50.5847448
            ],
            [
              5.5663617,
              50.5847543
            ],
            [
              5.5663781,
              50.5847626
            ],
            [
              5.566396,
              50.5847699
            ],
            [
              5.5664146,
              50.5847756
            ],
            [
              5.5664075,
              50.5847819
            ],
            [
              5.5664009,
              50.5847877
            ]
          ]
        ]
      },
      "id": "way/1556849507"
    },
    {
      "type": "Feature",
      "properties": {
        "@id": "way/1556849508",
        "amenity": "toilets",
        "fee": "no",
        "height": "2.2",
        "indoor": "room",
        "level": "-1",
        "male": "yes",
        "ref": "-1/27",
        "wheelchair": "yes"
      },
      "geometry": {
        "type": "Polygon",
        "coordinates": [
          [
            [
              5.5663536,
              50.5847652
            ],
            [
              5.5664009,
              50.5847877
            ],
            [
              5.56641,
              50.584792
            ],
            [
              5.5664188,
              50.5847962
            ],
            [
              5.5664427,
              50.5847753
            ],
            [
              5.5664742,
              50.5847898
            ],
            [
              5.5664837,
              50.5847942
            ],
            [
              5.5664929,
              50.5847984
            ],
            [
              5.5664664,
              50.5848217
            ],
            [
              5.5664733,
              50.5848251
            ],
            [
              5.5664531,
              50.5848427
            ],
            [
              5.5663774,
              50.5848079
            ],
            [
              5.5663789,
              50.5848064
            ],
            [
              5.5663312,
              50.5847847
            ],
            [
              5.5663536,
              50.5847652
            ]
          ]
        ]
      },
      "id": "way/1556849508"
    },
    {
      "type": "Feature",
      "properties": {
        "@id": "way/1556849509",
        "amenity": "toilets",
        "fee": "no",
        "female": "yes",
        "height": "2.2",
        "indoor": "room",
        "level": "-1",
        "official_ref": "-1/25a;-1/25b/-1/25c",
        "ref": "-1/25",
        "wheelchair": "yes"
      },
      "geometry": {
        "type": "Polygon",
        "coordinates": [
          [
            [
              5.5663398,
              50.5847282
            ],
            [
              5.5663362,
              50.5847312
            ],
            [
              5.5663325,
              50.5847343
            ],
            [
              5.5663159,
              50.5847484
            ],
            [
              5.5663251,
              50.5847524
            ],
            [
              5.5663343,
              50.5847564
            ],
            [
              5.5663536,
              50.5847652
            ],
            [
              5.5663312,
              50.5847847
            ],
            [
              5.5663124,
              50.5847759
            ],
            [
              5.5661751,
              50.5847127
            ],
            [
              5.5661429,
              50.5846978
            ],
            [
              5.5661881,
              50.5846582
            ],
            [
              5.5662373,
              50.5846809
            ],
            [
              5.5662854,
              50.5847031
            ],
            [
              5.5663182,
              50.5847182
            ],
            [
              5.5663398,
              50.5847282
            ]
          ]
        ]
      },
      "id": "way/1556849509"
    },
    {
      "type": "Feature",
      "properties": {
        "@id": "way/1556849511",
        "indoor": "corridor",
        "level": "-1",
        "ref": "-1/C2"
      },
      "geometry": {
        "type": "Polygon",
        "coordinates": [
          [
            [
              5.5665941,
              50.584725
            ],
            [
              5.566584,
              50.5847204
            ],
            [
              5.5665736,
              50.5847156
            ],
            [
              5.5666035,
              50.5846893
            ],
            [
              5.5666184,
              50.5846763
            ],
            [
              5.5666296,
              50.5846768
            ],
            [
              5.5666411,
              50.5846755
            ],
            [
              5.5666515,
              50.5846722
            ],
            [
              5.566661,
              50.5846665
            ],
            [
              5.5666668,
              50.5846598
            ],
            [
              5.5666695,
              50.5846516
            ],
            [
              5.5666682,
              50.5846439
            ],
            [
              5.5666631,
              50.5846366
            ],
            [
              5.5666779,
              50.5846238
            ],
            [
              5.5666929,
              50.5846108
            ],
            [
              5.5667033,
              50.5846156
            ],
            [
              5.5667135,
              50.5846202
            ],
            [
              5.566719,
              50.5846228
            ],
            [
              5.5667248,
              50.5846254
            ],
            [
              5.56671,
              50.5846386
            ],
            [
              5.5667195,
              50.5846429
            ],
            [
              5.566726,
              50.5846459
            ],
            [
              5.5666996,
              50.584669
            ],
            [
              5.5666769,
              50.5846889
            ],
            [
              5.5666512,
              50.5847114
            ],
            [
              5.5666454,
              50.5847087
            ],
            [
              5.5666376,
              50.5847051
            ],
            [
              5.5666226,
              50.5847182
            ],
            [
              5.5666164,
              50.5847153
            ],
            [
              5.566609,
              50.5847119
            ],
            [
              5.5665941,
              50.584725
            ]
          ]
        ]
      },
      "id": "way/1556849511"
    },
    {
      "type": "Feature",
      "properties": {
        "@id": "way/1556849512",
        "colour": "blue",
        "description": "Étude",
        "fixme": "number of sockets;capacity",
        "height": "3",
        "indoor": "room",
        "level": "-1",
        "name": "S64",
        "ref": "-1/60",
        "room": "classroom"
      },
      "geometry": {
        "type": "Polygon",
        "coordinates": [
          [
            [
              5.5665493,
              50.5847645
            ],
            [
              5.5665602,
              50.5847548
            ],
            [
              5.5665941,
              50.584725
            ],
            [
              5.566609,
              50.5847119
            ],
            [
              5.5666164,
              50.5847153
            ],
            [
              5.5666226,
              50.5847182
            ],
            [
              5.5666376,
              50.5847051
            ],
            [
              5.5666454,
              50.5847087
            ],
            [
              5.5666512,
              50.5847114
            ],
            [
              5.5666965,
              50.5847321
            ],
            [
              5.5668227,
              50.5847901
            ],
            [
              5.5668077,
              50.5848033
            ],
            [
              5.5667974,
              50.5847986
            ],
            [
              5.5667749,
              50.5848183
            ],
            [
              5.5667525,
              50.5848378
            ],
            [
              5.5667628,
              50.5848426
            ],
            [
              5.5667457,
              50.5848575
            ],
            [
              5.5667124,
              50.5848423
            ],
            [
              5.5667146,
              50.5848404
            ],
            [
              5.5666366,
              50.5848044
            ],
            [
              5.5666217,
              50.5847976
            ],
            [
              5.5665493,
              50.5847645
            ]
          ]
        ]
      },
      "id": "way/1556849512"
    },
    {
      "type": "Feature",
      "properties": {
        "@id": "way/1556849513",
        "capacity": "80",
        "fixme": "number of sockets;room colours",
        "height": "3",
        "indoor": "room",
        "level": "-1",
        "name": "S74",
        "ref": "-1/80",
        "room": "classroom"
      },
      "geometry": {
        "type": "Polygon",
        "coordinates": [
          [
            [
              5.566726,
              50.5846459
            ],
            [
              5.5667713,
              50.5846665
            ],
            [
              5.5668975,
              50.5847247
            ],
            [
              5.5668825,
              50.5847378
            ],
            [
              5.5668722,
              50.5847331
            ],
            [
              5.5668498,
              50.5847527
            ],
            [
              5.5668273,
              50.5847724
            ],
            [
              5.5668375,
              50.5847771
            ],
            [
              5.5668227,
              50.5847901
            ],
            [
              5.5666965,
              50.5847321
            ],
            [
              5.5666512,
              50.5847114
            ],
            [
              5.5666769,
              50.5846889
            ],
            [
              5.5666996,
              50.584669
            ],
            [
              5.566726,
              50.5846459
            ]
          ]
        ]
      },
      "id": "way/1556849513"
    },
    {
      "type": "Feature",
      "properties": {
        "@id": "way/1556849514",
        "capacity": "100",
        "colour": "orange",
        "fixme": "number of sockets",
        "height": "3",
        "indoor": "room",
        "level": "-1",
        "name": "S94",
        "ref": "-1/90",
        "room": "classroom"
      },
      "geometry": {
        "type": "Polygon",
        "coordinates": [
          [
            [
              5.5667135,
              50.5846202
            ],
            [
              5.5667272,
              50.5846085
            ],
            [
              5.5667435,
              50.5845942
            ],
            [
              5.5667583,
              50.5845811
            ],
            [
              5.5667755,
              50.584566
            ],
            [
              5.5667866,
              50.5845711
            ],
            [
              5.5668479,
              50.5845993
            ],
            [
              5.5669743,
              50.5846575
            ],
            [
              5.5669573,
              50.5846723
            ],
            [
              5.5669469,
              50.5846676
            ],
            [
              5.5669244,
              50.5846874
            ],
            [
              5.5669021,
              50.5847069
            ],
            [
              5.5669124,
              50.5847116
            ],
            [
              5.5668975,
              50.5847247
            ],
            [
              5.5667713,
              50.5846665
            ],
            [
              5.566726,
              50.5846459
            ],
            [
              5.5667195,
              50.5846429
            ],
            [
              5.56671,
              50.5846386
            ],
            [
              5.5667248,
              50.5846254
            ],
            [
              5.566719,
              50.5846228
            ],
            [
              5.5667135,
              50.5846202
            ]
          ]
        ]
      },
      "id": "way/1556849514"
    },
    {
      "type": "Feature",
      "properties": {
        "@id": "way/1556849515",
        "access": "no",
        "description": "Machinerie Ascenseur",
        "height": "3.1",
        "indoor": "room",
        "level": "-1",
        "ref": "-1/77"
      },
      "geometry": {
        "type": "Polygon",
        "coordinates": [
          [
            [
              5.5667065,
              50.584599
            ],
            [
              5.5667272,
              50.5846085
            ],
            [
              5.5667135,
              50.5846202
            ],
            [
              5.5667033,
              50.5846156
            ],
            [
              5.5666929,
              50.5846108
            ],
            [
              5.5667065,
              50.584599
            ]
          ]
        ]
      },
      "id": "way/1556849515"
    },
    {
      "type": "Feature",
      "properties": {
        "@id": "way/1556849516",
        "description": "Premiers soins",
        "indoor": "room",
        "level": "-1",
        "ref": "-1/87b",
        "room": "nursery"
      },
      "geometry": {
        "type": "Polygon",
        "coordinates": [
          [
            [
              5.5667374,
              50.5845715
            ],
            [
              5.5667546,
              50.5845563
            ],
            [
              5.5667755,
              50.584566
            ],
            [
              5.5667583,
              50.5845811
            ],
            [
              5.566748,
              50.5845764
            ],
            [
              5.5667374,
              50.5845715
            ]
          ]
        ]
      },
      "id": "way/1556849516"
    },
    {
      "type": "Feature",
      "properties": {
        "@id": "way/1556849517",
        "indoor": "corridor",
        "level": "-1",
        "ref": "-1/87a"
      },
      "geometry": {
        "type": "Polygon",
        "coordinates": [
          [
            [
              5.5667228,
              50.5845847
            ],
            [
              5.5667307,
              50.5845773
            ],
            [
              5.5667374,
              50.5845715
            ],
            [
              5.566748,
              50.5845764
            ],
            [
              5.5667583,
              50.5845811
            ],
            [
              5.5667435,
              50.5845942
            ],
            [
              5.5667228,
              50.5845847
            ]
          ]
        ]
      },
      "id": "way/1556849517"
    },
    {
      "type": "Feature",
      "properties": {
        "@id": "way/1556849520",
        "description": "Cuisine",
        "indoor": "room",
        "level": "-1",
        "ref": "-1/65"
      },
      "geometry": {
        "type": "Polygon",
        "coordinates": [
          [
            [
              5.5665801,
              50.5845988
            ],
            [
              5.566578,
              50.5846048
            ],
            [
              5.5665746,
              50.5846105
            ],
            [
              5.5665706,
              50.584616
            ],
            [
              5.5665654,
              50.5846212
            ],
            [
              5.566559,
              50.5846263
            ],
            [
              5.5665518,
              50.5846308
            ],
            [
              5.5665437,
              50.5846346
            ],
            [
              5.5665351,
              50.584638
            ],
            [
              5.566516,
              50.5846292
            ],
            [
              5.5665093,
              50.5846261
            ],
            [
              5.5664947,
              50.5846194
            ],
            [
              5.5664741,
              50.5846099
            ],
            [
              5.5664966,
              50.5845902
            ],
            [
              5.5665189,
              50.5845706
            ],
            [
              5.5665396,
              50.58458
            ],
            [
              5.5665617,
              50.5845903
            ],
            [
              5.5665801,
              50.5845988
            ]
          ]
        ]
      },
      "id": "way/1556849520"
    },
    {
      "type": "Feature",
      "properties": {
        "@id": "way/1556849523",
        "access": "students",
        "amenity": "canteen",
        "height": "3",
        "indoor": "area",
        "level": "-1",
        "name": "Cafétéria",
        "ref": "-1/86"
      },
      "geometry": {
        "type": "Polygon",
        "coordinates": [
          [
            [
              5.5665287,
              50.584755
            ],
            [
              5.5664325,
              50.5847106
            ],
            [
              5.5663747,
              50.5846839
            ],
            [
              5.5663973,
              50.5846645
            ],
            [
              5.5664274,
              50.5846781
            ],
            [
              5.5664947,
              50.5846194
            ],
            [
              5.5665093,
              50.5846261
            ],
            [
              5.566516,
              50.5846292
            ],
            [
              5.5665351,
              50.584638
            ],
            [
              5.5665437,
              50.5846346
            ],
            [
              5.5665518,
              50.5846308
            ],
            [
              5.566559,
              50.5846263
            ],
            [
              5.5665654,
              50.5846212
            ],
            [
              5.5665706,
              50.584616
            ],
            [
              5.5665746,
              50.5846105
            ],
            [
              5.566578,
              50.5846048
            ],
            [
              5.5665801,
              50.5845988
            ],
            [
              5.5665617,
              50.5845903
            ],
            [
              5.5665396,
              50.58458
            ],
            [
              5.5666072,
              50.5845208
            ],
            [
              5.5666224,
              50.5845279
            ],
            [
              5.5666538,
              50.5845423
            ],
            [
              5.5666973,
              50.5845623
            ],
            [
              5.5667257,
              50.5845751
            ],
            [
              5.5667307,
              50.5845773
            ],
            [
              5.5667228,
              50.5845847
            ],
            [
              5.5667065,
              50.584599
            ],
            [
              5.5666929,
              50.5846108
            ],
            [
              5.5666779,
              50.5846238
            ],
            [
              5.5666631,
              50.5846366
            ],
            [
              5.5666682,
              50.5846439
            ],
            [
              5.5666695,
              50.5846516
            ],
            [
              5.5666668,
              50.5846598
            ],
            [
              5.566661,
              50.5846665
            ],
            [
              5.5666515,
              50.5846722
            ],
            [
              5.5666411,
              50.5846755
            ],
            [
              5.5666296,
              50.5846768
            ],
            [
              5.5666184,
              50.5846763
            ],
            [
              5.5666035,
              50.5846893
            ],
            [
              5.5665736,
              50.5847156
            ],
            [
              5.566584,
              50.5847204
            ],
            [
              5.5665941,
              50.584725
            ],
            [
              5.5665602,
              50.5847548
            ],
            [
              5.5665494,
              50.5847499
            ],
            [
              5.5665395,
              50.5847453
            ],
            [
              5.5665287,
              50.584755
            ]
          ]
        ]
      },
      "id": "way/1556849523"
    },
    {
      "type": "Feature",
      "properties": {
        "@id": "way/1556849525",
        "indoor": "area",
        "level": "-1",
        "ramp": "yes",
        "wheelchair": "yes"
      },
      "geometry": {
        "type": "Polygon",
        "coordinates": [
          [
            [
              5.5665062,
              50.5847745
            ],
            [
              5.5663824,
              50.5847177
            ],
            [
              5.5661657,
              50.5846179
            ],
            [
              5.5661768,
              50.5846082
            ],
            [
              5.5661883,
              50.5845982
            ],
            [
              5.5662165,
              50.5846112
            ],
            [
              5.5662423,
              50.5846231
            ],
            [
              5.5662684,
              50.5846351
            ],
            [
              5.5662941,
              50.584647
            ],
            [
              5.5663199,
              50.5846588
            ],
            [
              5.5663458,
              50.5846708
            ],
            [
              5.5663607,
              50.5846777
            ],
            [
              5.5663747,
              50.5846839
            ],
            [
              5.5664325,
              50.5847106
            ],
            [
              5.5665287,
              50.584755
            ],
            [
              5.5665077,
              50.5847732
            ],
            [
              5.5665062,
              50.5847745
            ]
          ]
        ]
      },
      "id": "way/1556849525"
    },
    {
      "type": "Feature",
      "properties": {
        "@id": "way/1556849526",
        "indoor": "area",
        "level": "-1",
        "ref": "1/39"
      },
      "geometry": {
        "type": "Polygon",
        "coordinates": [
          [
            [
              5.5665287,
              50.584755
            ],
            [
              5.5665386,
              50.5847596
            ],
            [
              5.5665493,
              50.5847645
            ],
            [
              5.5666217,
              50.5847976
            ],
            [
              5.5666366,
              50.5848044
            ],
            [
              5.5666251,
              50.5848144
            ],
            [
              5.566614,
              50.5848241
            ],
            [
              5.5666026,
              50.5848341
            ],
            [
              5.5665915,
              50.5848438
            ],
            [
              5.5664929,
              50.5847984
            ],
            [
              5.5664837,
              50.5847942
            ],
            [
              5.5665062,
              50.5847745
            ],
            [
              5.5665077,
              50.5847732
            ],
            [
              5.5665287,
              50.584755
            ]
          ]
        ]
      },
      "id": "way/1556849526"
    },
    {
      "type": "Feature",
      "properties": {
        "@id": "way/1556849527",
        "indoor": "area",
        "level": "-1",
        "name": "Rampe",
        "ramp": "yes",
        "wheelchair": "yes"
      },
      "geometry": {
        "type": "Polygon",
        "coordinates": [
          [
            [
              5.5663824,
              50.5847177
            ],
            [
              5.5665062,
              50.5847745
            ],
            [
              5.5664837,
              50.5847942
            ],
            [
              5.5664742,
              50.5847898
            ],
            [
              5.5664529,
              50.5847801
            ],
            [
              5.5664427,
              50.5847753
            ],
            [
              5.5664204,
              50.5847651
            ],
            [
              5.56636,
              50.5847373
            ],
            [
              5.5663824,
              50.5847177
            ]
          ]
        ]
      },
      "id": "way/1556849527"
    },
    {
      "type": "Feature",
      "properties": {
        "@id": "way/1556849528",
        "indoor": "area",
        "level": "-1;0;1",
        "name": "Rampe",
        "ramp": "yes",
        "wheelchair": "yes"
      },
      "geometry": {
        "type": "Polygon",
        "coordinates": [
          [
            [
              5.5661657,
              50.5846179
            ],
            [
              5.5663824,
              50.5847177
            ],
            [
              5.56636,
              50.5847373
            ],
            [
              5.5663398,
              50.5847282
            ],
            [
              5.5663287,
              50.5847232
            ],
            [
              5.5663182,
              50.5847182
            ],
            [
              5.5663076,
              50.5847134
            ],
            [
              5.5662854,
              50.5847031
            ],
            [
              5.5662373,
              50.5846809
            ],
            [
              5.5661881,
              50.5846582
            ],
            [
              5.5661435,
              50.5846376
            ],
            [
              5.5661625,
              50.5846207
            ],
            [
              5.5661657,
              50.5846179
            ]
          ]
        ]
      },
      "id": "way/1556849528"
    },
    {
      "type": "Feature",
      "properties": {
        "@id": "way/1556849529",
        "height": "2.3",
        "indoor": "corridor",
        "level": "-1",
        "ref": "-1/Sas 2"
      },
      "geometry": {
        "type": "Polygon",
        "coordinates": [
          [
            [
              5.5665915,
              50.5848438
            ],
            [
              5.5666026,
              50.5848341
            ],
            [
              5.566614,
              50.5848241
            ],
            [
              5.5666922,
              50.58486
            ],
            [
              5.5666719,
              50.5848778
            ],
            [
              5.5666696,
              50.5848797
            ],
            [
              5.5666386,
              50.5848654
            ],
            [
              5.5665915,
              50.5848438
            ]
          ]
        ]
      },
      "id": "way/1556849529"
    },
    {
      "type": "Feature",
      "properties": {
        "@id": "way/1556849530",
        "indoor": "corridor",
        "level": "-1",
        "ref": "-1/Sas 2"
      },
      "geometry": {
        "type": "Polygon",
        "coordinates": [
          [
            [
              5.5661883,
              50.5845982
            ],
            [
              5.5661768,
              50.5846082
            ],
            [
              5.5661657,
              50.5846179
            ],
            [
              5.5661625,
              50.5846207
            ],
            [
              5.5661315,
              50.5846064
            ],
            [
              5.5661347,
              50.5846036
            ],
            [
              5.5661501,
              50.5845901
            ],
            [
              5.566155,
              50.5845857
            ],
            [
              5.5661571,
              50.5845839
            ],
            [
              5.5661717,
              50.5845709
            ],
            [
              5.5661834,
              50.5845817
            ],
            [
              5.566195,
              50.5845924
            ],
            [
              5.5661883,
              50.5845982
            ]
          ]
        ]
      },
      "id": "way/1556849530"
    },
    {
      "type": "Feature",
      "properties": {
        "@id": "way/1556849535",
        "description": "Régie / Cabines de traduction",
        "indoor": "room",
        "level": "1",
        "ref": "1/32;1/33;1/34"
      },
      "geometry": {
        "type": "Polygon",
        "coordinates": [
          [
            [
              5.5662165,
              50.5846112
            ],
            [
              5.5662423,
              50.5846231
            ],
            [
              5.5662684,
              50.5846351
            ],
            [
              5.5662941,
              50.584647
            ],
            [
              5.5663199,
              50.5846588
            ],
            [
              5.5663458,
              50.5846708
            ],
            [
              5.5663355,
              50.5846794
            ],
            [
              5.5663217,
              50.5846754
            ],
            [
              5.5663064,
              50.5846706
            ],
            [
              5.5662931,
              50.5846657
            ],
            [
              5.566279,
              50.5846604
            ],
            [
              5.5662658,
              50.5846544
            ],
            [
              5.5662532,
              50.5846485
            ],
            [
              5.5662402,
              50.5846415
            ],
            [
              5.5662288,
              50.5846349
            ],
            [
              5.5662169,
              50.5846272
            ],
            [
              5.5662067,
              50.5846201
            ],
            [
              5.5662165,
              50.5846112
            ]
          ]
        ]
      },
      "id": "way/1556849535"
    },
    {
      "type": "Feature",
      "properties": {
        "@id": "way/1556849536",
        "capacity": "30",
        "fixme": "number of sockets",
        "indoor": "room",
        "level": "1",
        "ref": "1/88",
        "room": "classroom"
      },
      "geometry": {
        "type": "Polygon",
        "coordinates": [
          [
            [
              5.5667381,
              50.5846135
            ],
            [
              5.5667544,
              50.5845991
            ],
            [
              5.5667613,
              50.5845931
            ],
            [
              5.5667692,
              50.5845861
            ],
            [
              5.5667866,
              50.5845711
            ],
            [
              5.5668479,
              50.5845993
            ],
            [
              5.5667995,
              50.5846418
            ],
            [
              5.5667713,
              50.5846665
            ],
            [
              5.566726,
              50.5846459
            ],
            [
              5.56671,
              50.5846386
            ],
            [
              5.5667248,
              50.5846254
            ],
            [
              5.5667381,
              50.5846135
            ]
          ]
        ]
      },
      "id": "way/1556849536"
    },
    {
      "type": "Feature",
      "properties": {
        "@id": "way/1556849537",
        "description": "Dégagement + Foyer",
        "indoor": "area",
        "level": "1",
        "ref": "1/87"
      },
      "geometry": {
        "type": "Polygon",
        "coordinates": [
          [
            [
              5.5667374,
              50.5845715
            ],
            [
              5.5667546,
              50.5845563
            ],
            [
              5.5667682,
              50.5845626
            ],
            [
              5.5667755,
              50.584566
            ],
            [
              5.5667866,
              50.5845711
            ],
            [
              5.5667692,
              50.5845861
            ],
            [
              5.5667613,
              50.5845931
            ],
            [
              5.5667544,
              50.5845991
            ],
            [
              5.5667381,
              50.5846135
            ],
            [
              5.5667272,
              50.5846085
            ],
            [
              5.5667065,
              50.584599
            ],
            [
              5.5667228,
              50.5845847
            ],
            [
              5.5667125,
              50.5845798
            ],
            [
              5.5667204,
              50.5845727
            ],
            [
              5.5667307,
              50.5845773
            ],
            [
              5.5667374,
              50.5845715
            ]
          ]
        ]
      },
      "id": "way/1556849537"
    },
    {
      "type": "Feature",
      "properties": {
        "@id": "way/1556849538",
        "indoor": "room",
        "level": "-1;0;1",
        "stairs": "yes"
      },
      "geometry": {
        "type": "Polygon",
        "coordinates": [
          [
            [
              5.5666973,
              50.5845623
            ],
            [
              5.5667216,
              50.5845412
            ],
            [
              5.5667546,
              50.5845563
            ],
            [
              5.5667374,
              50.5845715
            ],
            [
              5.5667307,
              50.5845773
            ],
            [
              5.5667257,
              50.5845751
            ],
            [
              5.5667204,
              50.5845727
            ],
            [
              5.5666973,
              50.5845623
            ]
          ]
        ]
      },
      "id": "way/1556849538"
    },
    {
      "type": "Feature",
      "properties": {
        "@id": "way/1556849539",
        "capacity": "50",
        "colour": "orange",
        "fixme": "number of sockets",
        "indoor": "room",
        "level": "0",
        "name": "R54",
        "ref": "0/90",
        "room": "classroom",
        "socket:typee": "5"
      },
      "geometry": {
        "type": "Polygon",
        "coordinates": [
          [
            [
              5.5667713,
              50.5846665
            ],
            [
              5.5667785,
              50.5846602
            ],
            [
              5.5667995,
              50.5846418
            ],
            [
              5.5668479,
              50.5845993
            ],
            [
              5.5669743,
              50.5846575
            ],
            [
              5.5669573,
              50.5846723
            ],
            [
              5.5669469,
              50.5846676
            ],
            [
              5.5669244,
              50.5846874
            ],
            [
              5.5669021,
              50.5847069
            ],
            [
              5.5669124,
              50.5847116
            ],
            [
              5.5668975,
              50.5847247
            ],
            [
              5.5667713,
              50.5846665
            ]
          ]
        ]
      },
      "id": "way/1556849539"
    },
    {
      "type": "Feature",
      "properties": {
        "@id": "way/1556849540",
        "capacity": "50",
        "fixme": "number of sockets;room colours",
        "indoor": "room",
        "level": "0",
        "name": "R53",
        "ref": "0/80",
        "room": "classroom",
        "socket:typee": "5"
      },
      "geometry": {
        "type": "Polygon",
        "coordinates": [
          [
            [
              5.5666965,
              50.5847321
            ],
            [
              5.5667336,
              50.5846995
            ],
            [
              5.5667713,
              50.5846665
            ],
            [
              5.5668975,
              50.5847247
            ],
            [
              5.5668825,
              50.5847378
            ],
            [
              5.5668722,
              50.5847331
            ],
            [
              5.5668498,
              50.5847527
            ],
            [
              5.5668273,
              50.5847724
            ],
            [
              5.5668375,
              50.5847771
            ],
            [
              5.5668227,
              50.5847901
            ],
            [
              5.5666965,
              50.5847321
            ]
          ]
        ]
      },
      "id": "way/1556849540"
    },
    {
      "type": "Feature",
      "properties": {
        "@id": "way/1556849542",
        "description": "Petit salon",
        "height": "2.45",
        "indoor": "room",
        "level": "0",
        "ref": "0/88"
      },
      "geometry": {
        "type": "Polygon",
        "coordinates": [
          [
            [
              5.5667866,
              50.5845711
            ],
            [
              5.5668479,
              50.5845993
            ],
            [
              5.5667995,
              50.5846418
            ],
            [
              5.5667381,
              50.5846135
            ],
            [
              5.5667544,
              50.5845991
            ],
            [
              5.5667616,
              50.5845928
            ],
            [
              5.5667692,
              50.5845861
            ],
            [
              5.5667866,
              50.5845711
            ]
          ]
        ]
      },
      "id": "way/1556849542"
    },
    {
      "type": "Feature",
      "properties": {
        "@id": "way/1556849543",
        "access": "private",
        "amenity": "toilets",
        "fee": "no",
        "height": "2.45",
        "indoor": "room",
        "level": "0",
        "ref": "0/87d",
        "wheelchair": "no"
      },
      "geometry": {
        "type": "Polygon",
        "coordinates": [
          [
            [
              5.5667682,
              50.5845626
            ],
            [
              5.5667755,
              50.584566
            ],
            [
              5.5667866,
              50.5845711
            ],
            [
              5.5667692,
              50.5845861
            ],
            [
              5.5667648,
              50.5845841
            ],
            [
              5.5667583,
              50.5845811
            ],
            [
              5.566751,
              50.5845778
            ],
            [
              5.5667682,
              50.5845626
            ]
          ]
        ]
      },
      "id": "way/1556849543"
    },
    {
      "type": "Feature",
      "properties": {
        "@id": "way/1556849544",
        "access": "no",
        "description": "Débarras",
        "height": "2.45",
        "indoor": "room",
        "level": "0",
        "ref": "0/87c"
      },
      "geometry": {
        "type": "Polygon",
        "coordinates": [
          [
            [
              5.5667546,
              50.5845563
            ],
            [
              5.5667682,
              50.5845626
            ],
            [
              5.566751,
              50.5845778
            ],
            [
              5.566746,
              50.5845754
            ],
            [
              5.5667374,
              50.5845715
            ],
            [
              5.5667546,
              50.5845563
            ]
          ]
        ]
      },
      "id": "way/1556849544"
    },
    {
      "type": "Feature",
      "properties": {
        "@id": "way/1556849545",
        "access": "no",
        "description": "Local Technique",
        "height": "2.45",
        "indoor": "room",
        "level": "0",
        "ref": "0/87b"
      },
      "geometry": {
        "type": "Polygon",
        "coordinates": [
          [
            [
              5.5667435,
              50.5845942
            ],
            [
              5.5667494,
              50.5845969
            ],
            [
              5.5667544,
              50.5845991
            ],
            [
              5.5667381,
              50.5846135
            ],
            [
              5.5667272,
              50.5846085
            ],
            [
              5.5667435,
              50.5845942
            ]
          ]
        ]
      },
      "id": "way/1556849545"
    },
    {
      "type": "Feature",
      "properties": {
        "@id": "way/1556849546",
        "access": "no",
        "highway": "elevator",
        "indoor": "room",
        "level": "-1;0",
        "ref": "A158"
      },
      "geometry": {
        "type": "Polygon",
        "coordinates": [
          [
            [
              5.5667228,
              50.5845847
            ],
            [
              5.5667435,
              50.5845942
            ],
            [
              5.5667272,
              50.5846085
            ],
            [
              5.5667065,
              50.584599
            ],
            [
              5.5667228,
              50.5845847
            ]
          ]
        ]
      },
      "id": "way/1556849546"
    },
    {
      "type": "Feature",
      "properties": {
        "@id": "way/1556849547",
        "indoor": "corridor",
        "level": "0",
        "ref": "0/87a"
      },
      "geometry": {
        "type": "Polygon",
        "coordinates": [
          [
            [
              5.5667307,
              50.5845773
            ],
            [
              5.5667374,
              50.5845715
            ],
            [
              5.566746,
              50.5845754
            ],
            [
              5.566751,
              50.5845778
            ],
            [
              5.5667583,
              50.5845811
            ],
            [
              5.5667648,
              50.5845841
            ],
            [
              5.5667692,
              50.5845861
            ],
            [
              5.5667616,
              50.5845928
            ],
            [
              5.5667544,
              50.5845991
            ],
            [
              5.5667494,
              50.5845969
            ],
            [
              5.5667435,
              50.5845942
            ],
            [
              5.5667228,
              50.5845847
            ],
            [
              5.5667307,
              50.5845773
            ]
          ]
        ]
      },
      "id": "way/1556849547"
    },
    {
      "type": "Feature",
      "properties": {
        "@id": "way/1556849548",
        "alt_name": "Amphi 604",
        "capacity": "591",
        "colour": "yellow",
        "fixme": "number of sockets",
        "indoor": "room",
        "level": "-1;0",
        "name": "Amphithéâtre 604",
        "old_ref": "0/75",
        "ref": "0/85",
        "room": "lecture_hall",
        "short_name": "A604",
        "socket:typee": "300",
        "wheelchair": "limited"
      },
      "geometry": {
        "type": "Polygon",
        "coordinates": [
          [
            [
              5.5664721,
              50.5846529
            ],
            [
              5.5664652,
              50.5846484
            ],
            [
              5.5664583,
              50.584644
            ],
            [
              5.5664501,
              50.584649
            ],
            [
              5.566443,
              50.5846443
            ],
            [
              5.5664362,
              50.5846399
            ],
            [
              5.566417,
              50.5846508
            ],
            [
              5.5664071,
              50.5846562
            ],
            [
              5.5663844,
              50.5846672
            ],
            [
              5.5663607,
              50.5846777
            ],
            [
              5.5663199,
              50.5846588
            ],
            [
              5.5662941,
              50.584647
            ],
            [
              5.5662684,
              50.5846351
            ],
            [
              5.5662423,
              50.5846231
            ],
            [
              5.5661883,
              50.5845982
            ],
            [
              5.5661571,
              50.5845839
            ],
            [
              5.566155,
              50.5845857
            ],
            [
              5.5661216,
              50.5845703
            ],
            [
              5.5661458,
              50.584549
            ],
            [
              5.5663251,
              50.5843919
            ],
            [
              5.56635,
              50.5843701
            ],
            [
              5.5665864,
              50.5844789
            ],
            [
              5.5665769,
              50.5844986
            ],
            [
              5.566569,
              50.584513
            ],
            [
              5.5665629,
              50.5845231
            ],
            [
              5.5665521,
              50.5845384
            ],
            [
              5.5665611,
              50.5845411
            ],
            [
              5.5665701,
              50.5845439
            ],
            [
              5.5665651,
              50.5845503
            ],
            [
              5.566574,
              50.5845531
            ],
            [
              5.5665829,
              50.5845559
            ],
            [
              5.5665692,
              50.5845729
            ],
            [
              5.5665539,
              50.5845891
            ],
            [
              5.5665373,
              50.5846049
            ],
            [
              5.5665195,
              50.5846199
            ],
            [
              5.5664965,
              50.584637
            ],
            [
              5.5664721,
              50.5846529
            ]
          ]
        ]
      },
      "id": "way/1556849548"
    },
    {
      "type": "Feature",
      "properties": {
        "@id": "way/1556849549",
        "indoor": "corridor",
        "level": "0",
        "ref": "0/Sas 7"
      },
      "geometry": {
        "type": "Polygon",
        "coordinates": [
          [
            [
              5.5665701,
              50.5845439
            ],
            [
              5.5665764,
              50.5845353
            ],
            [
              5.5665866,
              50.5845381
            ],
            [
              5.566594,
              50.5845401
            ],
            [
              5.5665829,
              50.5845559
            ],
            [
              5.566574,
              50.5845531
            ],
            [
              5.5665651,
              50.5845503
            ],
            [
              5.5665701,
              50.5845439
            ]
          ]
        ]
      },
      "id": "way/1556849549"
    },
    {
      "type": "Feature",
      "properties": {
        "@id": "way/1556849550",
        "indoor": "corridor",
        "level": "0",
        "ref": "0/Sas 8"
      },
      "geometry": {
        "type": "Polygon",
        "coordinates": [
          [
            [
              5.5665629,
              50.5845231
            ],
            [
              5.566572,
              50.5845255
            ],
            [
              5.5665812,
              50.5845279
            ],
            [
              5.5665764,
              50.5845353
            ],
            [
              5.5665701,
              50.5845439
            ],
            [
              5.5665611,
              50.5845411
            ],
            [
              5.5665521,
              50.5845384
            ],
            [
              5.5665629,
              50.5845231
            ]
          ]
        ]
      },
      "id": "way/1556849550"
    },
    {
      "type": "Feature",
      "properties": {
        "@id": "way/1556849551",
        "indoor": "corridor",
        "level": "0",
        "ref": "0/Sas 6"
      },
      "geometry": {
        "type": "Polygon",
        "coordinates": [
          [
            [
              5.5664501,
              50.584649
            ],
            [
              5.5664583,
              50.584644
            ],
            [
              5.5664652,
              50.5846484
            ],
            [
              5.5664721,
              50.5846529
            ],
            [
              5.566452,
              50.5846646
            ],
            [
              5.5664461,
              50.5846604
            ],
            [
              5.5664392,
              50.5846553
            ],
            [
              5.5664501,
              50.584649
            ]
          ]
        ]
      },
      "id": "way/1556849551"
    },
    {
      "type": "Feature",
      "properties": {
        "@id": "way/1556849553",
        "alt_name": "Amphi 304",
        "capacity": "312",
        "colour": "red",
        "fixme": "number of sockets",
        "indoor": "room",
        "level": "-1;0",
        "name": "Amphithéâtre 304",
        "ref": "0/30",
        "room": "lecture_hall",
        "short_name": "A304",
        "socket:typee": "150",
        "wheelchair": "limited"
      },
      "geometry": {
        "type": "Polygon",
        "coordinates": [
          [
            [
              5.5663601,
              50.5848971
            ],
            [
              5.5663606,
              50.5848885
            ],
            [
              5.5663624,
              50.5848802
            ],
            [
              5.5663668,
              50.5848693
            ],
            [
              5.5663727,
              50.584859
            ],
            [
              5.5663803,
              50.5848492
            ],
            [
              5.5663896,
              50.5848401
            ],
            [
              5.5664006,
              50.5848316
            ],
            [
              5.5664128,
              50.5848241
            ],
            [
              5.5664262,
              50.5848176
            ],
            [
              5.5664403,
              50.5848121
            ],
            [
              5.5664524,
              50.5848084
            ],
            [
              5.5664647,
              50.5848053
            ],
            [
              5.5664618,
              50.5847996
            ],
            [
              5.5664584,
              50.5847926
            ],
            [
              5.5664742,
              50.5847898
            ],
            [
              5.5664837,
              50.5847942
            ],
            [
              5.5664929,
              50.5847984
            ],
            [
              5.5665915,
              50.5848438
            ],
            [
              5.5666386,
              50.5848654
            ],
            [
              5.5666696,
              50.5848797
            ],
            [
              5.5666719,
              50.5848778
            ],
            [
              5.5667051,
              50.5848931
            ],
            [
              5.5665662,
              50.5850147
            ],
            [
              5.5663399,
              50.5849105
            ],
            [
              5.566339,
              50.5848969
            ],
            [
              5.56635,
              50.584897
            ],
            [
              5.5663601,
              50.5848971
            ]
          ]
        ]
      },
      "id": "way/1556849553"
    },
    {
      "type": "Feature",
      "properties": {
        "@id": "way/1556849554",
        "indoor": "corridor",
        "level": "0",
        "ref": "0/Sas 3"
      },
      "geometry": {
        "type": "Polygon",
        "coordinates": [
          [
            [
              5.566342,
              50.5848779
            ],
            [
              5.5663526,
              50.5848791
            ],
            [
              5.5663624,
              50.5848802
            ],
            [
              5.5663606,
              50.5848885
            ],
            [
              5.5663601,
              50.5848971
            ],
            [
              5.56635,
              50.584897
            ],
            [
              5.566339,
              50.5848969
            ],
            [
              5.5663397,
              50.584887
            ],
            [
              5.566342,
              50.5848779
            ]
          ]
        ]
      },
      "id": "way/1556849554"
    },
    {
      "type": "Feature",
      "properties": {
        "@id": "way/1556849555",
        "indoor": "corridor",
        "level": "0",
        "ref": "0/Sas 2"
      },
      "geometry": {
        "type": "Polygon",
        "coordinates": [
          [
            [
              5.5664403,
              50.5848121
            ],
            [
              5.5664354,
              50.5848063
            ],
            [
              5.5664301,
              50.5848
            ],
            [
              5.5664439,
              50.584796
            ],
            [
              5.5664584,
              50.5847926
            ],
            [
              5.5664618,
              50.5847996
            ],
            [
              5.5664647,
              50.5848053
            ],
            [
              5.5664524,
              50.5848084
            ],
            [
              5.5664403,
              50.5848121
            ]
          ]
        ]
      },
      "id": "way/1556849555"
    },
    {
      "type": "Feature",
      "properties": {
        "@id": "way/1556849556",
        "alt_name": "Amphi 204",
        "capacity": "210",
        "colour": "blue",
        "fixme": "number of sockets",
        "indoor": "room",
        "level": "0",
        "name": "Amphithéâtre 204",
        "ref": "0/24",
        "room": "lecture_hall",
        "short_name": "A204",
        "socket:typee": "100",
        "wheelchair": "limited"
      },
      "geometry": {
        "type": "Polygon",
        "coordinates": [
          [
            [
              5.5663084,
              50.584724
            ],
            [
              5.5662974,
              50.5847238
            ],
            [
              5.5662873,
              50.5847237
            ],
            [
              5.5662866,
              50.5847324
            ],
            [
              5.566285,
              50.5847406
            ],
            [
              5.5662808,
              50.5847513
            ],
            [
              5.5662747,
              50.5847618
            ],
            [
              5.5662668,
              50.5847719
            ],
            [
              5.5662566,
              50.5847817
            ],
            [
              5.5662458,
              50.5847898
            ],
            [
              5.5662338,
              50.584797
            ],
            [
              5.5662208,
              50.5848035
            ],
            [
              5.5662071,
              50.5848087
            ],
            [
              5.566195,
              50.5848124
            ],
            [
              5.5661826,
              50.5848154
            ],
            [
              5.566186,
              50.5848216
            ],
            [
              5.5661896,
              50.5848281
            ],
            [
              5.5661689,
              50.5848318
            ],
            [
              5.5660069,
              50.5847572
            ],
            [
              5.5661435,
              50.5846376
            ],
            [
              5.5663076,
              50.5847134
            ],
            [
              5.5663084,
              50.584724
            ]
          ]
        ]
      },
      "id": "way/1556849556"
    },
    {
      "type": "Feature",
      "properties": {
        "@id": "way/1556849557",
        "indoor": "corridor",
        "level": "0",
        "ref": "0/Sas 1"
      },
      "geometry": {
        "type": "Polygon",
        "coordinates": [
          [
            [
              5.5662071,
              50.5848087
            ],
            [
              5.5662124,
              50.5848149
            ],
            [
              5.5662174,
              50.5848207
            ],
            [
              5.566204,
              50.5848246
            ],
            [
              5.5661896,
              50.5848281
            ],
            [
              5.566186,
              50.5848216
            ],
            [
              5.5661826,
              50.5848154
            ],
            [
              5.566195,
              50.5848124
            ],
            [
              5.5662071,
              50.5848087
            ]
          ]
        ]
      },
      "id": "way/1556849557"
    },
    {
      "type": "Feature",
      "properties": {
        "@id": "way/1556849558",
        "indoor": "corridor",
        "level": "0",
        "ref": "0/Sas 2"
      },
      "geometry": {
        "type": "Polygon",
        "coordinates": [
          [
            [
              5.566285,
              50.5847406
            ],
            [
              5.5662866,
              50.5847324
            ],
            [
              5.5662873,
              50.5847237
            ],
            [
              5.5662974,
              50.5847238
            ],
            [
              5.5663084,
              50.584724
            ],
            [
              5.566308,
              50.5847335
            ],
            [
              5.5663062,
              50.5847431
            ],
            [
              5.5662956,
              50.5847418
            ],
            [
              5.566285,
              50.5847406
            ]
          ]
        ]
      },
      "id": "way/1556849558"
    },
    {
      "type": "Feature",
      "properties": {
        "@id": "way/1556849559",
        "access": "no",
        "indoor": "room",
        "level": "0;1",
        "name": "Conciergerie",
        "official_ref": "0/1;0/11/0/21;1/1;1/11;1/21"
      },
      "geometry": {
        "type": "Polygon",
        "coordinates": [
          [
            [
              5.5661435,
              50.5846376
            ],
            [
              5.5660069,
              50.5847572
            ],
            [
              5.566002,
              50.5847549
            ],
            [
              5.5660045,
              50.5847527
            ],
            [
              5.5659939,
              50.5847478
            ],
            [
              5.5659914,
              50.5847501
            ],
            [
              5.5659749,
              50.5847425
            ],
            [
              5.565977,
              50.5847407
            ],
            [
              5.5659712,
              50.5847381
            ],
            [
              5.5659651,
              50.5847353
            ],
            [
              5.5659632,
              50.5847371
            ],
            [
              5.5659427,
              50.5847276
            ],
            [
              5.565972,
              50.5847019
            ],
            [
              5.5659748,
              50.5847031
            ],
            [
              5.5659949,
              50.5846856
            ],
            [
              5.5659921,
              50.5846843
            ],
            [
              5.5660169,
              50.5846626
            ],
            [
              5.5660197,
              50.5846638
            ],
            [
              5.5660296,
              50.5846551
            ],
            [
              5.5660269,
              50.5846538
            ],
            [
              5.5660368,
              50.5846451
            ],
            [
              5.5660397,
              50.5846463
            ],
            [
              5.5660496,
              50.5846376
            ],
            [
              5.5660469,
              50.5846363
            ],
            [
              5.5660568,
              50.5846276
            ],
            [
              5.5660596,
              50.5846289
            ],
            [
              5.5660641,
              50.5846249
            ],
            [
              5.5660695,
              50.5846202
            ],
            [
              5.5660668,
              50.5846189
            ],
            [
              5.5660814,
              50.5846061
            ],
            [
              5.5661146,
              50.5846213
            ],
            [
              5.5661123,
              50.5846232
            ],
            [
              5.566137,
              50.5846346
            ],
            [
              5.5661435,
              50.5846376
            ]
          ]
        ]
      },
      "id": "way/1556849559"
    },
    {
      "type": "Feature",
      "properties": {
        "@id": "way/1556849560",
        "indoor": "room",
        "level": "0",
        "name": "Kiosque",
        "ref": "0/47"
      },
      "geometry": {
        "type": "Polygon",
        "coordinates": [
          [
            [
              5.5664573,
              50.5847447
            ],
            [
              5.5664912,
              50.5847149
            ],
            [
              5.5665381,
              50.5847365
            ],
            [
              5.5665265,
              50.5847467
            ],
            [
              5.5665154,
              50.5847563
            ],
            [
              5.566504,
              50.5847663
            ],
            [
              5.5664573,
              50.5847447
            ]
          ]
        ]
      },
      "id": "way/1556849560"
    },
    {
      "type": "Feature",
      "properties": {
        "@id": "way/1556849566",
        "indoor": "area",
        "level": "0;1",
        "name": "Rampe",
        "ramp": "yes",
        "wheelchair": "yes"
      },
      "geometry": {
        "type": "Polygon",
        "coordinates": [
          [
            [
              5.5663458,
              50.5846708
            ],
            [
              5.5663607,
              50.5846777
            ],
            [
              5.5663747,
              50.5846839
            ],
            [
              5.5664051,
              50.5846977
            ],
            [
              5.5663824,
              50.5847177
            ],
            [
              5.5661657,
              50.5846179
            ],
            [
              5.5661625,
              50.5846207
            ],
            [
              5.5661435,
              50.5846376
            ],
            [
              5.566137,
              50.5846346
            ],
            [
              5.5661123,
              50.5846232
            ],
            [
              5.5661146,
              50.5846213
            ],
            [
              5.5661191,
              50.5846173
            ],
            [
              5.5661315,
              50.5846064
            ],
            [
              5.5661347,
              50.5846036
            ],
            [
              5.5661501,
              50.5845901
            ],
            [
              5.566155,
              50.5845857
            ],
            [
              5.5661571,
              50.5845839
            ],
            [
              5.5661883,
              50.5845982
            ],
            [
              5.5662165,
              50.5846112
            ],
            [
              5.5663458,
              50.5846708
            ]
          ]
        ]
      },
      "id": "way/1556849566"
    },
    {
      "type": "Feature",
      "properties": {
        "@id": "way/1556849568",
        "capacity": "50",
        "colour": "blue",
        "fixme": "number of sockets",
        "indoor": "room",
        "level": "0",
        "name": "R52",
        "ref": "0/60",
        "room": "classroom",
        "socket:typee": "5"
      },
      "geometry": {
        "type": "Polygon",
        "coordinates": [
          [
            [
              5.5666217,
              50.5847976
            ],
            [
              5.5666883,
              50.5847392
            ],
            [
              5.5666965,
              50.5847321
            ],
            [
              5.5668227,
              50.5847901
            ],
            [
              5.5668077,
              50.5848033
            ],
            [
              5.5667974,
              50.5847986
            ],
            [
              5.5667749,
              50.5848183
            ],
            [
              5.5667525,
              50.5848378
            ],
            [
              5.5667628,
              50.5848426
            ],
            [
              5.5667457,
              50.5848575
            ],
            [
              5.5667124,
              50.5848423
            ],
            [
              5.5667146,
              50.5848404
            ],
            [
              5.5666366,
              50.5848044
            ],
            [
              5.5666217,
              50.5847976
            ]
          ]
        ]
      },
      "id": "way/1556849568"
    },
    {
      "type": "Feature",
      "properties": {
        "@id": "way/1556849570",
        "indoor": "area",
        "level": "0",
        "name": "Salle des Pas perdus",
        "ref": "0/89",
        "surface": "stone"
      },
      "geometry": {
        "type": "Polygon",
        "coordinates": [
          [
            [
              5.5662189,
              50.5848228
            ],
            [
              5.5662174,
              50.5848207
            ],
            [
              5.5662124,
              50.5848149
            ],
            [
              5.5662071,
              50.5848087
            ],
            [
              5.5662208,
              50.5848035
            ],
            [
              5.5662338,
              50.584797
            ],
            [
              5.5662458,
              50.5847898
            ],
            [
              5.5662566,
              50.5847817
            ],
            [
              5.5662668,
              50.5847719
            ],
            [
              5.5662747,
              50.5847618
            ],
            [
              5.5662808,
              50.5847513
            ],
            [
              5.566285,
              50.5847406
            ],
            [
              5.5662956,
              50.5847418
            ],
            [
              5.5663062,
              50.5847431
            ],
            [
              5.5663287,
              50.5847232
            ],
            [
              5.56636,
              50.5847373
            ],
            [
              5.5663824,
              50.5847177
            ],
            [
              5.5664051,
              50.5846977
            ],
            [
              5.5663747,
              50.5846839
            ],
            [
              5.5663973,
              50.5846645
            ],
            [
              5.5664071,
              50.5846562
            ],
            [
              5.5664167,
              50.5846509
            ],
            [
              5.566417,
              50.5846508
            ],
            [
              5.5664234,
              50.5846559
            ],
            [
              5.5664295,
              50.5846607
            ],
            [
              5.5664392,
              50.5846553
            ],
            [
              5.5664461,
              50.5846604
            ],
            [
              5.566452,
              50.5846646
            ],
            [
              5.5664721,
              50.5846529
            ],
            [
              5.5664965,
              50.584637
            ],
            [
              5.5665195,
              50.5846199
            ],
            [
              5.5665373,
              50.5846049
            ],
            [
              5.5665539,
              50.5845891
            ],
            [
              5.5665692,
              50.5845729
            ],
            [
              5.5665829,
              50.5845559
            ],
            [
              5.566594,
              50.5845401
            ],
            [
              5.5665866,
              50.5845381
            ],
            [
              5.5665764,
              50.5845353
            ],
            [
              5.5665812,
              50.5845279
            ],
            [
              5.566572,
              50.5845255
            ],
            [
              5.5665629,
              50.5845231
            ],
            [
              5.566569,
              50.584513
            ],
            [
              5.5665763,
              50.5845065
            ],
            [
              5.5665788,
              50.5845078
            ],
            [
              5.5665902,
              50.584513
            ],
            [
              5.5666072,
              50.5845208
            ],
            [
              5.5666224,
              50.5845279
            ],
            [
              5.5666538,
              50.5845423
            ],
            [
              5.566686,
              50.5845571
            ],
            [
              5.5666973,
              50.5845623
            ],
            [
              5.5667307,
              50.5845773
            ],
            [
              5.5667228,
              50.5845847
            ],
            [
              5.5667065,
              50.584599
            ],
            [
              5.5667272,
              50.5846085
            ],
            [
              5.5667381,
              50.5846135
            ],
            [
              5.5667995,
              50.5846418
            ],
            [
              5.5667785,
              50.5846602
            ],
            [
              5.5667713,
              50.5846665
            ],
            [
              5.5667336,
              50.5846995
            ],
            [
              5.5666965,
              50.5847321
            ],
            [
              5.5666883,
              50.5847392
            ],
            [
              5.5666217,
              50.5847976
            ],
            [
              5.5666366,
              50.5848044
            ],
            [
              5.5667146,
              50.5848404
            ],
            [
              5.5667124,
              50.5848423
            ],
            [
              5.5666922,
              50.58486
            ],
            [
              5.5666719,
              50.5848778
            ],
            [
              5.5666696,
              50.5848797
            ],
            [
              5.5665915,
              50.5848438
            ],
            [
              5.5664837,
              50.5847942
            ],
            [
              5.5664742,
              50.5847898
            ],
            [
              5.5664529,
              50.5847801
            ],
            [
              5.5664301,
              50.5848
            ],
            [
              5.5664354,
              50.5848063
            ],
            [
              5.5664403,
              50.5848121
            ],
            [
              5.5664262,
              50.5848176
            ],
            [
              5.5664128,
              50.5848241
            ],
            [
              5.5664006,
              50.5848316
            ],
            [
              5.5663896,
              50.5848401
            ],
            [
              5.5663803,
              50.5848492
            ],
            [
              5.5663727,
              50.584859
            ],
            [
              5.5663668,
              50.5848693
            ],
            [
              5.5663624,
              50.5848802
            ],
            [
              5.5663526,
              50.5848791
            ],
            [
              5.566342,
              50.5848779
            ],
            [
              5.5663378,
              50.5848775
            ],
            [
              5.5663242,
              50.5848713
            ],
            [
              5.5663087,
              50.5848642
            ],
            [
              5.5663313,
              50.5848444
            ],
            [
              5.5663163,
              50.5848375
            ],
            [
              5.5662852,
              50.5848232
            ],
            [
              5.5662705,
              50.5848164
            ],
            [
              5.5662478,
              50.5848361
            ],
            [
              5.5662323,
              50.584829
            ],
            [
              5.5662189,
              50.5848228
            ]
          ]
        ]
      },
      "id": "way/1556849570"
    },
    {
      "type": "Feature",
      "properties": {
        "@id": "way/1556849572",
        "building:part": "balcony",
        "layer": "1",
        "level": "0"
      },
      "geometry": {
        "type": "Polygon",
        "coordinates": [
          [
            [
              5.5668077,
              50.5848033
            ],
            [
              5.5667628,
              50.5848426
            ],
            [
              5.5667525,
              50.5848378
            ],
            [
              5.5667749,
              50.5848183
            ],
            [
              5.5667974,
              50.5847986
            ],
            [
              5.5668077,
              50.5848033
            ]
          ]
        ]
      },
      "id": "way/1556849572"
    },
    {
      "type": "Feature",
      "properties": {
        "@id": "way/1556849573",
        "building:part": "balcony",
        "layer": "1",
        "level": "0"
      },
      "geometry": {
        "type": "Polygon",
        "coordinates": [
          [
            [
              5.5668722,
              50.5847331
            ],
            [
              5.5668825,
              50.5847378
            ],
            [
              5.5668375,
              50.5847771
            ],
            [
              5.5668273,
              50.5847724
            ],
            [
              5.5668498,
              50.5847527
            ],
            [
              5.5668722,
              50.5847331
            ]
          ]
        ]
      },
      "id": "way/1556849573"
    },
    {
      "type": "Feature",
      "properties": {
        "@id": "way/1556849574",
        "building:part": "balcony",
        "layer": "1",
        "level": "0"
      },
      "geometry": {
        "type": "Polygon",
        "coordinates": [
          [
            [
              5.5669021,
              50.5847069
            ],
            [
              5.5669244,
              50.5846874
            ],
            [
              5.5669469,
              50.5846676
            ],
            [
              5.5669573,
              50.5846723
            ],
            [
              5.5669124,
              50.5847116
            ],
            [
              5.5669021,
              50.5847069
            ]
          ]
        ]
      },
      "id": "way/1556849574"
    },
    {
      "type": "Feature",
      "properties": {
        "@id": "way/80194967",
        "@relations": [
          {
            "role": "outer",
            "rel": 21365834,
            "reltags": {
              "highway": "pedestrian",
              "level": "0",
              "surface": "paving_stones",
              "type": "multipolygon"
            }
          }
        ]
      },
      "geometry": {
        "type": "LineString",
        "coordinates": [
          [
            5.5658216,
            50.5851757
          ],
          [
            5.5658253,
            50.585194
          ],
          [
            5.5658331,
            50.5852173
          ],
          [
            5.5658583,
            50.585216
          ],
          [
            5.5662868,
            50.5852032
          ],
          [
            5.5662859,
            50.5851853
          ],
          [
            5.5662857,
            50.5851702
          ],
          [
            5.5661163,
            50.5850873
          ],
          [
            5.5663139,
            50.5848985
          ],
          [
            5.5663378,
            50.5848775
          ],
          [
            5.5663242,
            50.5848713
          ],
          [
            5.5663087,
            50.5848642
          ],
          [
            5.5663313,
            50.5848444
          ],
          [
            5.5663163,
            50.5848375
          ],
          [
            5.5662852,
            50.5848232
          ],
          [
            5.5662705,
            50.5848164
          ],
          [
            5.5662478,
            50.5848361
          ],
          [
            5.5662323,
            50.584829
          ],
          [
            5.5662189,
            50.5848228
          ],
          [
            5.5661949,
            50.5848438
          ],
          [
            5.5658216,
            50.5851757
          ]
        ]
      },
      "id": "way/80194967"
    },
    {
      "type": "Feature",
      "properties": {
        "@id": "way/94155573",
        "highway": "footway",
        "lit": "yes",
        "smoothness": "good",
        "surface": "paving_stones"
      },
      "geometry": {
        "type": "LineString",
        "coordinates": [
          [
            5.5691525,
            50.5841394
          ],
          [
            5.5692107,
            50.5840871
          ]
        ]
      },
      "id": "way/94155573"
    },
    {
      "type": "Feature",
      "properties": {
        "@id": "way/94155927",
        "highway": "footway",
        "lit": "yes",
        "smoothness": "good",
        "surface": "paving_stones"
      },
      "geometry": {
        "type": "LineString",
        "coordinates": [
          [
            5.5694085,
            50.5843608
          ],
          [
            5.5694942,
            50.5842904
          ]
        ]
      },
      "id": "way/94155927"
    },
    {
      "type": "Feature",
      "properties": {
        "@id": "way/100442432",
        "handrail": "no",
        "highway": "steps",
        "incline": "up",
        "layer": "1",
        "level": "1",
        "lit": "no",
        "ramp": "no",
        "step_count": "6",
        "surface": "concrete",
        "tactile_paving": "no"
      },
      "geometry": {
        "type": "LineString",
        "coordinates": [
          [
            5.5696492,
            50.5845915
          ],
          [
            5.5696727,
            50.5845811
          ]
        ]
      },
      "id": "way/100442432"
    },
    {
      "type": "Feature",
      "properties": {
        "@id": "way/100442434",
        "highway": "footway",
        "layer": "0",
        "level": "0",
        "surface": "concrete"
      },
      "geometry": {
        "type": "LineString",
        "coordinates": [
          [
            5.5686405,
            50.5834818
          ],
          [
            5.5686492,
            50.5834612
          ],
          [
            5.5685773,
            50.5834302
          ],
          [
            5.5685511,
            50.5834426
          ]
        ]
      },
      "id": "way/100442434"
    },
    {
      "type": "Feature",
      "properties": {
        "@id": "way/571015430",
        "highway": "pedestrian",
        "layer": "0",
        "level": "0",
        "lit": "yes",
        "smoothness": "good",
        "surface": "paving_stones",
        "tunnel": "building_passage"
      },
      "geometry": {
        "type": "LineString",
        "coordinates": [
          [
            5.5695925,
            50.5844103
          ],
          [
            5.5698354,
            50.5845043
          ]
        ]
      },
      "id": "way/571015430"
    },
    {
      "type": "Feature",
      "properties": {
        "@id": "way/1548192087",
        "indoor": "wall",
        "level": "-1"
      },
      "geometry": {
        "type": "LineString",
        "coordinates": [
          [
            5.5660018,
            50.5818615
          ],
          [
            5.5659767,
            50.5818835
          ],
          [
            5.5659588,
            50.5818752
          ]
        ]
      },
      "id": "way/1548192087"
    },
    {
      "type": "Feature",
      "properties": {
        "@id": "way/1548192091",
        "indoor": "wall",
        "level": "-1"
      },
      "geometry": {
        "type": "LineString",
        "coordinates": [
          [
            5.5656377,
            50.5817679
          ],
          [
            5.5656524,
            50.581755
          ],
          [
            5.5656679,
            50.5817413
          ]
        ]
      },
      "id": "way/1548192091"
    },
    {
      "type": "Feature",
      "properties": {
        "@id": "way/1548192092",
        "indoor": "wall",
        "level": "-1"
      },
      "geometry": {
        "type": "LineString",
        "coordinates": [
          [
            5.5654169,
            50.5816258
          ],
          [
            5.5654669,
            50.5816488
          ],
          [
            5.5654878,
            50.5816585
          ],
          [
            5.5655086,
            50.5816681
          ],
          [
            5.5655502,
            50.5816872
          ],
          [
            5.5655711,
            50.5816968
          ],
          [
            5.5656336,
            50.5817256
          ],
          [
            5.5656545,
            50.5817352
          ],
          [
            5.5656679,
            50.5817413
          ],
          [
            5.5656812,
            50.5817475
          ],
          [
            5.565717,
            50.581764
          ],
          [
            5.5657378,
            50.5817736
          ],
          [
            5.5658004,
            50.5818023
          ],
          [
            5.5658213,
            50.5818119
          ],
          [
            5.565842,
            50.5818216
          ],
          [
            5.5658837,
            50.5818407
          ],
          [
            5.5659047,
            50.5818503
          ],
          [
            5.5659324,
            50.5818631
          ],
          [
            5.5659171,
            50.5818764
          ],
          [
            5.5659021,
            50.5818896
          ]
        ]
      },
      "id": "way/1548192092"
    },
    {
      "type": "Feature",
      "properties": {
        "@id": "way/1548192093",
        "indoor": "wall",
        "level": "-1"
      },
      "geometry": {
        "type": "LineString",
        "coordinates": [
          [
            5.5653918,
            50.5816143
          ],
          [
            5.5653725,
            50.5816054
          ],
          [
            5.5653972,
            50.5815837
          ]
        ]
      },
      "id": "way/1548192093"
    },
    {
      "type": "Feature",
      "properties": {
        "@id": "way/1548192101",
        "indoor": "wall",
        "level": "0",
        "repeat_on": "-1;1"
      },
      "geometry": {
        "type": "LineString",
        "coordinates": [
          [
            5.5659465,
            50.58191
          ],
          [
            5.5659615,
            50.5818968
          ],
          [
            5.5659767,
            50.5818835
          ]
        ]
      },
      "id": "way/1548192101"
    },
    {
      "type": "Feature",
      "properties": {
        "@id": "way/1548192104",
        "door": "yes",
        "indoor": "door",
        "level": "-1"
      },
      "geometry": {
        "type": "LineString",
        "coordinates": [
          [
            5.5660018,
            50.5818615
          ],
          [
            5.5660491,
            50.5818831
          ]
        ]
      },
      "id": "way/1548192104"
    },
    {
      "type": "Feature",
      "properties": {
        "@id": "way/1548192114",
        "door": "yes",
        "indoor": "door",
        "level": "-1"
      },
      "geometry": {
        "type": "LineString",
        "coordinates": [
          [
            5.5653436,
            50.581564
          ],
          [
            5.5652948,
            50.5815416
          ]
        ]
      },
      "id": "way/1548192114"
    },
    {
      "type": "Feature",
      "properties": {
        "@id": "way/1548192115",
        "indoor": "wall",
        "level": "-1"
      },
      "geometry": {
        "type": "LineString",
        "coordinates": [
          [
            5.5653496,
            50.5815618
          ],
          [
            5.565346,
            50.5815651
          ],
          [
            5.5653436,
            50.581564
          ]
        ]
      },
      "id": "way/1548192115"
    },
    {
      "type": "Feature",
      "properties": {
        "@id": "way/1548192125",
        "description": "Salle de TP",
        "height": "3.9",
        "indoor": "room",
        "level": "1",
        "ref": "1/30"
      },
      "geometry": {
        "type": "LineString",
        "coordinates": [
          [
            5.5658143,
            50.5816787
          ],
          [
            5.5658294,
            50.5816655
          ],
          [
            5.5659127,
            50.5817039
          ],
          [
            5.5658993,
            50.5817157
          ],
          [
            5.5658253,
            50.5817805
          ],
          [
            5.5658004,
            50.5818023
          ],
          [
            5.5657378,
            50.5817736
          ],
          [
            5.565717,
            50.581764
          ],
          [
            5.5657419,
            50.5817421
          ],
          [
            5.5658143,
            50.5816787
          ],
          [
            5.5658161,
            50.5816771
          ]
        ]
      },
      "id": "way/1548192125"
    },
    {
      "type": "Feature",
      "properties": {
        "@id": "way/1548192133",
        "indoor": "wall",
        "level": "-1;0;1"
      },
      "geometry": {
        "type": "LineString",
        "coordinates": [
          [
            5.5654009,
            50.581549
          ],
          [
            5.5653738,
            50.5815729
          ]
        ]
      },
      "id": "way/1548192133"
    },
    {
      "type": "Feature",
      "properties": {
        "@id": "way/1548192134",
        "indoor": "wall",
        "level": "-1;0;1"
      },
      "geometry": {
        "type": "LineString",
        "coordinates": [
          [
            5.5659186,
            50.5819656
          ],
          [
            5.5659488,
            50.5819392
          ]
        ]
      },
      "id": "way/1548192134"
    },
    {
      "type": "Feature",
      "properties": {
        "@id": "way/1548192150",
        "indoor": "wall",
        "level": "0"
      },
      "geometry": {
        "type": "LineString",
        "coordinates": [
          [
            5.5653122,
            50.5816257
          ],
          [
            5.565314,
            50.5816265
          ],
          [
            5.5652934,
            50.5816447
          ],
          [
            5.565279,
            50.5816574
          ],
          [
            5.5652681,
            50.581667
          ]
        ]
      },
      "id": "way/1548192150"
    },
    {
      "type": "Feature",
      "properties": {
        "@id": "way/1548192151",
        "door": "yes",
        "indoor": "door",
        "level": "0",
        "repeat_on": "-1;1"
      },
      "geometry": {
        "type": "LineString",
        "coordinates": [
          [
            5.5652904,
            50.5816157
          ],
          [
            5.5653122,
            50.5816257
          ]
        ]
      },
      "id": "way/1548192151"
    },
    {
      "type": "Feature",
      "properties": {
        "@id": "way/1548192152",
        "indoor": "wall",
        "level": "0",
        "repeat_on": "-1;1"
      },
      "geometry": {
        "type": "LineString",
        "coordinates": [
          [
            5.5652196,
            50.5816447
          ],
          [
            5.5652591,
            50.58161
          ]
        ]
      },
      "id": "way/1548192152"
    },
    {
      "type": "Feature",
      "properties": {
        "@id": "way/1548192153",
        "indoor": "wall",
        "level": "0",
        "repeat_on": "-1;1"
      },
      "geometry": {
        "type": "LineString",
        "coordinates": [
          [
            5.5652838,
            50.5816215
          ],
          [
            5.565276,
            50.5816178
          ],
          [
            5.5652591,
            50.58161
          ],
          [
            5.565242,
            50.5816022
          ],
          [
            5.5652313,
            50.5815972
          ]
        ]
      },
      "id": "way/1548192153"
    },
    {
      "type": "Feature",
      "properties": {
        "@id": "way/1548192155",
        "indoor": "wall",
        "level": "0",
        "repeat_on": "-1;1"
      },
      "geometry": {
        "type": "LineString",
        "coordinates": [
          [
            5.5653421,
            50.581632
          ],
          [
            5.5653573,
            50.5816187
          ],
          [
            5.5653725,
            50.5816054
          ]
        ]
      },
      "id": "way/1548192155"
    },
    {
      "type": "Feature",
      "properties": {
        "@id": "way/1548192156",
        "indoor": "wall",
        "level": "0",
        "repeat_on": "1"
      },
      "geometry": {
        "type": "LineString",
        "coordinates": [
          [
            5.5656509,
            50.581774
          ],
          [
            5.5656657,
            50.581761
          ],
          [
            5.5656812,
            50.5817475
          ]
        ]
      },
      "id": "way/1548192156"
    },
    {
      "type": "Feature",
      "properties": {
        "@id": "way/1548192157",
        "door": "yes",
        "indoor": "door",
        "level": "0"
      },
      "geometry": {
        "type": "LineString",
        "coordinates": [
          [
            5.5659732,
            50.5819503
          ],
          [
            5.5660253,
            50.5819743
          ]
        ]
      },
      "id": "way/1548192157"
    },
    {
      "type": "Feature",
      "properties": {
        "@id": "way/1548192158",
        "indoor": "wall",
        "level": "0"
      },
      "geometry": {
        "type": "LineString",
        "coordinates": [
          [
            5.5659408,
            50.5819813
          ],
          [
            5.5659388,
            50.5819804
          ],
          [
            5.5659732,
            50.5819503
          ]
        ]
      },
      "id": "way/1548192158"
    },
    {
      "type": "Feature",
      "properties": {
        "@id": "way/1548192166",
        "indoor": "wall",
        "level": "0",
        "repeat_on": "-1;1"
      },
      "geometry": {
        "type": "LineString",
        "coordinates": [
          [
            5.5660609,
            50.5819058
          ],
          [
            5.5661004,
            50.5818713
          ]
        ]
      },
      "id": "way/1548192166"
    },
    {
      "type": "Feature",
      "properties": {
        "@id": "way/1548192167",
        "indoor": "wall",
        "level": "0",
        "repeat_on": "-1;1"
      },
      "geometry": {
        "type": "LineString",
        "coordinates": [
          [
            5.5660361,
            50.5818945
          ],
          [
            5.566044,
            50.581898
          ],
          [
            5.5660609,
            50.5819058
          ],
          [
            5.5660779,
            50.5819135
          ],
          [
            5.5660889,
            50.5819185
          ]
        ]
      },
      "id": "way/1548192167"
    },
    {
      "type": "Feature",
      "properties": {
        "@id": "way/1553316133",
        "highway": "footway",
        "layer": "-2",
        "surface": "wood"
      },
      "geometry": {
        "type": "LineString",
        "coordinates": [
          [
            5.569993,
            50.5839964
          ],
          [
            5.5700248,
            50.5840104
          ],
          [
            5.570021,
            50.5840139
          ]
        ]
      },
      "id": "way/1553316133"
    },
    {
      "type": "Feature",
      "properties": {
        "@id": "way/1553316134",
        "highway": "steps",
        "layer": "-2",
        "step_count": "3",
        "surface": "wood"
      },
      "geometry": {
        "type": "LineString",
        "coordinates": [
          [
            5.569986,
            50.5839932
          ],
          [
            5.569993,
            50.5839964
          ]
        ]
      },
      "id": "way/1553316134"
    },
    {
      "type": "Feature",
      "properties": {
        "@id": "way/1553316135",
        "highway": "footway",
        "layer": "-2",
        "surface": "wood"
      },
      "geometry": {
        "type": "LineString",
        "coordinates": [
          [
            5.5699424,
            50.5839738
          ],
          [
            5.569986,
            50.5839932
          ]
        ]
      },
      "id": "way/1553316135"
    },
    {
      "type": "Feature",
      "properties": {
        "@id": "way/1553316141",
        "highway": "footway",
        "layer": "-2",
        "smoothness": "good",
        "surface": "paving_stones"
      },
      "geometry": {
        "type": "LineString",
        "coordinates": [
          [
            5.5699396,
            50.5839765
          ],
          [
            5.5699424,
            50.5839738
          ],
          [
            5.5699497,
            50.5839667
          ],
          [
            5.5699309,
            50.583941
          ],
          [
            5.5699487,
            50.5838879
          ]
        ]
      },
      "id": "way/1553316141"
    },
    {
      "type": "Feature",
      "properties": {
        "@id": "way/1553316147",
        "highway": "steps",
        "incline": "up",
        "level": "-2",
        "step_count": "3",
        "surface": "stone"
      },
      "geometry": {
        "type": "LineString",
        "coordinates": [
          [
            5.5699236,
            50.5840153
          ],
          [
            5.5699214,
            50.5840212
          ]
        ]
      },
      "id": "way/1553316147"
    },
    {
      "type": "Feature",
      "properties": {
        "@id": "way/1553316159",
        "highway": "steps",
        "incline": "up",
        "level": "1.5;2",
        "step_count": "3",
        "surface": "concrete"
      },
      "geometry": {
        "type": "LineString",
        "coordinates": [
          [
            5.569814,
            50.5842138
          ],
          [
            5.5698273,
            50.5842036
          ]
        ]
      },
      "id": "way/1553316159"
    },
    {
      "type": "Feature",
      "properties": {
        "@id": "way/1553316161",
        "highway": "steps",
        "incline": "up",
        "level": "1;1.5",
        "step_count": "11",
        "surface": "concrete"
      },
      "geometry": {
        "type": "LineString",
        "coordinates": [
          [
            5.5697128,
            50.5843003
          ],
          [
            5.5697335,
            50.584282
          ],
          [
            5.5697563,
            50.5842604
          ]
        ]
      },
      "id": "way/1553316161"
    },
    {
      "type": "Feature",
      "properties": {
        "@id": "way/1553316162",
        "barrier": "wall",
        "height": "7",
        "level": "1-2",
        "min_height": "3.9"
      },
      "geometry": {
        "type": "LineString",
        "coordinates": [
          [
            5.569685,
            50.5842593
          ],
          [
            5.5696613,
            50.5842485
          ],
          [
            5.5696991,
            50.5841468
          ],
          [
            5.5697078,
            50.5841236
          ],
          [
            5.5698813,
            50.584056
          ],
          [
            5.5700273,
            50.5841225
          ],
          [
            5.5699803,
            50.584249
          ],
          [
            5.5699518,
            50.5842601
          ],
          [
            5.5699331,
            50.5842673
          ],
          [
            5.569849,
            50.5843
          ],
          [
            5.5698084,
            50.5843157
          ]
        ]
      },
      "id": "way/1553316162"
    },
    {
      "type": "Feature",
      "properties": {
        "@id": "way/1553316164",
        "highway": "steps",
        "incline": "up",
        "level": "1.5;2",
        "step_count": "3",
        "surface": "concrete"
      },
      "geometry": {
        "type": "LineString",
        "coordinates": [
          [
            5.5694734,
            50.5840584
          ],
          [
            5.5694879,
            50.5840456
          ]
        ]
      },
      "id": "way/1553316164"
    },
    {
      "type": "Feature",
      "properties": {
        "@id": "way/1553316166",
        "highway": "steps",
        "incline": "up",
        "level": "1;1.5",
        "step_count": "6",
        "surface": "concrete"
      },
      "geometry": {
        "type": "LineString",
        "coordinates": [
          [
            5.5694174,
            50.5841072
          ],
          [
            5.5694424,
            50.5840845
          ]
        ]
      },
      "id": "way/1553316166"
    },
    {
      "type": "Feature",
      "properties": {
        "@id": "way/1553316167",
        "barrier": "wall",
        "height": "6.4",
        "level": "1-2",
        "min_height": "3.9"
      },
      "geometry": {
        "type": "LineString",
        "coordinates": [
          [
            5.569379,
            50.5840895
          ],
          [
            5.5693575,
            50.5840796
          ],
          [
            5.5693678,
            50.5840521
          ],
          [
            5.5693873,
            50.584
          ],
          [
            5.5693949,
            50.5839798
          ],
          [
            5.569534,
            50.5839256
          ],
          [
            5.5696548,
            50.5839809
          ],
          [
            5.5696173,
            50.5840818
          ],
          [
            5.5695909,
            50.5840921
          ],
          [
            5.5695205,
            50.5841196
          ],
          [
            5.5694793,
            50.5841357
          ]
        ]
      },
      "id": "way/1553316167"
    },
    {
      "type": "Feature",
      "properties": {
        "@id": "way/1553316169",
        "highway": "steps",
        "incline": "up",
        "level": "1.5;2",
        "step_count": "3",
        "surface": "concrete"
      },
      "geometry": {
        "type": "LineString",
        "coordinates": [
          [
            5.569173,
            50.5839227
          ],
          [
            5.5691882,
            50.5839103
          ]
        ]
      },
      "id": "way/1553316169"
    },
    {
      "type": "Feature",
      "properties": {
        "@id": "way/1553316170",
        "highway": "steps",
        "incline": "up",
        "level": "1;1.5",
        "step_count": "6",
        "surface": "concrete"
      },
      "geometry": {
        "type": "LineString",
        "coordinates": [
          [
            5.5691162,
            50.5839688
          ],
          [
            5.5691418,
            50.5839459
          ]
        ]
      },
      "id": "way/1553316170"
    },
    {
      "type": "Feature",
      "properties": {
        "@id": "way/1553316172",
        "highway": "steps",
        "incline": "up",
        "level": "0;1",
        "surface": "concrete"
      },
      "geometry": {
        "type": "LineString",
        "coordinates": [
          [
            5.5700029,
            50.5842592
          ],
          [
            5.5698837,
            50.5843068
          ]
        ]
      },
      "id": "way/1553316172"
    },
    {
      "type": "Feature",
      "properties": {
        "@id": "way/1553316173",
        "highway": "steps",
        "incline": "up",
        "level": "0;1",
        "surface": "concrete"
      },
      "geometry": {
        "type": "LineString",
        "coordinates": [
          [
            5.5690687,
            50.583838
          ],
          [
            5.5690347,
            50.5839315
          ]
        ]
      },
      "id": "way/1553316173"
    },
    {
      "type": "Feature",
      "properties": {
        "@id": "way/1553316174",
        "barrier": "wall",
        "height": "6.4",
        "level": "1-2",
        "min_height": "3.9"
      },
      "geometry": {
        "type": "LineString",
        "coordinates": [
          [
            5.5691794,
            50.5839977
          ],
          [
            5.5692221,
            50.5839809
          ],
          [
            5.569289,
            50.5839546
          ],
          [
            5.569317,
            50.5839436
          ],
          [
            5.5693541,
            50.5838432
          ],
          [
            5.5693416,
            50.5838375
          ],
          [
            5.5692334,
            50.5837873
          ],
          [
            5.5690941,
            50.5838417
          ],
          [
            5.5690854,
            50.5838654
          ],
          [
            5.5690793,
            50.5838817
          ],
          [
            5.5690672,
            50.5839145
          ],
          [
            5.5690571,
            50.5839418
          ],
          [
            5.5690774,
            50.583951
          ]
        ]
      },
      "id": "way/1553316174"
    },
    {
      "type": "Feature",
      "properties": {
        "@id": "way/1553316177",
        "@relations": [
          {
            "role": "outer",
            "rel": 21293688,
            "reltags": {
              "area": "yes",
              "highway": "pedestrian",
              "level": "1",
              "lit": "no",
              "smoothness": "good",
              "surface": "concrete",
              "type": "multipolygon"
            }
          }
        ]
      },
      "geometry": {
        "type": "LineString",
        "coordinates": [
          [
            5.5698057,
            50.5845838
          ],
          [
            5.5697191,
            50.5846177
          ],
          [
            5.5696727,
            50.5845811
          ],
          [
            5.5696345,
            50.5845509
          ],
          [
            5.5696121,
            50.5845515
          ],
          [
            5.5696011,
            50.5845519
          ],
          [
            5.5695965,
            50.5844748
          ],
          [
            5.5695925,
            50.5844103
          ],
          [
            5.5695888,
            50.5843506
          ],
          [
            5.5694246,
            50.5842766
          ],
          [
            5.5693587,
            50.5842469
          ],
          [
            5.5693821,
            50.5841845
          ],
          [
            5.5692369,
            50.5841178
          ],
          [
            5.5691562,
            50.5840807
          ],
          [
            5.5689564,
            50.5839889
          ],
          [
            5.5689666,
            50.5839616
          ],
          [
            5.5689722,
            50.5839468
          ],
          [
            5.5689769,
            50.5839341
          ],
          [
            5.5690112,
            50.5839207
          ],
          [
            5.5690571,
            50.5839418
          ],
          [
            5.5690774,
            50.583951
          ],
          [
            5.5690923,
            50.5839578
          ],
          [
            5.5691162,
            50.5839688
          ],
          [
            5.5691408,
            50.5839801
          ],
          [
            5.5691794,
            50.5839977
          ],
          [
            5.569317,
            50.5839436
          ],
          [
            5.5693541,
            50.5838432
          ],
          [
            5.5693416,
            50.5838375
          ],
          [
            5.5693936,
            50.5838176
          ],
          [
            5.5698815,
            50.5840424
          ],
          [
            5.5698813,
            50.584056
          ],
          [
            5.5697078,
            50.5841236
          ],
          [
            5.5696991,
            50.5841468
          ],
          [
            5.5696613,
            50.5842485
          ],
          [
            5.569685,
            50.5842593
          ],
          [
            5.5697335,
            50.584282
          ],
          [
            5.5698084,
            50.5843157
          ],
          [
            5.5698596,
            50.5842957
          ],
          [
            5.5699056,
            50.5843168
          ],
          [
            5.5699029,
            50.584324
          ],
          [
            5.5698962,
            50.5843419
          ],
          [
            5.5698802,
            50.5843847
          ],
          [
            5.5698639,
            50.584428
          ],
          [
            5.5698542,
            50.584454
          ],
          [
            5.5698354,
            50.5845043
          ],
          [
            5.569823,
            50.5845374
          ],
          [
            5.5698057,
            50.5845838
          ]
        ]
      },
      "id": "way/1553316177"
    },
    {
      "type": "Feature",
      "properties": {
        "@id": "way/1553316181",
        "highway": "footway",
        "lit": "no",
        "smoothness": "good",
        "surface": "sett"
      },
      "geometry": {
        "type": "LineString",
        "coordinates": [
          [
            5.5698902,
            50.5844118
          ],
          [
            5.5698493,
            50.5844068
          ]
        ]
      },
      "id": "way/1553316181"
    },
    {
      "type": "Feature",
      "properties": {
        "@id": "way/1553316184",
        "highway": "footway",
        "lit": "yes",
        "smoothness": "good",
        "surface": "paving_stones"
      },
      "geometry": {
        "type": "LineString",
        "coordinates": [
          [
            5.5695083,
            50.5843848
          ],
          [
            5.5695567,
            50.5843361
          ],
          [
            5.5695691,
            50.5843247
          ]
        ]
      },
      "id": "way/1553316184"
    },
    {
      "type": "Feature",
      "properties": {
        "@id": "way/1553316188"
      },
      "geometry": {
        "type": "LineString",
        "coordinates": [
          [
            5.5690436,
            50.5838344
          ],
          [
            5.5690941,
            50.5838417
          ]
        ]
      },
      "id": "way/1553316188"
    },
    {
      "type": "Feature",
      "properties": {
        "@id": "way/1553316192",
        "barrier": "wall",
        "height": "1",
        "level": "0",
        "min_height": "-0.6"
      },
      "geometry": {
        "type": "LineString",
        "coordinates": [
          [
            5.5686546,
            50.5835229
          ],
          [
            5.5686636,
            50.5834984
          ],
          [
            5.5686733,
            50.5834729
          ],
          [
            5.5686754,
            50.5834669
          ],
          [
            5.5686904,
            50.5834616
          ],
          [
            5.5687077,
            50.5834547
          ],
          [
            5.5687342,
            50.5834669
          ],
          [
            5.5687638,
            50.5834805
          ],
          [
            5.568834,
            50.5835127
          ],
          [
            5.5688639,
            50.5835265
          ],
          [
            5.5689343,
            50.5835588
          ],
          [
            5.5689642,
            50.5835725
          ],
          [
            5.5690347,
            50.5836049
          ],
          [
            5.5690645,
            50.5836186
          ],
          [
            5.5691347,
            50.5836508
          ],
          [
            5.5691646,
            50.5836646
          ],
          [
            5.5692346,
            50.5836967
          ],
          [
            5.5692837,
            50.5837193
          ],
          [
            5.5693182,
            50.5837059
          ],
          [
            5.569362,
            50.583726
          ],
          [
            5.569406,
            50.5837462
          ],
          [
            5.5694571,
            50.5837697
          ],
          [
            5.5695015,
            50.5837901
          ],
          [
            5.5695406,
            50.5838081
          ],
          [
            5.5695628,
            50.5838182
          ],
          [
            5.5695736,
            50.5838232
          ],
          [
            5.5695838,
            50.5838279
          ],
          [
            5.5696114,
            50.5838406
          ],
          [
            5.569659,
            50.5838625
          ],
          [
            5.5697907,
            50.583923
          ],
          [
            5.5697941,
            50.5839245
          ],
          [
            5.5698265,
            50.5839117
          ],
          [
            5.5701239,
            50.5840489
          ],
          [
            5.5700867,
            50.5841465
          ],
          [
            5.5700757,
            50.584176
          ]
        ]
      },
      "id": "way/1553316192"
    },
    {
      "type": "Feature",
      "properties": {
        "@id": "way/1553316194",
        "indoor": "wall",
        "level": "-1"
      },
      "geometry": {
        "type": "LineString",
        "coordinates": [
          [
            5.5687048,
            50.5835456
          ],
          [
            5.5687006,
            50.5835584
          ],
          [
            5.5686946,
            50.5835766
          ]
        ]
      },
      "id": "way/1553316194"
    },
    {
      "type": "Feature",
      "properties": {
        "@id": "way/1553316195",
        "barrier": "wall",
        "height": "1.5",
        "level": "0",
        "min_height": "-0.6"
      },
      "geometry": {
        "type": "LineString",
        "coordinates": [
          [
            5.5686099,
            50.5834698
          ],
          [
            5.5685989,
            50.583498
          ],
          [
            5.5685902,
            50.5835206
          ],
          [
            5.5685862,
            50.5835276
          ],
          [
            5.5685817,
            50.5835393
          ],
          [
            5.5685787,
            50.5835475
          ],
          [
            5.5686658,
            50.5835873
          ],
          [
            5.5686774,
            50.5835833
          ],
          [
            5.5686946,
            50.5835766
          ],
          [
            5.5687197,
            50.5835668
          ]
        ]
      },
      "id": "way/1553316195"
    },
    {
      "type": "Feature",
      "properties": {
        "@id": "way/1553316196",
        "handrail": "no",
        "highway": "steps",
        "incline": "down",
        "layer": "0",
        "level": "0",
        "ramp": "no",
        "step_count": "11",
        "surface": "concrete",
        "tactile_paving": "no",
        "width": "3"
      },
      "geometry": {
        "type": "LineString",
        "coordinates": [
          [
            5.5686286,
            50.5835113
          ],
          [
            5.5686405,
            50.5834818
          ]
        ]
      },
      "id": "way/1553316196"
    },
    {
      "type": "Feature",
      "properties": {
        "@id": "way/1553316205",
        "indoor": "wall",
        "level": "-1"
      },
      "geometry": {
        "type": "LineString",
        "coordinates": [
          [
            5.5693564,
            50.5840043
          ],
          [
            5.5693713,
            50.5839985
          ]
        ]
      },
      "id": "way/1553316205"
    },
    {
      "type": "Feature",
      "properties": {
        "@id": "way/1553316206",
        "indoor": "wall",
        "level": "-1"
      },
      "geometry": {
        "type": "LineString",
        "coordinates": [
          [
            5.5693949,
            50.5839798
          ],
          [
            5.5693777,
            50.5839865
          ]
        ]
      },
      "id": "way/1553316206"
    },
    {
      "type": "Feature",
      "properties": {
        "@id": "way/1553316207",
        "indoor": "wall",
        "level": "-1"
      },
      "geometry": {
        "type": "LineString",
        "coordinates": [
          [
            5.5692922,
            50.5839751
          ],
          [
            5.5692963,
            50.5839637
          ]
        ]
      },
      "id": "way/1553316207"
    },
    {
      "type": "Feature",
      "properties": {
        "@id": "way/1553316208",
        "indoor": "wall",
        "level": "-1"
      },
      "geometry": {
        "type": "LineString",
        "coordinates": [
          [
            5.569317,
            50.5839436
          ],
          [
            5.5693123,
            50.5839565
          ]
        ]
      },
      "id": "way/1553316208"
    },
    {
      "type": "Feature",
      "properties": {
        "@id": "way/1553316211",
        "indoor": "wall",
        "level": "-1"
      },
      "geometry": {
        "type": "LineString",
        "coordinates": [
          [
            5.5693006,
            50.5838353
          ],
          [
            5.5693226,
            50.583856
          ]
        ]
      },
      "id": "way/1553316211"
    },
    {
      "type": "Feature",
      "properties": {
        "@id": "way/1553316212",
        "indoor": "wall",
        "level": "-1"
      },
      "geometry": {
        "type": "LineString",
        "coordinates": [
          [
            5.5692619,
            50.5838176
          ],
          [
            5.5692244,
            50.5838106
          ]
        ]
      },
      "id": "way/1553316212"
    },
    {
      "type": "Feature",
      "properties": {
        "@id": "way/1553316213",
        "indoor": "wall",
        "level": "-1"
      },
      "geometry": {
        "type": "LineString",
        "coordinates": [
          [
            5.5692747,
            50.5838065
          ],
          [
            5.5692619,
            50.5838176
          ],
          [
            5.5693006,
            50.5838353
          ],
          [
            5.5693132,
            50.5838243
          ]
        ]
      },
      "id": "way/1553316213"
    },
    {
      "type": "Feature",
      "properties": {
        "@id": "way/1553316214",
        "indoor": "wall",
        "level": "-1"
      },
      "geometry": {
        "type": "LineString",
        "coordinates": [
          [
            5.5699641,
            50.5841113
          ],
          [
            5.5699891,
            50.5841345
          ]
        ]
      },
      "id": "way/1553316214"
    },
    {
      "type": "Feature",
      "properties": {
        "@id": "way/1553316215",
        "indoor": "wall",
        "level": "-1"
      },
      "geometry": {
        "type": "LineString",
        "coordinates": [
          [
            5.5699186,
            50.5840903
          ],
          [
            5.5698756,
            50.5840824
          ]
        ]
      },
      "id": "way/1553316215"
    },
    {
      "type": "Feature",
      "properties": {
        "@id": "way/1553316216",
        "indoor": "wall",
        "level": "-1"
      },
      "geometry": {
        "type": "LineString",
        "coordinates": [
          [
            5.5699316,
            50.5840789
          ],
          [
            5.5699186,
            50.5840903
          ],
          [
            5.5699641,
            50.5841113
          ],
          [
            5.569977,
            50.5840996
          ]
        ]
      },
      "id": "way/1553316216"
    },
    {
      "type": "Feature",
      "properties": {
        "@id": "way/1553316217",
        "indoor": "wall",
        "level": "-1"
      },
      "geometry": {
        "type": "LineString",
        "coordinates": [
          [
            5.5696011,
            50.5839733
          ],
          [
            5.5696231,
            50.5839938
          ]
        ]
      },
      "id": "way/1553316217"
    },
    {
      "type": "Feature",
      "properties": {
        "@id": "way/1553316218",
        "indoor": "wall",
        "level": "-1"
      },
      "geometry": {
        "type": "LineString",
        "coordinates": [
          [
            5.5695624,
            50.5839555
          ],
          [
            5.569525,
            50.5839488
          ]
        ]
      },
      "id": "way/1553316218"
    },
    {
      "type": "Feature",
      "properties": {
        "@id": "way/1553316219",
        "indoor": "wall",
        "level": "-1"
      },
      "geometry": {
        "type": "LineString",
        "coordinates": [
          [
            5.569614,
            50.5839622
          ],
          [
            5.5696011,
            50.5839733
          ],
          [
            5.5695624,
            50.5839555
          ],
          [
            5.5695749,
            50.5839444
          ]
        ]
      },
      "id": "way/1553316219"
    },
    {
      "type": "Feature",
      "properties": {
        "@id": "way/1553316220",
        "indoor": "wall",
        "level": "-1"
      },
      "geometry": {
        "type": "LineString",
        "coordinates": [
          [
            5.5695339,
            50.5838393
          ],
          [
            5.5695736,
            50.5838232
          ]
        ]
      },
      "id": "way/1553316220"
    },
    {
      "type": "Feature",
      "properties": {
        "@id": "way/1553316221",
        "indoor": "wall",
        "level": "-1"
      },
      "geometry": {
        "type": "LineString",
        "coordinates": [
          [
            5.569482,
            50.5838155
          ],
          [
            5.5694964,
            50.5838025
          ]
        ]
      },
      "id": "way/1553316221"
    },
    {
      "type": "Feature",
      "properties": {
        "@id": "way/1553316227",
        "indoor": "wall",
        "level": "-1"
      },
      "geometry": {
        "type": "LineString",
        "coordinates": [
          [
            5.5687971,
            50.5835738
          ],
          [
            5.5688096,
            50.5835795
          ]
        ]
      },
      "id": "way/1553316227"
    },
    {
      "type": "Feature",
      "properties": {
        "@id": "way/1553316229",
        "indoor": "wall",
        "level": "-1"
      },
      "geometry": {
        "type": "LineString",
        "coordinates": [
          [
            5.5692223,
            50.5837692
          ],
          [
            5.5692098,
            50.5837635
          ],
          [
            5.5691969,
            50.5837576
          ]
        ]
      },
      "id": "way/1553316229"
    },
    {
      "type": "Feature",
      "properties": {
        "@id": "way/1553316230",
        "indoor": "wall",
        "level": "-1"
      },
      "geometry": {
        "type": "LineString",
        "coordinates": [
          [
            5.5685989,
            50.583498
          ],
          [
            5.5686294,
            50.5835114
          ],
          [
            5.5686386,
            50.5834867
          ]
        ]
      },
      "id": "way/1553316230"
    },
    {
      "type": "Feature",
      "properties": {
        "@id": "way/1553316231",
        "indoor": "wall",
        "level": "-1"
      },
      "geometry": {
        "type": "LineString",
        "coordinates": [
          [
            5.5686811,
            50.5834913
          ],
          [
            5.5687188,
            50.5835083
          ]
        ]
      },
      "id": "way/1553316231"
    },
    {
      "type": "Feature",
      "properties": {
        "@id": "way/1553316233",
        "indoor": "wall",
        "level": "-1"
      },
      "geometry": {
        "type": "LineString",
        "coordinates": [
          [
            5.5690974,
            50.5837118
          ],
          [
            5.5691099,
            50.5837174
          ]
        ]
      },
      "id": "way/1553316233"
    },
    {
      "type": "Feature",
      "properties": {
        "@id": "way/1553316234",
        "indoor": "wall",
        "level": "-1"
      },
      "geometry": {
        "type": "LineString",
        "coordinates": [
          [
            5.5689972,
            50.5836657
          ],
          [
            5.5690096,
            50.5836714
          ]
        ]
      },
      "id": "way/1553316234"
    },
    {
      "type": "Feature",
      "properties": {
        "@id": "way/1553316235",
        "indoor": "wall",
        "level": "-1"
      },
      "geometry": {
        "type": "LineString",
        "coordinates": [
          [
            5.5688974,
            50.5836199
          ],
          [
            5.5689097,
            50.5836254
          ]
        ]
      },
      "id": "way/1553316235"
    },
    {
      "type": "Feature",
      "properties": {
        "@id": "way/1553316236",
        "indoor": "wall",
        "level": "-1"
      },
      "geometry": {
        "type": "LineString",
        "coordinates": [
          [
            5.5687235,
            50.5834957
          ],
          [
            5.568751,
            50.5834854
          ],
          [
            5.5687638,
            50.5834805
          ]
        ]
      },
      "id": "way/1553316236"
    },
    {
      "type": "Feature",
      "properties": {
        "@id": "way/1553316246",
        "indoor": "wall",
        "level": "-1"
      },
      "geometry": {
        "type": "LineString",
        "coordinates": [
          [
            5.5699669,
            50.5839891
          ],
          [
            5.5699555,
            50.5839995
          ],
          [
            5.5699584,
            50.5840254
          ],
          [
            5.5699606,
            50.5840456
          ],
          [
            5.5700401,
            50.5840823
          ],
          [
            5.5700866,
            50.5841038
          ]
        ]
      },
      "id": "way/1553316246"
    },
    {
      "type": "Feature",
      "properties": {
        "@id": "way/1553316247",
        "indoor": "wall",
        "level": "-1"
      },
      "geometry": {
        "type": "LineString",
        "coordinates": [
          [
            5.5698213,
            50.5839712
          ],
          [
            5.5698377,
            50.5839297
          ]
        ]
      },
      "id": "way/1553316247"
    },
    {
      "type": "Feature",
      "properties": {
        "@id": "way/1553316255",
        "indoor": "wall",
        "level": "-1"
      },
      "geometry": {
        "type": "LineString",
        "coordinates": [
          [
            5.5697078,
            50.5841236
          ],
          [
            5.569689,
            50.5841304
          ]
        ]
      },
      "id": "way/1553316255"
    },
    {
      "type": "Feature",
      "properties": {
        "@id": "way/1553316256",
        "indoor": "wall",
        "level": "-1"
      },
      "geometry": {
        "type": "LineString",
        "coordinates": [
          [
            5.5696173,
            50.5840818
          ],
          [
            5.5696132,
            50.5840946
          ]
        ]
      },
      "id": "way/1553316256"
    },
    {
      "type": "Feature",
      "properties": {
        "@id": "way/1553316257",
        "indoor": "wall",
        "level": "-1"
      },
      "geometry": {
        "type": "LineString",
        "coordinates": [
          [
            5.5696688,
            50.5841481
          ],
          [
            5.5696844,
            50.5841422
          ]
        ]
      },
      "id": "way/1553316257"
    },
    {
      "type": "Feature",
      "properties": {
        "@id": "way/1553316258",
        "indoor": "wall",
        "level": "-1"
      },
      "geometry": {
        "type": "LineString",
        "coordinates": [
          [
            5.5695924,
            50.5841132
          ],
          [
            5.5695966,
            50.5841014
          ]
        ]
      },
      "id": "way/1553316258"
    },
    {
      "type": "Feature",
      "properties": {
        "@id": "way/1553316273",
        "level": "0",
        "@relations": [
          {
            "role": "outer",
            "rel": 21293689,
            "reltags": {
              "description": "Hall d'entrée",
              "indoor": "area",
              "level": "0",
              "ref": "0/4;0/6",
              "type": "multipolygon"
            }
          }
        ]
      },
      "geometry": {
        "type": "LineString",
        "coordinates": [
          [
            5.5690112,
            50.5839207
          ],
          [
            5.5690347,
            50.5839315
          ],
          [
            5.5690571,
            50.5839418
          ],
          [
            5.5690923,
            50.5839578
          ],
          [
            5.569108,
            50.583944
          ],
          [
            5.5691148,
            50.5839379
          ],
          [
            5.5691633,
            50.5839604
          ],
          [
            5.5691565,
            50.5839663
          ],
          [
            5.5691408,
            50.5839801
          ],
          [
            5.5691794,
            50.5839977
          ],
          [
            5.569317,
            50.5839436
          ],
          [
            5.5693545,
            50.583961
          ],
          [
            5.5693949,
            50.5839798
          ],
          [
            5.5693575,
            50.5840796
          ],
          [
            5.569393,
            50.584096
          ],
          [
            5.5694091,
            50.5840818
          ],
          [
            5.569415,
            50.5840765
          ],
          [
            5.5694635,
            50.584099
          ],
          [
            5.5694571,
            50.5841047
          ],
          [
            5.5694418,
            50.5841184
          ],
          [
            5.5694793,
            50.5841357
          ],
          [
            5.5695666,
            50.5841016
          ],
          [
            5.5696173,
            50.5840818
          ],
          [
            5.5696626,
            50.5841027
          ],
          [
            5.5697078,
            50.5841236
          ],
          [
            5.5696991,
            50.5841468
          ],
          [
            5.5696942,
            50.58416
          ],
          [
            5.5696706,
            50.5842236
          ],
          [
            5.5696613,
            50.5842485
          ],
          [
            5.569685,
            50.5842593
          ],
          [
            5.5697095,
            50.5842705
          ],
          [
            5.5697247,
            50.5842571
          ],
          [
            5.5697316,
            50.5842509
          ],
          [
            5.5697804,
            50.5842735
          ],
          [
            5.5697734,
            50.5842796
          ],
          [
            5.5697583,
            50.5842929
          ],
          [
            5.5698084,
            50.5843157
          ],
          [
            5.5698596,
            50.5842957
          ],
          [
            5.5698837,
            50.5843068
          ],
          [
            5.5699056,
            50.5843168
          ],
          [
            5.5699029,
            50.584324
          ],
          [
            5.5698998,
            50.5843324
          ],
          [
            5.5698962,
            50.5843419
          ],
          [
            5.5698802,
            50.5843847
          ],
          [
            5.5698538,
            50.5843947
          ],
          [
            5.5698493,
            50.5844068
          ],
          [
            5.5698447,
            50.5844192
          ],
          [
            5.5698174,
            50.5844065
          ],
          [
            5.5698087,
            50.5844141
          ],
          [
            5.5697776,
            50.5843998
          ],
          [
            5.5697595,
            50.5843914
          ],
          [
            5.569768,
            50.584384
          ],
          [
            5.5697557,
            50.5843784
          ],
          [
            5.5697394,
            50.5843844
          ],
          [
            5.5697345,
            50.584398
          ],
          [
            5.5697456,
            50.5844032
          ],
          [
            5.5697643,
            50.5844119
          ],
          [
            5.5697806,
            50.5844195
          ],
          [
            5.5697869,
            50.5844225
          ],
          [
            5.5697961,
            50.5844268
          ],
          [
            5.5697877,
            50.5844301
          ],
          [
            5.5697718,
            50.5844361
          ],
          [
            5.5695888,
            50.5843506
          ],
          [
            5.5695942,
            50.5843362
          ],
          [
            5.5695691,
            50.5843247
          ],
          [
            5.5694942,
            50.5842904
          ],
          [
            5.5694461,
            50.5842684
          ],
          [
            5.5694246,
            50.5842766
          ],
          [
            5.5693587,
            50.5842469
          ],
          [
            5.5693821,
            50.5841845
          ],
          [
            5.5692369,
            50.5841178
          ],
          [
            5.5692424,
            50.5841019
          ],
          [
            5.5692107,
            50.5840871
          ],
          [
            5.5691783,
            50.5840719
          ],
          [
            5.5691562,
            50.5840807
          ],
          [
            5.5689564,
            50.5839889
          ],
          [
            5.5689666,
            50.5839616
          ],
          [
            5.5689902,
            50.583952
          ],
          [
            5.5689922,
            50.5839466
          ],
          [
            5.5689938,
            50.5839419
          ],
          [
            5.5689769,
            50.5839341
          ],
          [
            5.5690112,
            50.5839207
          ]
        ]
      },
      "id": "way/1553316273"
    },
    {
      "type": "Feature",
      "properties": {
        "@id": "way/1553316290",
        "@relations": [
          {
            "role": "outer",
            "rel": 21293690,
            "reltags": {
              "building:part": "yes",
              "height": "3.9",
              "level": "0",
              "min_height": "0",
              "type": "multipolygon"
            }
          }
        ]
      },
      "geometry": {
        "type": "LineString",
        "coordinates": [
          [
            5.5690112,
            50.5839207
          ],
          [
            5.5690347,
            50.5839315
          ],
          [
            5.5690571,
            50.5839418
          ],
          [
            5.5690941,
            50.5838417
          ],
          [
            5.5691739,
            50.5838106
          ],
          [
            5.5692334,
            50.5837873
          ],
          [
            5.5693416,
            50.5838375
          ],
          [
            5.5693936,
            50.5838176
          ],
          [
            5.5695949,
            50.5839103
          ],
          [
            5.569632,
            50.5839274
          ],
          [
            5.5697071,
            50.583962
          ],
          [
            5.5698815,
            50.5840424
          ],
          [
            5.5698813,
            50.584056
          ],
          [
            5.5700273,
            50.5841225
          ],
          [
            5.5700169,
            50.5841505
          ],
          [
            5.570012,
            50.5841636
          ],
          [
            5.5700037,
            50.5841859
          ],
          [
            5.5699803,
            50.584249
          ],
          [
            5.5699518,
            50.5842601
          ],
          [
            5.5699331,
            50.5842673
          ],
          [
            5.5698596,
            50.5842957
          ],
          [
            5.5698837,
            50.5843068
          ],
          [
            5.5699056,
            50.5843168
          ],
          [
            5.5699029,
            50.584324
          ],
          [
            5.5698998,
            50.5843324
          ],
          [
            5.5698962,
            50.5843419
          ],
          [
            5.5698802,
            50.5843847
          ],
          [
            5.5698538,
            50.5843947
          ],
          [
            5.5698493,
            50.5844068
          ],
          [
            5.5698447,
            50.5844192
          ],
          [
            5.5698639,
            50.584428
          ],
          [
            5.5698542,
            50.584454
          ],
          [
            5.56983,
            50.5844633
          ],
          [
            5.5697718,
            50.5844361
          ],
          [
            5.5695888,
            50.5843506
          ],
          [
            5.5695942,
            50.5843362
          ],
          [
            5.5695691,
            50.5843247
          ],
          [
            5.5694942,
            50.5842904
          ],
          [
            5.5694461,
            50.5842684
          ],
          [
            5.5694246,
            50.5842766
          ],
          [
            5.5693587,
            50.5842469
          ],
          [
            5.5693821,
            50.5841845
          ],
          [
            5.5692369,
            50.5841178
          ],
          [
            5.5692424,
            50.5841019
          ],
          [
            5.5692107,
            50.5840871
          ],
          [
            5.5691783,
            50.5840719
          ],
          [
            5.5691562,
            50.5840807
          ],
          [
            5.5689564,
            50.5839889
          ],
          [
            5.5689666,
            50.5839616
          ],
          [
            5.5689902,
            50.583952
          ],
          [
            5.5689922,
            50.5839466
          ],
          [
            5.5689938,
            50.5839419
          ],
          [
            5.5689769,
            50.5839341
          ],
          [
            5.5690112,
            50.5839207
          ]
        ]
      },
      "id": "way/1553316290"
    },
    {
      "type": "Feature",
      "properties": {
        "@id": "way/1553316292",
        "highway": "footway",
        "level": "0",
        "surface": "concrete"
      },
      "geometry": {
        "type": "LineString",
        "coordinates": [
          [
            5.5689333,
            50.5839546
          ],
          [
            5.5689722,
            50.5839468
          ],
          [
            5.5689922,
            50.5839466
          ]
        ]
      },
      "id": "way/1553316292"
    },
    {
      "type": "Feature",
      "properties": {
        "@id": "way/1556849477",
        "amenity": "bench",
        "backrest": "yes",
        "indoor": "yes",
        "level": "-1",
        "material": "wood"
      },
      "geometry": {
        "type": "LineString",
        "coordinates": [
          [
            5.5665077,
            50.5847732
          ],
          [
            5.5661946,
            50.5846294
          ]
        ]
      },
      "id": "way/1556849477"
    },
    {
      "type": "Feature",
      "properties": {
        "@id": "way/1556849487",
        "@relations": [
          {
            "role": "outer",
            "rel": 21365835,
            "reltags": {
              "highway": "pedestrian",
              "level": "-1",
              "surface": "paving_stones",
              "type": "multipolygon"
            }
          }
        ]
      },
      "geometry": {
        "type": "LineString",
        "coordinates": [
          [
            5.5666973,
            50.5845623
          ],
          [
            5.566686,
            50.5845571
          ],
          [
            5.5666538,
            50.5845423
          ],
          [
            5.5666224,
            50.5845279
          ],
          [
            5.5666072,
            50.5845208
          ],
          [
            5.5665902,
            50.584513
          ],
          [
            5.5665788,
            50.5845078
          ],
          [
            5.5665894,
            50.5844984
          ],
          [
            5.5666029,
            50.5844865
          ],
          [
            5.5666134,
            50.5844776
          ],
          [
            5.5666242,
            50.5844683
          ],
          [
            5.5666386,
            50.5844595
          ],
          [
            5.5666527,
            50.5844542
          ],
          [
            5.5666674,
            50.5844508
          ],
          [
            5.5666875,
            50.5844499
          ],
          [
            5.5667046,
            50.5844518
          ],
          [
            5.5667187,
            50.5844557
          ],
          [
            5.5667339,
            50.5844631
          ],
          [
            5.5667453,
            50.5844727
          ],
          [
            5.5667535,
            50.5844861
          ],
          [
            5.566755,
            50.584498
          ],
          [
            5.5667514,
            50.5845102
          ],
          [
            5.5667414,
            50.5845234
          ],
          [
            5.5667216,
            50.5845412
          ],
          [
            5.5666973,
            50.5845623
          ]
        ]
      },
      "id": "way/1556849487"
    },
    {
      "type": "Feature",
      "properties": {
        "@id": "way/1556849490",
        "indoor": "wall",
        "level": "-1"
      },
      "geometry": {
        "type": "LineString",
        "coordinates": [
          [
            5.5665287,
            50.584755
          ],
          [
            5.5664325,
            50.5847106
          ]
        ]
      },
      "id": "way/1556849490"
    },
    {
      "type": "Feature",
      "properties": {
        "@id": "way/1556849491",
        "highway": "steps",
        "incline": "up",
        "level": "-1",
        "step_count": "4"
      },
      "geometry": {
        "type": "LineString",
        "coordinates": [
          [
            5.5665494,
            50.5847499
          ],
          [
            5.5665386,
            50.5847596
          ]
        ]
      },
      "id": "way/1556849491"
    },
    {
      "type": "Feature",
      "properties": {
        "@id": "way/1556849493",
        "indoor": "wall",
        "level": "-1"
      },
      "geometry": {
        "type": "LineString",
        "coordinates": [
          [
            5.5663398,
            50.5847282
          ],
          [
            5.56636,
            50.5847373
          ]
        ]
      },
      "id": "way/1556849493"
    },
    {
      "type": "Feature",
      "properties": {
        "@id": "way/1556849494",
        "indoor": "wall",
        "level": "-1"
      },
      "geometry": {
        "type": "LineString",
        "coordinates": [
          [
            5.5664427,
            50.5847753
          ],
          [
            5.5664204,
            50.5847651
          ]
        ]
      },
      "id": "way/1556849494"
    },
    {
      "type": "Feature",
      "properties": {
        "@id": "way/1556849496",
        "indoor": "wall",
        "level": "-1"
      },
      "geometry": {
        "type": "LineString",
        "coordinates": [
          [
            5.5664188,
            50.5847962
          ],
          [
            5.5664145,
            50.5848001
          ],
          [
            5.5664309,
            50.5848077
          ]
        ]
      },
      "id": "way/1556849496"
    },
    {
      "type": "Feature",
      "properties": {
        "@id": "way/1556849497",
        "indoor": "wall",
        "level": "-1"
      },
      "geometry": {
        "type": "LineString",
        "coordinates": [
          [
            5.5663789,
            50.5848064
          ],
          [
            5.5663829,
            50.5848029
          ]
        ]
      },
      "id": "way/1556849497"
    },
    {
      "type": "Feature",
      "properties": {
        "@id": "way/1556849498",
        "indoor": "wall",
        "level": "-1"
      },
      "geometry": {
        "type": "LineString",
        "coordinates": [
          [
            5.5664009,
            50.5847877
          ],
          [
            5.5663958,
            50.584792
          ]
        ]
      },
      "id": "way/1556849498"
    },
    {
      "type": "Feature",
      "properties": {
        "@id": "way/1556849499",
        "indoor": "wall",
        "level": "-1"
      },
      "geometry": {
        "type": "LineString",
        "coordinates": [
          [
            5.5661751,
            50.5847127
          ],
          [
            5.5661809,
            50.5847076
          ]
        ]
      },
      "id": "way/1556849499"
    },
    {
      "type": "Feature",
      "properties": {
        "@id": "way/1556849500",
        "indoor": "wall",
        "level": "-1"
      },
      "geometry": {
        "type": "LineString",
        "coordinates": [
          [
            5.5662089,
            50.5847056
          ],
          [
            5.5662373,
            50.5846809
          ]
        ]
      },
      "id": "way/1556849500"
    },
    {
      "type": "Feature",
      "properties": {
        "@id": "way/1556849501",
        "indoor": "wall",
        "level": "-1"
      },
      "geometry": {
        "type": "LineString",
        "coordinates": [
          [
            5.566225,
            50.5847131
          ],
          [
            5.5662089,
            50.5847056
          ],
          [
            5.5661932,
            50.5846983
          ]
        ]
      },
      "id": "way/1556849501"
    },
    {
      "type": "Feature",
      "properties": {
        "@id": "way/1556849502",
        "indoor": "wall",
        "level": "-1"
      },
      "geometry": {
        "type": "LineString",
        "coordinates": [
          [
            5.566257,
            50.5847279
          ],
          [
            5.5662854,
            50.5847031
          ]
        ]
      },
      "id": "way/1556849502"
    },
    {
      "type": "Feature",
      "properties": {
        "@id": "way/1556849503",
        "indoor": "wall",
        "level": "-1"
      },
      "geometry": {
        "type": "LineString",
        "coordinates": [
          [
            5.5662727,
            50.5847352
          ],
          [
            5.566257,
            50.5847279
          ],
          [
            5.5662413,
            50.5847206
          ]
        ]
      },
      "id": "way/1556849503"
    },
    {
      "type": "Feature",
      "properties": {
        "@id": "way/1556849504",
        "indoor": "wall",
        "level": "-1"
      },
      "geometry": {
        "type": "LineString",
        "coordinates": [
          [
            5.5663111,
            50.5847243
          ],
          [
            5.5663325,
            50.5847343
          ]
        ]
      },
      "id": "way/1556849504"
    },
    {
      "type": "Feature",
      "properties": {
        "@id": "way/1556849505",
        "indoor": "wall",
        "level": "-1"
      },
      "geometry": {
        "type": "LineString",
        "coordinates": [
          [
            5.5663159,
            50.5847484
          ],
          [
            5.5663111,
            50.5847526
          ],
          [
            5.5662896,
            50.5847428
          ],
          [
            5.5663004,
            50.5847335
          ],
          [
            5.5663111,
            50.5847243
          ],
          [
            5.5663182,
            50.5847182
          ]
        ]
      },
      "id": "way/1556849505"
    },
    {
      "type": "Feature",
      "properties": {
        "@id": "way/1556849506",
        "indoor": "wall",
        "level": "-1"
      },
      "geometry": {
        "type": "LineString",
        "coordinates": [
          [
            5.5663343,
            50.5847564
          ],
          [
            5.5663238,
            50.5847657
          ],
          [
            5.5663124,
            50.5847759
          ]
        ]
      },
      "id": "way/1556849506"
    },
    {
      "type": "Feature",
      "properties": {
        "@id": "way/1556849510",
        "indoor": "wall",
        "level": "-1"
      },
      "geometry": {
        "type": "LineString",
        "coordinates": [
          [
            5.5665736,
            50.5847156
          ],
          [
            5.5665589,
            50.5847285
          ]
        ]
      },
      "id": "way/1556849510"
    },
    {
      "type": "Feature",
      "properties": {
        "@id": "way/1556849518",
        "indoor": "wall",
        "level": "-1"
      },
      "geometry": {
        "type": "LineString",
        "coordinates": [
          [
            5.5665319,
            50.5846065
          ],
          [
            5.5664966,
            50.5845902
          ]
        ]
      },
      "id": "way/1556849518"
    },
    {
      "type": "Feature",
      "properties": {
        "@id": "way/1556849519",
        "indoor": "wall",
        "level": "-1"
      },
      "geometry": {
        "type": "LineString",
        "coordinates": [
          [
            5.5665538,
            50.5845875
          ],
          [
            5.5665425,
            50.5845973
          ],
          [
            5.5665319,
            50.5846065
          ],
          [
            5.5665208,
            50.5846161
          ],
          [
            5.5665093,
            50.5846261
          ]
        ]
      },
      "id": "way/1556849519"
    },
    {
      "type": "Feature",
      "properties": {
        "@id": "way/1556849521",
        "indoor": "wall",
        "level": "-1"
      },
      "geometry": {
        "type": "LineString",
        "coordinates": [
          [
            5.5666072,
            50.5845208
          ],
          [
            5.5665396,
            50.58458
          ]
        ]
      },
      "id": "way/1556849521"
    },
    {
      "type": "Feature",
      "properties": {
        "@id": "way/1556849522",
        "indoor": "wall",
        "level": "-1"
      },
      "geometry": {
        "type": "LineString",
        "coordinates": [
          [
            5.5664947,
            50.5846194
          ],
          [
            5.5664274,
            50.5846781
          ],
          [
            5.5663973,
            50.5846645
          ],
          [
            5.5663747,
            50.5846839
          ],
          [
            5.5663607,
            50.5846777
          ]
        ]
      },
      "id": "way/1556849522"
    },
    {
      "type": "Feature",
      "properties": {
        "@id": "way/1556849524",
        "indoor": "wall",
        "level": "-1"
      },
      "geometry": {
        "type": "LineString",
        "coordinates": [
          [
            5.5665062,
            50.5847745
          ],
          [
            5.5663824,
            50.5847177
          ],
          [
            5.5661657,
            50.5846179
          ]
        ]
      },
      "id": "way/1556849524"
    },
    {
      "type": "Feature",
      "properties": {
        "@id": "way/1556849531",
        "indoor": "wall",
        "level": "1"
      },
      "geometry": {
        "type": "LineString",
        "coordinates": [
          [
            5.5663064,
            50.5846706
          ],
          [
            5.5663199,
            50.5846588
          ]
        ]
      },
      "id": "way/1556849531"
    },
    {
      "type": "Feature",
      "properties": {
        "@id": "way/1556849532",
        "indoor": "wall",
        "level": "1"
      },
      "geometry": {
        "type": "LineString",
        "coordinates": [
          [
            5.566279,
            50.5846604
          ],
          [
            5.5662941,
            50.584647
          ]
        ]
      },
      "id": "way/1556849532"
    },
    {
      "type": "Feature",
      "properties": {
        "@id": "way/1556849533",
        "indoor": "wall",
        "level": "1"
      },
      "geometry": {
        "type": "LineString",
        "coordinates": [
          [
            5.5662532,
            50.5846485
          ],
          [
            5.5662684,
            50.5846351
          ]
        ]
      },
      "id": "way/1556849533"
    },
    {
      "type": "Feature",
      "properties": {
        "@id": "way/1556849534",
        "indoor": "wall",
        "level": "1"
      },
      "geometry": {
        "type": "LineString",
        "coordinates": [
          [
            5.5662288,
            50.5846349
          ],
          [
            5.5662423,
            50.5846231
          ]
        ]
      },
      "id": "way/1556849534"
    },
    {
      "type": "Feature",
      "properties": {
        "@id": "way/1556849541",
        "indoor": "wall",
        "level": "0"
      },
      "geometry": {
        "type": "LineString",
        "coordinates": [
          [
            5.5666217,
            50.5847976
          ],
          [
            5.5665897,
            50.5847832
          ]
        ]
      },
      "id": "way/1556849541"
    },
    {
      "type": "Feature",
      "properties": {
        "@id": "way/1556849552",
        "indoor": "corridor",
        "level": "0",
        "ref": "0/Sas 5"
      },
      "geometry": {
        "type": "LineString",
        "coordinates": [
          [
            5.5664167,
            50.5846509
          ],
          [
            5.566417,
            50.5846508
          ],
          [
            5.5664362,
            50.5846399
          ],
          [
            5.566443,
            50.5846443
          ],
          [
            5.5664501,
            50.584649
          ],
          [
            5.5664392,
            50.5846553
          ],
          [
            5.5664295,
            50.5846607
          ],
          [
            5.5664234,
            50.5846559
          ],
          [
            5.566417,
            50.5846508
          ]
        ]
      },
      "id": "way/1556849552"
    },
    {
      "type": "Feature",
      "properties": {
        "@id": "way/1556849561",
        "indoor": "wall",
        "level": "0"
      },
      "geometry": {
        "type": "LineString",
        "coordinates": [
          [
            5.566569,
            50.584513
          ],
          [
            5.5665769,
            50.5844986
          ],
          [
            5.5665864,
            50.5844789
          ]
        ]
      },
      "id": "way/1556849561"
    },
    {
      "type": "Feature",
      "properties": {
        "@id": "way/1556849562",
        "indoor": "wall",
        "level": "0"
      },
      "geometry": {
        "type": "LineString",
        "coordinates": [
          [
            5.566342,
            50.5848779
          ],
          [
            5.5663397,
            50.584887
          ],
          [
            5.566339,
            50.5848969
          ],
          [
            5.5663399,
            50.5849105
          ]
        ]
      },
      "id": "way/1556849562"
    },
    {
      "type": "Feature",
      "properties": {
        "@id": "way/1556849563",
        "indoor": "wall",
        "level": "0"
      },
      "geometry": {
        "type": "LineString",
        "coordinates": [
          [
            5.5664301,
            50.5848
          ],
          [
            5.5664439,
            50.584796
          ],
          [
            5.5664584,
            50.5847926
          ],
          [
            5.5664742,
            50.5847898
          ]
        ]
      },
      "id": "way/1556849563"
    },
    {
      "type": "Feature",
      "properties": {
        "@id": "way/1556849564",
        "indoor": "wall",
        "level": "0"
      },
      "geometry": {
        "type": "LineString",
        "coordinates": [
          [
            5.5662174,
            50.5848207
          ],
          [
            5.566204,
            50.5848246
          ],
          [
            5.5661896,
            50.5848281
          ],
          [
            5.5661689,
            50.5848318
          ]
        ]
      },
      "id": "way/1556849564"
    },
    {
      "type": "Feature",
      "properties": {
        "@id": "way/1556849565",
        "indoor": "wall",
        "level": "0"
      },
      "geometry": {
        "type": "LineString",
        "coordinates": [
          [
            5.5663062,
            50.5847431
          ],
          [
            5.566308,
            50.5847335
          ],
          [
            5.5663084,
            50.584724
          ],
          [
            5.5663076,
            50.5847134
          ]
        ]
      },
      "id": "way/1556849565"
    },
    {
      "type": "Feature",
      "properties": {
        "@id": "way/1556849569",
        "indoor": "wall",
        "level": "0"
      },
      "geometry": {
        "type": "LineString",
        "coordinates": [
          [
            5.5664071,
            50.5846562
          ],
          [
            5.5663844,
            50.5846672
          ],
          [
            5.5663607,
            50.5846777
          ],
          [
            5.5663747,
            50.5846839
          ]
        ]
      },
      "id": "way/1556849569"
    },
    {
      "type": "Feature",
      "properties": {
        "@id": "way/1553316277",
        "@relations": [
          {
            "role": "part",
            "rel": 21293691,
            "reltags": {
              "type": "building"
            }
          }
        ]
      },
      "geometry": {
        "type": "LineString",
        "coordinates": [
          [
            5.5691562,
            50.5840807
          ],
          [
            5.5692369,
            50.5841178
          ],
          [
            5.5692424,
            50.5841019
          ],
          [
            5.5691783,
            50.5840719
          ],
          [
            5.5691562,
            50.5840807
          ]
        ]
      },
      "id": "way/1553316277"
    },
    {
      "type": "Feature",
      "properties": {
        "@id": "way/1553316261",
        "@relations": [
          {
            "role": "part",
            "rel": 21293691,
            "reltags": {
              "type": "building"
            }
          }
        ]
      },
      "geometry": {
        "type": "LineString",
        "coordinates": [
          [
            5.5691794,
            50.5839977
          ],
          [
            5.569317,
            50.5839436
          ],
          [
            5.5693541,
            50.5838432
          ],
          [
            5.5693416,
            50.5838375
          ],
          [
            5.5692334,
            50.5837873
          ],
          [
            5.5691739,
            50.5838106
          ],
          [
            5.5690941,
            50.5838417
          ],
          [
            5.5690571,
            50.5839418
          ],
          [
            5.5690774,
            50.583951
          ],
          [
            5.5690923,
            50.5839578
          ],
          [
            5.5691162,
            50.5839688
          ],
          [
            5.5691408,
            50.5839801
          ],
          [
            5.5691794,
            50.5839977
          ]
        ]
      },
      "id": "way/1553316261"
    },
    {
      "type": "Feature",
      "properties": {
        "@id": "way/1553316294",
        "@relations": [
          {
            "role": "part",
            "rel": 21293691,
            "reltags": {
              "type": "building"
            }
          }
        ]
      },
      "geometry": {
        "type": "LineString",
        "coordinates": [
          [
            5.5698542,
            50.584454
          ],
          [
            5.5698354,
            50.5845043
          ],
          [
            5.569823,
            50.5845374
          ],
          [
            5.5698057,
            50.5845838
          ],
          [
            5.5697191,
            50.5846177
          ],
          [
            5.5697036,
            50.5846237
          ],
          [
            5.5696121,
            50.5845515
          ],
          [
            5.5696011,
            50.5845519
          ],
          [
            5.5695965,
            50.5844748
          ],
          [
            5.5695925,
            50.5844103
          ],
          [
            5.5695888,
            50.5843506
          ],
          [
            5.56983,
            50.5844633
          ],
          [
            5.5698542,
            50.584454
          ]
        ]
      },
      "id": "way/1553316294"
    },
    {
      "type": "Feature",
      "properties": {
        "@id": "way/1553316286",
        "@relations": [
          {
            "role": "part",
            "rel": 21293691,
            "reltags": {
              "type": "building"
            }
          }
        ]
      },
      "geometry": {
        "type": "LineString",
        "coordinates": [
          [
            5.5697941,
            50.5839245
          ],
          [
            5.5698265,
            50.5839117
          ],
          [
            5.5701239,
            50.5840489
          ],
          [
            5.5700867,
            50.5841465
          ],
          [
            5.5700731,
            50.5841402
          ],
          [
            5.5700763,
            50.5841315
          ],
          [
            5.5700866,
            50.5841038
          ],
          [
            5.5701056,
            50.5840528
          ],
          [
            5.5698239,
            50.5839233
          ],
          [
            5.5698064,
            50.5839302
          ],
          [
            5.5697941,
            50.5839245
          ]
        ]
      },
      "id": "way/1553316286"
    },
    {
      "type": "Feature",
      "properties": {
        "@id": "way/1553316285",
        "@relations": [
          {
            "role": "part",
            "rel": 21293691,
            "reltags": {
              "type": "building"
            }
          }
        ]
      },
      "geometry": {
        "type": "LineString",
        "coordinates": [
          [
            5.5685817,
            50.5835393
          ],
          [
            5.5685787,
            50.5835475
          ],
          [
            5.5686658,
            50.5835873
          ],
          [
            5.5686774,
            50.5835833
          ],
          [
            5.5685817,
            50.5835393
          ]
        ]
      },
      "id": "way/1553316285"
    },
    {
      "type": "Feature",
      "properties": {
        "@id": "way/1553316268",
        "@relations": [
          {
            "role": "part",
            "rel": 21293691,
            "reltags": {
              "type": "building"
            }
          }
        ]
      },
      "geometry": {
        "type": "LineString",
        "coordinates": [
          [
            5.5689769,
            50.5839341
          ],
          [
            5.5689938,
            50.5839419
          ],
          [
            5.5689902,
            50.583952
          ],
          [
            5.5689666,
            50.5839616
          ],
          [
            5.5689722,
            50.5839468
          ],
          [
            5.5689769,
            50.5839341
          ]
        ]
      },
      "id": "way/1553316268"
    },
    {
      "type": "Feature",
      "properties": {
        "@id": "way/1553316276",
        "@relations": [
          {
            "role": "part",
            "rel": 21293691,
            "reltags": {
              "type": "building"
            }
          }
        ]
      },
      "geometry": {
        "type": "LineString",
        "coordinates": [
          [
            5.5694246,
            50.5842766
          ],
          [
            5.5695567,
            50.5843361
          ],
          [
            5.5695888,
            50.5843506
          ],
          [
            5.5695942,
            50.5843362
          ],
          [
            5.5694461,
            50.5842684
          ],
          [
            5.5694246,
            50.5842766
          ]
        ]
      },
      "id": "way/1553316276"
    },
    {
      "type": "Feature",
      "properties": {
        "@id": "way/1553316263",
        "@relations": [
          {
            "role": "part",
            "rel": 21293691,
            "reltags": {
              "type": "building"
            }
          }
        ]
      },
      "geometry": {
        "type": "LineString",
        "coordinates": [
          [
            5.5696613,
            50.5842485
          ],
          [
            5.5696706,
            50.5842236
          ],
          [
            5.5696942,
            50.58416
          ],
          [
            5.5696991,
            50.5841468
          ],
          [
            5.5697078,
            50.5841236
          ],
          [
            5.5698813,
            50.584056
          ],
          [
            5.5700273,
            50.5841225
          ],
          [
            5.5700169,
            50.5841505
          ],
          [
            5.5700037,
            50.5841859
          ],
          [
            5.5699803,
            50.584249
          ],
          [
            5.5699518,
            50.5842601
          ],
          [
            5.5699331,
            50.5842673
          ],
          [
            5.5698596,
            50.5842957
          ],
          [
            5.5698084,
            50.5843157
          ],
          [
            5.5697583,
            50.5842929
          ],
          [
            5.5697335,
            50.584282
          ],
          [
            5.5697095,
            50.5842705
          ],
          [
            5.569685,
            50.5842593
          ],
          [
            5.5696613,
            50.5842485
          ]
        ]
      },
      "id": "way/1553316263"
    },
    {
      "type": "Feature",
      "properties": {
        "@id": "way/1553316284",
        "@relations": [
          {
            "role": "part",
            "rel": 21293691,
            "reltags": {
              "type": "building"
            }
          }
        ]
      },
      "geometry": {
        "type": "LineString",
        "coordinates": [
          [
            5.5698596,
            50.5842957
          ],
          [
            5.5699331,
            50.5842673
          ],
          [
            5.5699518,
            50.5842601
          ],
          [
            5.5699803,
            50.584249
          ],
          [
            5.5700261,
            50.5842697
          ],
          [
            5.5699056,
            50.5843168
          ],
          [
            5.5698596,
            50.5842957
          ]
        ]
      },
      "id": "way/1553316284"
    },
    {
      "type": "Feature",
      "properties": {
        "@id": "way/30355032",
        "@relations": [
          {
            "role": "part",
            "rel": 21293691,
            "reltags": {
              "type": "building"
            }
          }
        ]
      },
      "geometry": {
        "type": "LineString",
        "coordinates": [
          [
            5.5689769,
            50.5839341
          ],
          [
            5.5690112,
            50.5839207
          ],
          [
            5.5690436,
            50.5838344
          ],
          [
            5.5690485,
            50.5838212
          ],
          [
            5.5690533,
            50.5838085
          ],
          [
            5.5690876,
            50.5837949
          ],
          [
            5.5690997,
            50.5837626
          ],
          [
            5.5690045,
            50.5837189
          ],
          [
            5.5686946,
            50.5835766
          ],
          [
            5.5686774,
            50.5835833
          ],
          [
            5.5685817,
            50.5835393
          ],
          [
            5.5685862,
            50.5835276
          ],
          [
            5.5685902,
            50.5835206
          ],
          [
            5.5685934,
            50.5835123
          ],
          [
            5.5685989,
            50.583498
          ],
          [
            5.5686099,
            50.5834698
          ],
          [
            5.5686184,
            50.5834478
          ],
          [
            5.5686413,
            50.583439
          ],
          [
            5.5686791,
            50.5834564
          ],
          [
            5.5686904,
            50.5834616
          ],
          [
            5.5687077,
            50.5834547
          ],
          [
            5.5687342,
            50.5834669
          ],
          [
            5.5687638,
            50.5834805
          ],
          [
            5.568834,
            50.5835127
          ],
          [
            5.5688639,
            50.5835265
          ],
          [
            5.5689343,
            50.5835588
          ],
          [
            5.5689642,
            50.5835725
          ],
          [
            5.5690347,
            50.5836049
          ],
          [
            5.5690645,
            50.5836186
          ],
          [
            5.5691347,
            50.5836508
          ],
          [
            5.5691646,
            50.5836646
          ],
          [
            5.5692346,
            50.5836967
          ],
          [
            5.5692837,
            50.5837193
          ],
          [
            5.5693182,
            50.5837059
          ],
          [
            5.569362,
            50.583726
          ],
          [
            5.569406,
            50.5837462
          ],
          [
            5.5694571,
            50.5837697
          ],
          [
            5.5695015,
            50.5837901
          ],
          [
            5.5695406,
            50.5838081
          ],
          [
            5.5695628,
            50.5838182
          ],
          [
            5.5695736,
            50.5838232
          ],
          [
            5.5695838,
            50.5838279
          ],
          [
            5.5696114,
            50.5838406
          ],
          [
            5.569659,
            50.5838625
          ],
          [
            5.5697907,
            50.583923
          ],
          [
            5.5697941,
            50.5839245
          ],
          [
            5.5698064,
            50.5839302
          ],
          [
            5.5698239,
            50.5839233
          ],
          [
            5.5698377,
            50.5839297
          ],
          [
            5.5698911,
            50.5839542
          ],
          [
            5.5699669,
            50.5839891
          ],
          [
            5.5701056,
            50.5840528
          ],
          [
            5.5700866,
            50.5841038
          ],
          [
            5.5700763,
            50.5841315
          ],
          [
            5.5700731,
            50.5841402
          ],
          [
            5.5700867,
            50.5841465
          ],
          [
            5.5700757,
            50.584176
          ],
          [
            5.5700583,
            50.5841828
          ],
          [
            5.5700499,
            50.5842054
          ],
          [
            5.570036,
            50.5842429
          ],
          [
            5.5700261,
            50.5842697
          ],
          [
            5.5699056,
            50.5843168
          ],
          [
            5.5699029,
            50.584324
          ],
          [
            5.5698998,
            50.5843324
          ],
          [
            5.5698962,
            50.5843419
          ],
          [
            5.5698639,
            50.584428
          ],
          [
            5.5698542,
            50.584454
          ],
          [
            5.56983,
            50.5844633
          ],
          [
            5.5695888,
            50.5843506
          ],
          [
            5.5695567,
            50.5843361
          ],
          [
            5.5694246,
            50.5842766
          ],
          [
            5.5693587,
            50.5842469
          ],
          [
            5.5693821,
            50.5841845
          ],
          [
            5.5692369,
            50.5841178
          ],
          [
            5.5691562,
            50.5840807
          ],
          [
            5.5689564,
            50.5839889
          ],
          [
            5.5689666,
            50.5839616
          ],
          [
            5.5689722,
            50.5839468
          ],
          [
            5.5689769,
            50.5839341
          ]
        ]
      },
      "id": "way/30355032"
    },
    {
      "type": "Feature",
      "properties": {
        "@id": "way/1553316267",
        "@relations": [
          {
            "role": "part",
            "rel": 21293691,
            "reltags": {
              "type": "building"
            }
          }
        ]
      },
      "geometry": {
        "type": "LineString",
        "coordinates": [
          [
            5.5698538,
            50.5843947
          ],
          [
            5.5698802,
            50.5843847
          ],
          [
            5.5698639,
            50.584428
          ],
          [
            5.5698447,
            50.5844192
          ],
          [
            5.5698538,
            50.5843947
          ]
        ]
      },
      "id": "way/1553316267"
    },
    {
      "type": "Feature",
      "properties": {
        "@id": "way/1553316291",
        "@relations": [
          {
            "role": "part",
            "rel": 21293691,
            "reltags": {
              "type": "building"
            }
          }
        ]
      },
      "geometry": {
        "type": "LineString",
        "coordinates": [
          [
            5.5700757,
            50.584176
          ],
          [
            5.5700583,
            50.5841828
          ],
          [
            5.5700499,
            50.5842054
          ],
          [
            5.5700037,
            50.5841859
          ],
          [
            5.5700169,
            50.5841505
          ],
          [
            5.5700273,
            50.5841225
          ],
          [
            5.5698909,
            50.5840604
          ],
          [
            5.5698813,
            50.584056
          ],
          [
            5.5698468,
            50.5840694
          ],
          [
            5.5698183,
            50.5840563
          ],
          [
            5.5696834,
            50.5839941
          ],
          [
            5.5696548,
            50.5839809
          ],
          [
            5.5695809,
            50.5839471
          ],
          [
            5.569534,
            50.5839256
          ],
          [
            5.5695054,
            50.5839125
          ],
          [
            5.5693827,
            50.5838563
          ],
          [
            5.5693541,
            50.5838432
          ],
          [
            5.5693416,
            50.5838375
          ],
          [
            5.5692334,
            50.5837873
          ],
          [
            5.569207,
            50.5837751
          ],
          [
            5.5691755,
            50.5837606
          ],
          [
            5.5692837,
            50.5837193
          ],
          [
            5.5693182,
            50.5837059
          ],
          [
            5.5695015,
            50.5837901
          ],
          [
            5.5695406,
            50.5838081
          ],
          [
            5.5695628,
            50.5838182
          ],
          [
            5.5695838,
            50.5838279
          ],
          [
            5.569659,
            50.5838625
          ],
          [
            5.5697575,
            50.5839077
          ],
          [
            5.5697907,
            50.583923
          ],
          [
            5.5697941,
            50.5839245
          ],
          [
            5.5698064,
            50.5839302
          ],
          [
            5.5698239,
            50.5839233
          ],
          [
            5.5699248,
            50.5839697
          ],
          [
            5.5699396,
            50.5839765
          ],
          [
            5.5699494,
            50.583981
          ],
          [
            5.570021,
            50.5840139
          ],
          [
            5.570051,
            50.5840277
          ],
          [
            5.570078,
            50.5840401
          ],
          [
            5.5701056,
            50.5840528
          ],
          [
            5.5700866,
            50.5841038
          ],
          [
            5.5700854,
            50.584107
          ],
          [
            5.5700763,
            50.5841315
          ],
          [
            5.5700731,
            50.5841402
          ],
          [
            5.5700867,
            50.5841465
          ],
          [
            5.5700757,
            50.584176
          ]
        ]
      },
      "id": "way/1553316291"
    },
    {
      "type": "Feature",
      "properties": {
        "@id": "way/1553316289",
        "@relations": [
          {
            "role": "part",
            "rel": 21293691,
            "reltags": {
              "type": "building"
            }
          }
        ]
      },
      "geometry": {
        "type": "LineString",
        "coordinates": [
          [
            5.5690941,
            50.5838417
          ],
          [
            5.5690436,
            50.5838344
          ],
          [
            5.5690112,
            50.5839207
          ],
          [
            5.5690571,
            50.5839418
          ],
          [
            5.5690941,
            50.5838417
          ]
        ]
      },
      "id": "way/1553316289"
    },
    {
      "type": "Feature",
      "properties": {
        "@id": "node/935612420",
        "entrance": "main",
        "level": "0",
        "wheelchair": "no"
      },
      "geometry": {
        "type": "Point",
        "coordinates": [
          5.5666922,
          50.58486
        ]
      },
      "id": "node/935612420"
    },
    {
      "type": "Feature",
      "properties": {
        "@id": "node/1094439491",
        "entrance": "yes",
        "level": "0",
        "wheelchair": "no"
      },
      "geometry": {
        "type": "Point",
        "coordinates": [
          5.5698998,
          50.5843324
        ]
      },
      "id": "node/1094439491"
    },
    {
      "type": "Feature",
      "properties": {
        "@id": "node/1094440756",
        "entrance": "main",
        "level": "0",
        "wheelchair": "limited"
      },
      "geometry": {
        "type": "Point",
        "coordinates": [
          5.5661347,
          50.5846036
        ]
      },
      "id": "node/1094440756"
    },
    {
      "type": "Feature",
      "properties": {
        "@id": "node/1094442993",
        "entrance": "yes",
        "level": "-1",
        "wheelchair": "no"
      },
      "geometry": {
        "type": "Point",
        "coordinates": [
          5.5685934,
          50.5835123
        ]
      },
      "id": "node/1094442993"
    },
    {
      "type": "Feature",
      "properties": {
        "@id": "node/1094443351",
        "entrance": "main",
        "level": "0",
        "wheelchair": "yes"
      },
      "geometry": {
        "type": "Point",
        "coordinates": [
          5.5694942,
          50.5842904
        ]
      },
      "id": "node/1094443351"
    },
    {
      "type": "Feature",
      "properties": {
        "@id": "node/5457802727",
        "access": "yes",
        "amenity": "bicycle_parking",
        "bicycle_parking": "stands",
        "capacity": "12",
        "check_date": "2023-06-23",
        "covered": "yes",
        "fee": "no",
        "level": "0",
        "lit": "yes",
        "operator": "Université de Liège",
        "operator:type": "university",
        "panoramax": "3e42a6a6-e55b-41ac-b836-2e63f5dd3e6e"
      },
      "geometry": {
        "type": "Point",
        "coordinates": [
          5.5698062,
          50.5844614
        ]
      },
      "id": "node/5457802727"
    },
    {
      "type": "Feature",
      "properties": {
        "@id": "node/6326278205",
        "email": "atelier-velo@uliege.be",
        "level": "0",
        "name": "Atelier vélo ULiège",
        "opening_hours": "Tu-Fr 11:30-17:00",
        "operator": "Université de Liège",
        "phone": "+32 4 366 93 09",
        "service:bicycle:diy": "yes",
        "service:bicycle:pump": "yes",
        "service:bicycle:repair": "yes",
        "service:bicycle:second_hand": "yes",
        "shop": "bicycle"
      },
      "geometry": {
        "type": "Point",
        "coordinates": [
          5.5697396,
          50.5845429
        ]
      },
      "id": "node/6326278205"
    },
    {
      "type": "Feature",
      "properties": {
        "@id": "node/11002383867",
        "access": "yes",
        "amenity": "bicycle_parking",
        "bicycle_parking": "wall_loops",
        "capacity": "4",
        "check_date": "2023-06-23",
        "covered": "yes",
        "fee": "no",
        "level": "0",
        "lit": "yes",
        "operator": "Université de Liège",
        "operator:type": "university"
      },
      "geometry": {
        "type": "Point",
        "coordinates": [
          5.5697998,
          50.5845178
        ]
      },
      "id": "node/11002383867"
    },
    {
      "type": "Feature",
      "properties": {
        "@id": "node/11170135791",
        "amenity": "bicycle_repair_station",
        "fee": "no",
        "level": "0",
        "opening_hours": "24/7",
        "panoramax": "5028d39b-ba3f-4c41-b6c7-6e1933f0f81b",
        "service:bicycle:chain_tool": "no",
        "service:bicycle:pump": "yes",
        "service:bicycle:stand": "yes",
        "service:bicycle:tools": "yes"
      },
      "geometry": {
        "type": "Point",
        "coordinates": [
          5.5697799,
          50.5845102
        ]
      },
      "id": "node/11170135791"
    },
    {
      "type": "Feature",
      "properties": {
        "@id": "node/13319331264",
        "barrier": "kerb",
        "height": "0.2",
        "wheelchair": "no"
      },
      "geometry": {
        "type": "Point",
        "coordinates": [
          5.570036,
          50.5842429
        ]
      },
      "id": "node/13319331264"
    },
    {
      "type": "Feature",
      "properties": {
        "@id": "node/13319331269",
        "entrance": "main",
        "level": "0",
        "wheelchair": "yes"
      },
      "geometry": {
        "type": "Point",
        "coordinates": [
          5.5697344,
          50.5845109
        ]
      },
      "id": "node/13319331269"
    },
    {
      "type": "Feature",
      "properties": {
        "@id": "node/14080966518",
        "door": "yes",
        "indoor": "door",
        "level": "-1"
      },
      "geometry": {
        "type": "Point",
        "coordinates": [
          5.5659297,
          50.5818285
        ]
      },
      "id": "node/14080966518"
    },
    {
      "type": "Feature",
      "properties": {
        "@id": "node/14080966519",
        "door": "yes",
        "indoor": "door",
        "level": "-1"
      },
      "geometry": {
        "type": "Point",
        "coordinates": [
          5.5658461,
          50.5817901
        ]
      },
      "id": "node/14080966519"
    },
    {
      "type": "Feature",
      "properties": {
        "@id": "node/14080966520",
        "door": "yes",
        "indoor": "door",
        "level": "-1"
      },
      "geometry": {
        "type": "Point",
        "coordinates": [
          5.5657628,
          50.5817517
        ]
      },
      "id": "node/14080966520"
    },
    {
      "type": "Feature",
      "properties": {
        "@id": "node/14080966521",
        "door": "yes",
        "indoor": "door",
        "level": "-1"
      },
      "geometry": {
        "type": "Point",
        "coordinates": [
          5.5656795,
          50.5817134
        ]
      },
      "id": "node/14080966521"
    },
    {
      "type": "Feature",
      "properties": {
        "@id": "node/14080966522",
        "door": "yes",
        "indoor": "door",
        "level": "-1"
      },
      "geometry": {
        "type": "Point",
        "coordinates": [
          5.5655961,
          50.581675
        ]
      },
      "id": "node/14080966522"
    },
    {
      "type": "Feature",
      "properties": {
        "@id": "node/14080966523",
        "door": "yes",
        "indoor": "door",
        "level": "-1"
      },
      "geometry": {
        "type": "Point",
        "coordinates": [
          5.5655126,
          50.5816365
        ]
      },
      "id": "node/14080966523"
    },
    {
      "type": "Feature",
      "properties": {
        "@id": "node/14080966524",
        "door": "yes",
        "indoor": "door",
        "level": "-1"
      },
      "geometry": {
        "type": "Point",
        "coordinates": [
          5.5654291,
          50.5815983
        ]
      },
      "id": "node/14080966524"
    },
    {
      "type": "Feature",
      "properties": {
        "@id": "node/14080966525",
        "door": "yes",
        "indoor": "door",
        "level": "-1"
      },
      "geometry": {
        "type": "Point",
        "coordinates": [
          5.5658741,
          50.5818767
        ]
      },
      "id": "node/14080966525"
    },
    {
      "type": "Feature",
      "properties": {
        "@id": "node/14080966526",
        "door": "yes",
        "indoor": "door",
        "level": "-1"
      },
      "geometry": {
        "type": "Point",
        "coordinates": [
          5.5659171,
          50.5818764
        ]
      },
      "id": "node/14080966526"
    },
    {
      "type": "Feature",
      "properties": {
        "@id": "node/14080966527",
        "door": "yes",
        "indoor": "door",
        "level": "-1"
      },
      "geometry": {
        "type": "Point",
        "coordinates": [
          5.5656524,
          50.581755
        ]
      },
      "id": "node/14080966527"
    },
    {
      "type": "Feature",
      "properties": {
        "@id": "node/14080966550",
        "entrance": "emergency",
        "level": "-1"
      },
      "geometry": {
        "type": "Point",
        "coordinates": [
          5.5660526,
          50.5818492
        ]
      },
      "id": "node/14080966550"
    },
    {
      "type": "Feature",
      "properties": {
        "@id": "node/14080966558",
        "door": "yes",
        "indoor": "door",
        "level": "0"
      },
      "geometry": {
        "type": "Point",
        "coordinates": [
          5.5659412,
          50.5817346
        ]
      },
      "id": "node/14080966558"
    },
    {
      "type": "Feature",
      "properties": {
        "@id": "node/14080966560",
        "entrance": "emergency",
        "level": "-1"
      },
      "geometry": {
        "type": "Point",
        "coordinates": [
          5.5653572,
          50.5815234
        ]
      },
      "id": "node/14080966560"
    },
    {
      "type": "Feature",
      "properties": {
        "@id": "node/14080966564",
        "door": "yes",
        "indoor": "door",
        "level": "1"
      },
      "geometry": {
        "type": "Point",
        "coordinates": [
          5.5655877,
          50.581877
        ]
      },
      "id": "node/14080966564"
    },
    {
      "type": "Feature",
      "properties": {
        "@id": "node/14080966565",
        "door": "yes",
        "indoor": "door",
        "level": "1"
      },
      "geometry": {
        "type": "Point",
        "coordinates": [
          5.5656263,
          50.5818714
        ]
      },
      "id": "node/14080966565"
    },
    {
      "type": "Feature",
      "properties": {
        "@id": "node/14080966570",
        "door": "yes",
        "indoor": "door",
        "level": "1"
      },
      "geometry": {
        "type": "Point",
        "coordinates": [
          5.5656299,
          50.5818961
        ]
      },
      "id": "node/14080966570"
    },
    {
      "type": "Feature",
      "properties": {
        "@id": "node/14080966571",
        "door": "yes",
        "indoor": "door",
        "level": "1",
        "repeat_on": "-1"
      },
      "geometry": {
        "type": "Point",
        "coordinates": [
          5.5655658,
          50.5815622
        ]
      },
      "id": "node/14080966571"
    },
    {
      "type": "Feature",
      "properties": {
        "@id": "node/14080966572",
        "door": "yes",
        "indoor": "door",
        "level": "-1",
        "repeat_on": "1"
      },
      "geometry": {
        "type": "Point",
        "coordinates": [
          5.5656494,
          50.5816005
        ]
      },
      "id": "node/14080966572"
    },
    {
      "type": "Feature",
      "properties": {
        "@id": "node/14080966573",
        "door": "yes",
        "indoor": "door",
        "level": "-1",
        "repeat_on": "1"
      },
      "geometry": {
        "type": "Point",
        "coordinates": [
          5.5658993,
          50.5817157
        ]
      },
      "id": "node/14080966573"
    },
    {
      "type": "Feature",
      "properties": {
        "@id": "node/14080966574",
        "door": "yes",
        "indoor": "door",
        "level": "-1",
        "repeat_on": "1"
      },
      "geometry": {
        "type": "Point",
        "coordinates": [
          5.5659828,
          50.5817541
        ]
      },
      "id": "node/14080966574"
    },
    {
      "type": "Feature",
      "properties": {
        "@id": "node/14080966575",
        "door": "yes",
        "indoor": "door",
        "level": "1"
      },
      "geometry": {
        "type": "Point",
        "coordinates": [
          5.5656931,
          50.5818689
        ]
      },
      "id": "node/14080966575"
    },
    {
      "type": "Feature",
      "properties": {
        "@id": "node/14080966580",
        "door": "yes",
        "indoor": "door",
        "level": "-1",
        "repeat_on": "1"
      },
      "geometry": {
        "type": "Point",
        "coordinates": [
          5.5657909,
          50.5818384
        ]
      },
      "id": "node/14080966580"
    },
    {
      "type": "Feature",
      "properties": {
        "@id": "node/14080966581",
        "door": "yes",
        "indoor": "door",
        "level": "-1",
        "repeat_on": "1"
      },
      "geometry": {
        "type": "Point",
        "coordinates": [
          5.5657075,
          50.5818001
        ]
      },
      "id": "node/14080966581"
    },
    {
      "type": "Feature",
      "properties": {
        "@id": "node/14080966582",
        "door": "yes",
        "indoor": "door",
        "level": "-1",
        "repeat_on": "1"
      },
      "geometry": {
        "type": "Point",
        "coordinates": [
          5.5655407,
          50.5817232
        ]
      },
      "id": "node/14080966582"
    },
    {
      "type": "Feature",
      "properties": {
        "@id": "node/14080966583",
        "door": "yes",
        "indoor": "door",
        "level": "1"
      },
      "geometry": {
        "type": "Point",
        "coordinates": [
          5.5653738,
          50.5816465
        ]
      },
      "id": "node/14080966583"
    },
    {
      "type": "Feature",
      "properties": {
        "@id": "node/14080966598",
        "door": "yes",
        "indoor": "door",
        "level": "1"
      },
      "geometry": {
        "type": "Point",
        "coordinates": [
          5.5659635,
          50.5819918
        ]
      },
      "id": "node/14080966598"
    },
    {
      "type": "Feature",
      "properties": {
        "@id": "node/14080966600",
        "entrance": "exit",
        "level": "0"
      },
      "geometry": {
        "type": "Point",
        "coordinates": [
          5.5659645,
          50.5819922
        ]
      },
      "id": "node/14080966600"
    },
    {
      "type": "Feature",
      "properties": {
        "@id": "node/14080974512",
        "door": "yes",
        "indoor": "door",
        "level": "0",
        "repeat_on": "1"
      },
      "geometry": {
        "type": "Point",
        "coordinates": [
          5.5653312,
          50.581578
        ]
      },
      "id": "node/14080974512"
    },
    {
      "type": "Feature",
      "properties": {
        "@id": "node/14080974515",
        "door": "no",
        "indoor": "door",
        "level": "0",
        "repeat_on": "-1;1"
      },
      "geometry": {
        "type": "Point",
        "coordinates": [
          5.5652721,
          50.5816
        ]
      },
      "id": "node/14080974515"
    },
    {
      "type": "Feature",
      "properties": {
        "@id": "node/14080974525",
        "entrance": "exit",
        "level": "0"
      },
      "geometry": {
        "type": "Point",
        "coordinates": [
          5.5652558,
          50.5816613
        ]
      },
      "id": "node/14080974525"
    },
    {
      "type": "Feature",
      "properties": {
        "@id": "node/14080974526",
        "door": "yes",
        "indoor": "door",
        "level": "0"
      },
      "geometry": {
        "type": "Point",
        "coordinates": [
          5.565279,
          50.5816574
        ]
      },
      "id": "node/14080974526"
    },
    {
      "type": "Feature",
      "properties": {
        "@id": "node/14080974533",
        "door": "yes",
        "indoor": "door",
        "level": "0",
        "repeat_on": "-1;1"
      },
      "geometry": {
        "type": "Point",
        "coordinates": [
          5.565242,
          50.5816022
        ]
      },
      "id": "node/14080974533"
    },
    {
      "type": "Feature",
      "properties": {
        "@id": "node/14080974534",
        "door": "yes",
        "indoor": "door",
        "level": "0",
        "repeat_on": "-1;1"
      },
      "geometry": {
        "type": "Point",
        "coordinates": [
          5.565276,
          50.5816178
        ]
      },
      "id": "node/14080974534"
    },
    {
      "type": "Feature",
      "properties": {
        "@id": "node/14080974537",
        "door": "yes",
        "indoor": "door",
        "level": "0",
        "repeat_on": "-1;1"
      },
      "geometry": {
        "type": "Point",
        "coordinates": [
          5.5653573,
          50.5816187
        ]
      },
      "id": "node/14080974537"
    },
    {
      "type": "Feature",
      "properties": {
        "@id": "node/14080974538",
        "door": "yes",
        "indoor": "door",
        "level": "0",
        "repeat_on": "1"
      },
      "geometry": {
        "type": "Point",
        "coordinates": [
          5.5656657,
          50.581761
        ]
      },
      "id": "node/14080974538"
    },
    {
      "type": "Feature",
      "properties": {
        "@id": "node/14080974543",
        "door": "yes",
        "indoor": "door",
        "level": "0",
        "repeat_on": "-1;1"
      },
      "geometry": {
        "type": "Point",
        "coordinates": [
          5.5659615,
          50.5818968
        ]
      },
      "id": "node/14080974543"
    },
    {
      "type": "Feature",
      "properties": {
        "@id": "node/14080974544",
        "door": "yes",
        "indoor": "door",
        "level": "0",
        "repeat_on": "1"
      },
      "geometry": {
        "type": "Point",
        "coordinates": [
          5.565916,
          50.581896
        ]
      },
      "id": "node/14080974544"
    },
    {
      "type": "Feature",
      "properties": {
        "@id": "node/14080974545",
        "door": "yes",
        "indoor": "door",
        "level": "0",
        "repeat_on": "1"
      },
      "geometry": {
        "type": "Point",
        "coordinates": [
          5.5656714,
          50.5819152
        ]
      },
      "id": "node/14080974545"
    },
    {
      "type": "Feature",
      "properties": {
        "@id": "node/14080974546",
        "door": "yes",
        "indoor": "door",
        "level": "0"
      },
      "geometry": {
        "type": "Point",
        "coordinates": [
          5.5658327,
          50.5818576
        ]
      },
      "id": "node/14080974546"
    },
    {
      "type": "Feature",
      "properties": {
        "@id": "node/14080974549",
        "door": "yes",
        "indoor": "door",
        "level": "0",
        "repeat_on": "1"
      },
      "geometry": {
        "type": "Point",
        "coordinates": [
          5.5657493,
          50.5818193
        ]
      },
      "id": "node/14080974549"
    },
    {
      "type": "Feature",
      "properties": {
        "@id": "node/14080974550",
        "door": "yes",
        "indoor": "door",
        "level": "0"
      },
      "geometry": {
        "type": "Point",
        "coordinates": [
          5.5655466,
          50.5818576
        ]
      },
      "id": "node/14080974550"
    },
    {
      "type": "Feature",
      "properties": {
        "@id": "node/14080974551",
        "door": "yes",
        "indoor": "door",
        "level": "0"
      },
      "geometry": {
        "type": "Point",
        "coordinates": [
          5.5656242,
          50.5817617
        ]
      },
      "id": "node/14080974551"
    },
    {
      "type": "Feature",
      "properties": {
        "@id": "node/14080974552",
        "door": "yes",
        "indoor": "door",
        "level": "0"
      },
      "geometry": {
        "type": "Point",
        "coordinates": [
          5.5655825,
          50.5817425
        ]
      },
      "id": "node/14080974552"
    },
    {
      "type": "Feature",
      "properties": {
        "@id": "node/14080974555",
        "door": "yes",
        "indoor": "door",
        "level": "0",
        "repeat_on": "1"
      },
      "geometry": {
        "type": "Point",
        "coordinates": [
          5.5654211,
          50.5818003
        ]
      },
      "id": "node/14080974555"
    },
    {
      "type": "Feature",
      "properties": {
        "@id": "node/14080974556",
        "door": "yes",
        "indoor": "door",
        "level": "0"
      },
      "geometry": {
        "type": "Point",
        "coordinates": [
          5.5653381,
          50.5817617
        ]
      },
      "id": "node/14080974556"
    },
    {
      "type": "Feature",
      "properties": {
        "@id": "node/14080974557",
        "door": "yes",
        "indoor": "door",
        "level": "0"
      },
      "geometry": {
        "type": "Point",
        "coordinates": [
          5.5656078,
          50.5815812
        ]
      },
      "id": "node/14080974557"
    },
    {
      "type": "Feature",
      "properties": {
        "@id": "node/14080974559",
        "door": "yes",
        "indoor": "door",
        "level": "-1"
      },
      "geometry": {
        "type": "Point",
        "coordinates": [
          5.5656449,
          50.5817713
        ]
      },
      "id": "node/14080974559"
    },
    {
      "type": "Feature",
      "properties": {
        "@id": "node/14080974560",
        "door": "yes",
        "indoor": "door",
        "level": "0",
        "repeat_on": "-1;1"
      },
      "geometry": {
        "type": "Point",
        "coordinates": [
          5.5654988,
          50.5817041
        ]
      },
      "id": "node/14080974560"
    },
    {
      "type": "Feature",
      "properties": {
        "@id": "node/14080974561",
        "door": "yes",
        "indoor": "door",
        "level": "0",
        "repeat_on": "-1"
      },
      "geometry": {
        "type": "Point",
        "coordinates": [
          5.5654157,
          50.5816658
        ]
      },
      "id": "node/14080974561"
    },
    {
      "type": "Feature",
      "properties": {
        "@id": "node/14080974562",
        "door": "yes",
        "indoor": "door",
        "level": "0",
        "repeat_on": "1"
      },
      "geometry": {
        "type": "Point",
        "coordinates": [
          5.5654043,
          50.5816201
        ]
      },
      "id": "node/14080974562"
    },
    {
      "type": "Feature",
      "properties": {
        "@id": "node/14080974563",
        "door": "yes",
        "indoor": "door",
        "level": "0",
        "repeat_on": "1"
      },
      "geometry": {
        "type": "Point",
        "coordinates": [
          5.5654878,
          50.5816585
        ]
      },
      "id": "node/14080974563"
    },
    {
      "type": "Feature",
      "properties": {
        "@id": "node/14080974568",
        "door": "yes",
        "indoor": "door",
        "level": "0",
        "repeat_on": "1"
      },
      "geometry": {
        "type": "Point",
        "coordinates": [
          5.5655711,
          50.5816968
        ]
      },
      "id": "node/14080974568"
    },
    {
      "type": "Feature",
      "properties": {
        "@id": "node/14080974569",
        "door": "yes",
        "indoor": "door",
        "level": "0",
        "repeat_on": "-1;1"
      },
      "geometry": {
        "type": "Point",
        "coordinates": [
          5.5657327,
          50.5816387
        ]
      },
      "id": "node/14080974569"
    },
    {
      "type": "Feature",
      "properties": {
        "@id": "node/14080974572",
        "door": "yes",
        "indoor": "door",
        "level": "0",
        "repeat_on": "-1;1"
      },
      "geometry": {
        "type": "Point",
        "coordinates": [
          5.5660779,
          50.5819135
        ]
      },
      "id": "node/14080974572"
    },
    {
      "type": "Feature",
      "properties": {
        "@id": "node/14080974573",
        "door": "yes",
        "indoor": "door",
        "level": "0",
        "repeat_on": "-1;1"
      },
      "geometry": {
        "type": "Point",
        "coordinates": [
          5.566044,
          50.581898
        ]
      },
      "id": "node/14080974573"
    },
    {
      "type": "Feature",
      "properties": {
        "@id": "node/14080974578",
        "door": "no",
        "indoor": "door",
        "level": "0",
        "repeat_on": "-1;1"
      },
      "geometry": {
        "type": "Point",
        "coordinates": [
          5.566048,
          50.5819163
        ]
      },
      "id": "node/14080974578"
    },
    {
      "type": "Feature",
      "properties": {
        "@id": "node/14080974579",
        "door": "yes",
        "indoor": "door",
        "level": "0",
        "repeat_on": "1"
      },
      "geometry": {
        "type": "Point",
        "coordinates": [
          5.5660004,
          50.5818944
        ]
      },
      "id": "node/14080974579"
    },
    {
      "type": "Feature",
      "properties": {
        "@id": "node/14080974580",
        "door": "yes",
        "indoor": "door",
        "level": "0",
        "repeat_on": "1"
      },
      "geometry": {
        "type": "Point",
        "coordinates": [
          5.5659047,
          50.5818503
        ]
      },
      "id": "node/14080974580"
    },
    {
      "type": "Feature",
      "properties": {
        "@id": "node/14080974581",
        "door": "yes",
        "indoor": "door",
        "level": "0",
        "repeat_on": "1"
      },
      "geometry": {
        "type": "Point",
        "coordinates": [
          5.5658213,
          50.5818119
        ]
      },
      "id": "node/14080974581"
    },
    {
      "type": "Feature",
      "properties": {
        "@id": "node/14080974582",
        "door": "yes",
        "indoor": "door",
        "level": "0",
        "repeat_on": "1"
      },
      "geometry": {
        "type": "Point",
        "coordinates": [
          5.5657378,
          50.5817736
        ]
      },
      "id": "node/14080974582"
    },
    {
      "type": "Feature",
      "properties": {
        "@id": "node/14080974583",
        "door": "yes",
        "indoor": "door",
        "level": "0",
        "repeat_on": "1"
      },
      "geometry": {
        "type": "Point",
        "coordinates": [
          5.5656545,
          50.5817352
        ]
      },
      "id": "node/14080974583"
    },
    {
      "type": "Feature",
      "properties": {
        "@id": "node/14080974584",
        "door": "yes",
        "indoor": "door",
        "level": "0",
        "repeat_on": "1"
      },
      "geometry": {
        "type": "Point",
        "coordinates": [
          5.5657224,
          50.5816756
        ]
      },
      "id": "node/14080974584"
    },
    {
      "type": "Feature",
      "properties": {
        "@id": "node/14080974585",
        "door": "yes",
        "indoor": "door",
        "level": "0",
        "repeat_on": "1"
      },
      "geometry": {
        "type": "Point",
        "coordinates": [
          5.5657643,
          50.5816948
        ]
      },
      "id": "node/14080974585"
    },
    {
      "type": "Feature",
      "properties": {
        "@id": "node/14080974586",
        "door": "yes",
        "indoor": "door",
        "level": "0",
        "repeat_on": "-1;1"
      },
      "geometry": {
        "type": "Point",
        "coordinates": [
          5.5658161,
          50.5816771
        ]
      },
      "id": "node/14080974586"
    },
    {
      "type": "Feature",
      "properties": {
        "@id": "node/14080974587",
        "door": "yes",
        "indoor": "door",
        "level": "0",
        "repeat_on": "1"
      },
      "geometry": {
        "type": "Point",
        "coordinates": [
          5.5657741,
          50.5816579
        ]
      },
      "id": "node/14080974587"
    },
    {
      "type": "Feature",
      "properties": {
        "@id": "node/14132337814",
        "entrance": "service",
        "level": "0"
      },
      "geometry": {
        "type": "Point",
        "coordinates": [
          5.5696487,
          50.5844865
        ]
      },
      "id": "node/14132337814"
    },
    {
      "type": "Feature",
      "properties": {
        "@id": "node/14132337821",
        "access": "no",
        "entrance": "service",
        "level": "-2"
      },
      "geometry": {
        "type": "Point",
        "coordinates": [
          5.5695015,
          50.5837901
        ]
      },
      "id": "node/14132337821"
    },
    {
      "type": "Feature",
      "properties": {
        "@id": "node/14132337826",
        "access": "no",
        "entrance": "service",
        "level": "-2"
      },
      "geometry": {
        "type": "Point",
        "coordinates": [
          5.569659,
          50.5838625
        ]
      },
      "id": "node/14132337826"
    },
    {
      "type": "Feature",
      "properties": {
        "@id": "node/14132337827",
        "access": "no",
        "entrance": "service",
        "level": "-2"
      },
      "geometry": {
        "type": "Point",
        "coordinates": [
          5.5697907,
          50.583923
        ]
      },
      "id": "node/14132337827"
    },
    {
      "type": "Feature",
      "properties": {
        "@id": "node/14132337828",
        "access": "no",
        "entrance": "service",
        "level": "-2"
      },
      "geometry": {
        "type": "Point",
        "coordinates": [
          5.5695838,
          50.5838279
        ]
      },
      "id": "node/14132337828"
    },
    {
      "type": "Feature",
      "properties": {
        "@id": "node/14132337836",
        "association": "student",
        "level": "-2",
        "name": "Green Office",
        "office": "association",
        "phone": "+32 4 366 22 08",
        "website": "https://www.green-office.uliege.be/"
      },
      "geometry": {
        "type": "Point",
        "coordinates": [
          5.5699318,
          50.5839901
        ]
      },
      "id": "node/14132337836"
    },
    {
      "type": "Feature",
      "properties": {
        "@id": "node/14132337894",
        "door": "yes",
        "indoor": "door",
        "level": "-2"
      },
      "geometry": {
        "type": "Point",
        "coordinates": [
          5.5699442,
          50.5840427
        ]
      },
      "id": "node/14132337894"
    },
    {
      "type": "Feature",
      "properties": {
        "@id": "node/14132337895",
        "door": "yes",
        "indoor": "door",
        "level": "-2"
      },
      "geometry": {
        "type": "Point",
        "coordinates": [
          5.5699268,
          50.5840424
        ]
      },
      "id": "node/14132337895"
    },
    {
      "type": "Feature",
      "properties": {
        "@id": "node/14132337896",
        "door": "yes",
        "indoor": "door",
        "level": "-2"
      },
      "geometry": {
        "type": "Point",
        "coordinates": [
          5.5699074,
          50.5840396
        ]
      },
      "id": "node/14132337896"
    },
    {
      "type": "Feature",
      "properties": {
        "@id": "node/14132337897",
        "door": "yes",
        "indoor": "door",
        "level": "-2"
      },
      "geometry": {
        "type": "Point",
        "coordinates": [
          5.5700285,
          50.584119
        ]
      },
      "id": "node/14132337897"
    },
    {
      "type": "Feature",
      "properties": {
        "@id": "node/14132337898",
        "door": "yes",
        "indoor": "door",
        "level": "-2"
      },
      "geometry": {
        "type": "Point",
        "coordinates": [
          5.5700246,
          50.5840795
        ]
      },
      "id": "node/14132337898"
    },
    {
      "type": "Feature",
      "properties": {
        "@id": "node/14132337899",
        "door": "yes",
        "indoor": "door",
        "level": "-2"
      },
      "geometry": {
        "type": "Point",
        "coordinates": [
          5.5700135,
          50.5840882
        ]
      },
      "id": "node/14132337899"
    },
    {
      "type": "Feature",
      "properties": {
        "@id": "node/14132337900",
        "door": "yes",
        "indoor": "door",
        "level": "-2"
      },
      "geometry": {
        "type": "Point",
        "coordinates": [
          5.5700369,
          50.5840851
        ]
      },
      "id": "node/14132337900"
    },
    {
      "type": "Feature",
      "properties": {
        "@id": "node/14132343901",
        "access": "private",
        "entrance": "secondary",
        "level": "-2",
        "wheelchair": "no"
      },
      "geometry": {
        "type": "Point",
        "coordinates": [
          5.570021,
          50.5840139
        ]
      },
      "id": "node/14132343901"
    },
    {
      "type": "Feature",
      "properties": {
        "@id": "node/14132343902",
        "access": "private",
        "entrance": "yes",
        "level": "-2",
        "wheelchair": "no"
      },
      "geometry": {
        "type": "Point",
        "coordinates": [
          5.5699396,
          50.5839765
        ]
      },
      "id": "node/14132343902"
    },
    {
      "type": "Feature",
      "properties": {
        "@id": "node/14132343920",
        "door": "yes",
        "indoor": "door",
        "level": "-2"
      },
      "geometry": {
        "type": "Point",
        "coordinates": [
          5.5700396,
          50.5841147
        ]
      },
      "id": "node/14132343920"
    },
    {
      "type": "Feature",
      "properties": {
        "@id": "node/14132343923",
        "door": "yes",
        "indoor": "door",
        "level": "-1"
      },
      "geometry": {
        "type": "Point",
        "coordinates": [
          5.570051,
          50.5841317
        ]
      },
      "id": "node/14132343923"
    },
    {
      "type": "Feature",
      "properties": {
        "@id": "node/14132343964",
        "barrier": "kerb",
        "height": "0.1",
        "wheelchair": "no"
      },
      "geometry": {
        "type": "Point",
        "coordinates": [
          5.5695567,
          50.5843361
        ]
      },
      "id": "node/14132343964"
    },
    {
      "type": "Feature",
      "properties": {
        "@id": "node/14132344041",
        "door": "yes",
        "indoor": "door",
        "level": "-1"
      },
      "geometry": {
        "type": "Point",
        "coordinates": [
          5.5690485,
          50.5838212
        ]
      },
      "id": "node/14132344041"
    },
    {
      "type": "Feature",
      "properties": {
        "@id": "node/14132344042",
        "door": "yes",
        "indoor": "door",
        "level": "-1"
      },
      "geometry": {
        "type": "Point",
        "coordinates": [
          5.568683,
          50.5834859
        ]
      },
      "id": "node/14132344042"
    },
    {
      "type": "Feature",
      "properties": {
        "@id": "node/14132344043",
        "door": "yes",
        "indoor": "door",
        "level": "-1"
      },
      "geometry": {
        "type": "Point",
        "coordinates": [
          5.5686733,
          50.5834944
        ]
      },
      "id": "node/14132344043"
    },
    {
      "type": "Feature",
      "properties": {
        "@id": "node/14132344044",
        "door": "yes",
        "indoor": "door",
        "level": "-1"
      },
      "geometry": {
        "type": "Point",
        "coordinates": [
          5.5687006,
          50.5835584
        ]
      },
      "id": "node/14132344044"
    },
    {
      "type": "Feature",
      "properties": {
        "@id": "node/14132344045",
        "door": "yes",
        "indoor": "door",
        "level": "-1"
      },
      "geometry": {
        "type": "Point",
        "coordinates": [
          5.568751,
          50.5834854
        ]
      },
      "id": "node/14132344045"
    },
    {
      "type": "Feature",
      "properties": {
        "@id": "node/14132344046",
        "door": "yes",
        "indoor": "door",
        "level": "-1"
      },
      "geometry": {
        "type": "Point",
        "coordinates": [
          5.568831,
          50.5835213
        ]
      },
      "id": "node/14132344046"
    },
    {
      "type": "Feature",
      "properties": {
        "@id": "node/14132344047",
        "door": "yes",
        "indoor": "door",
        "level": "-1"
      },
      "geometry": {
        "type": "Point",
        "coordinates": [
          5.5688522,
          50.5835308
        ]
      },
      "id": "node/14132344047"
    },
    {
      "type": "Feature",
      "properties": {
        "@id": "node/14132344048",
        "door": "yes",
        "indoor": "door",
        "level": "-1"
      },
      "geometry": {
        "type": "Point",
        "coordinates": [
          5.5687881,
          50.5835771
        ]
      },
      "id": "node/14132344048"
    },
    {
      "type": "Feature",
      "properties": {
        "@id": "node/14132344049",
        "door": "yes",
        "indoor": "door",
        "level": "-1"
      },
      "geometry": {
        "type": "Point",
        "coordinates": [
          5.5690308,
          50.583614
        ]
      },
      "id": "node/14132344049"
    },
    {
      "type": "Feature",
      "properties": {
        "@id": "node/14132344050",
        "door": "yes",
        "indoor": "door",
        "level": "-1"
      },
      "geometry": {
        "type": "Point",
        "coordinates": [
          5.5690525,
          50.5836231
        ]
      },
      "id": "node/14132344050"
    },
    {
      "type": "Feature",
      "properties": {
        "@id": "node/14132344051",
        "door": "yes",
        "indoor": "door",
        "level": "-1"
      },
      "geometry": {
        "type": "Point",
        "coordinates": [
          5.5689884,
          50.5836691
        ]
      },
      "id": "node/14132344051"
    },
    {
      "type": "Feature",
      "properties": {
        "@id": "node/14132344052",
        "door": "yes",
        "indoor": "door",
        "level": "-1"
      },
      "geometry": {
        "type": "Point",
        "coordinates": [
          5.569088,
          50.5837153
        ]
      },
      "id": "node/14132344052"
    },
    {
      "type": "Feature",
      "properties": {
        "@id": "node/14132344053",
        "door": "yes",
        "indoor": "door",
        "level": "-1"
      },
      "geometry": {
        "type": "Point",
        "coordinates": [
          5.5691314,
          50.5836597
        ]
      },
      "id": "node/14132344053"
    },
    {
      "type": "Feature",
      "properties": {
        "@id": "node/14132344054",
        "door": "yes",
        "indoor": "door",
        "level": "-1"
      },
      "geometry": {
        "type": "Point",
        "coordinates": [
          5.5691519,
          50.5836693
        ]
      },
      "id": "node/14132344054"
    },
    {
      "type": "Feature",
      "properties": {
        "@id": "node/14132344055",
        "door": "yes",
        "indoor": "door",
        "level": "-1"
      },
      "geometry": {
        "type": "Point",
        "coordinates": [
          5.5691881,
          50.583761
        ]
      },
      "id": "node/14132344055"
    },
    {
      "type": "Feature",
      "properties": {
        "@id": "node/14132344069",
        "door": "yes",
        "indoor": "door",
        "level": "-1"
      },
      "geometry": {
        "type": "Point",
        "coordinates": [
          5.5696757,
          50.5841513
        ]
      },
      "id": "node/14132344069"
    },
    {
      "type": "Feature",
      "properties": {
        "@id": "node/14132344070",
        "door": "yes",
        "indoor": "door",
        "level": "-1"
      },
      "geometry": {
        "type": "Point",
        "coordinates": [
          5.5695851,
          50.5841099
        ]
      },
      "id": "node/14132344070"
    },
    {
      "type": "Feature",
      "properties": {
        "@id": "node/14132344071",
        "door": "yes",
        "indoor": "door",
        "level": "-1"
      },
      "geometry": {
        "type": "Point",
        "coordinates": [
          5.5698055,
          50.5840613
        ]
      },
      "id": "node/14132344071"
    },
    {
      "type": "Feature",
      "properties": {
        "@id": "node/14132344072",
        "door": "yes",
        "indoor": "door",
        "level": "-1"
      },
      "geometry": {
        "type": "Point",
        "coordinates": [
          5.56968,
          50.5840033
        ]
      },
      "id": "node/14132344072"
    },
    {
      "type": "Feature",
      "properties": {
        "@id": "node/14132344073",
        "door": "yes",
        "indoor": "door",
        "level": "-1"
      },
      "geometry": {
        "type": "Point",
        "coordinates": [
          5.5694928,
          50.5839174
        ]
      },
      "id": "node/14132344073"
    },
    {
      "type": "Feature",
      "properties": {
        "@id": "node/14132344074",
        "door": "yes",
        "indoor": "door",
        "level": "-1"
      },
      "geometry": {
        "type": "Point",
        "coordinates": [
          5.5693792,
          50.5838658
        ]
      },
      "id": "node/14132344074"
    },
    {
      "type": "Feature",
      "properties": {
        "@id": "node/14132344093",
        "door": "yes",
        "indoor": "door",
        "level": "-1"
      },
      "geometry": {
        "type": "Point",
        "coordinates": [
          5.5692536,
          50.5837967
        ]
      },
      "id": "node/14132344093"
    },
    {
      "type": "Feature",
      "properties": {
        "@id": "node/14132344094",
        "door": "yes",
        "indoor": "door",
        "level": "-1"
      },
      "geometry": {
        "type": "Point",
        "coordinates": [
          5.5693343,
          50.5838341
        ]
      },
      "id": "node/14132344094"
    },
    {
      "type": "Feature",
      "properties": {
        "@id": "node/14132344095",
        "door": "yes",
        "indoor": "door",
        "level": "-1"
      },
      "geometry": {
        "type": "Point",
        "coordinates": [
          5.5693683,
          50.5838497
        ]
      },
      "id": "node/14132344095"
    },
    {
      "type": "Feature",
      "properties": {
        "@id": "node/14132344096",
        "door": "yes",
        "indoor": "door",
        "level": "-1"
      },
      "geometry": {
        "type": "Point",
        "coordinates": [
          5.5695194,
          50.5839189
        ]
      },
      "id": "node/14132344096"
    },
    {
      "type": "Feature",
      "properties": {
        "@id": "node/14132344097",
        "door": "yes",
        "indoor": "door",
        "level": "-1"
      },
      "geometry": {
        "type": "Point",
        "coordinates": [
          5.5695532,
          50.5839344
        ]
      },
      "id": "node/14132344097"
    },
    {
      "type": "Feature",
      "properties": {
        "@id": "node/14132344098",
        "door": "yes",
        "indoor": "door",
        "level": "-1"
      },
      "geometry": {
        "type": "Point",
        "coordinates": [
          5.5696353,
          50.583972
        ]
      },
      "id": "node/14132344098"
    },
    {
      "type": "Feature",
      "properties": {
        "@id": "node/14132344099",
        "door": "yes",
        "indoor": "door",
        "level": "-1"
      },
      "geometry": {
        "type": "Point",
        "coordinates": [
          5.5696694,
          50.5839877
        ]
      },
      "id": "node/14132344099"
    },
    {
      "type": "Feature",
      "properties": {
        "@id": "node/14132344100",
        "door": "yes",
        "indoor": "door",
        "level": "-1"
      },
      "geometry": {
        "type": "Point",
        "coordinates": [
          5.570045,
          50.584163
        ]
      },
      "id": "node/14132344100"
    },
    {
      "type": "Feature",
      "properties": {
        "@id": "node/14132344101",
        "door": "yes",
        "indoor": "door",
        "level": "-1"
      },
      "geometry": {
        "type": "Point",
        "coordinates": [
          5.5700075,
          50.5841135
        ]
      },
      "id": "node/14132344101"
    },
    {
      "type": "Feature",
      "properties": {
        "@id": "node/14132344102",
        "door": "yes",
        "indoor": "door",
        "level": "-1"
      },
      "geometry": {
        "type": "Point",
        "coordinates": [
          5.5699009,
          50.5840649
        ]
      },
      "id": "node/14132344102"
    },
    {
      "type": "Feature",
      "properties": {
        "@id": "node/14132344103",
        "door": "yes",
        "indoor": "door",
        "level": "-1"
      },
      "geometry": {
        "type": "Point",
        "coordinates": [
          5.5698326,
          50.5840629
        ]
      },
      "id": "node/14132344103"
    },
    {
      "type": "Feature",
      "properties": {
        "@id": "node/14132344104",
        "door": "yes",
        "indoor": "door",
        "level": "-1"
      },
      "geometry": {
        "type": "Point",
        "coordinates": [
          5.5700401,
          50.5840823
        ]
      },
      "id": "node/14132344104"
    },
    {
      "type": "Feature",
      "properties": {
        "@id": "node/14132344105",
        "door": "yes",
        "indoor": "door",
        "level": "-1"
      },
      "geometry": {
        "type": "Point",
        "coordinates": [
          5.5699584,
          50.5840254
        ]
      },
      "id": "node/14132344105"
    },
    {
      "type": "Feature",
      "properties": {
        "@id": "node/14132344106",
        "door": "yes",
        "indoor": "door",
        "level": "-1"
      },
      "geometry": {
        "type": "Point",
        "coordinates": [
          5.5699319,
          50.5840027
        ]
      },
      "id": "node/14132344106"
    },
    {
      "type": "Feature",
      "properties": {
        "@id": "node/14132344107",
        "door": "yes",
        "indoor": "door",
        "level": "-1"
      },
      "geometry": {
        "type": "Point",
        "coordinates": [
          5.5698347,
          50.5839773
        ]
      },
      "id": "node/14132344107"
    },
    {
      "type": "Feature",
      "properties": {
        "@id": "node/14132344108",
        "door": "yes",
        "indoor": "door",
        "level": "-1"
      },
      "geometry": {
        "type": "Point",
        "coordinates": [
          5.5698035,
          50.5839631
        ]
      },
      "id": "node/14132344108"
    },
    {
      "type": "Feature",
      "properties": {
        "@id": "node/14132344109",
        "door": "yes",
        "indoor": "door",
        "level": "-1"
      },
      "geometry": {
        "type": "Point",
        "coordinates": [
          5.5697073,
          50.5839296
        ]
      },
      "id": "node/14132344109"
    },
    {
      "type": "Feature",
      "properties": {
        "@id": "node/14132344110",
        "door": "yes",
        "indoor": "door",
        "level": "-1"
      },
      "geometry": {
        "type": "Point",
        "coordinates": [
          5.5695939,
          50.5838778
        ]
      },
      "id": "node/14132344110"
    },
    {
      "type": "Feature",
      "properties": {
        "@id": "node/14132344111",
        "door": "yes",
        "indoor": "door",
        "level": "-1"
      },
      "geometry": {
        "type": "Point",
        "coordinates": [
          5.5695638,
          50.583853
        ]
      },
      "id": "node/14132344111"
    },
    {
      "type": "Feature",
      "properties": {
        "@id": "node/14132344116",
        "door": "yes",
        "indoor": "door",
        "level": "-1"
      },
      "geometry": {
        "type": "Point",
        "coordinates": [
          5.5695214,
          50.5838335
        ]
      },
      "id": "node/14132344116"
    },
    {
      "type": "Feature",
      "properties": {
        "@id": "node/14132344117",
        "door": "yes",
        "indoor": "door",
        "level": "-1"
      },
      "geometry": {
        "type": "Point",
        "coordinates": [
          5.5694069,
          50.5837917
        ]
      },
      "id": "node/14132344117"
    },
    {
      "type": "Feature",
      "properties": {
        "@id": "node/14132344118",
        "door": "yes",
        "indoor": "door",
        "level": "-1"
      },
      "geometry": {
        "type": "Point",
        "coordinates": [
          5.5692957,
          50.5837406
        ]
      },
      "id": "node/14132344118"
    },
    {
      "type": "Feature",
      "properties": {
        "@id": "node/14132344119",
        "door": "yes",
        "indoor": "door",
        "level": "-1"
      },
      "geometry": {
        "type": "Point",
        "coordinates": [
          5.5692098,
          50.5837635
        ]
      },
      "id": "node/14132344119"
    },
    {
      "type": "Feature",
      "properties": {
        "@id": "node/14132344130",
        "door": "yes",
        "indoor": "door",
        "level": "-1"
      },
      "geometry": {
        "type": "Point",
        "coordinates": [
          5.5692018,
          50.5837871
        ]
      },
      "id": "node/14132344130"
    },
    {
      "type": "Feature",
      "properties": {
        "@id": "node/14132344243",
        "door": "yes",
        "indoor": "door",
        "level": "0"
      },
      "geometry": {
        "type": "Point",
        "coordinates": [
          5.5696756,
          50.5839734
        ]
      },
      "id": "node/14132344243"
    },
    {
      "type": "Feature",
      "properties": {
        "@id": "node/14132344244",
        "door": "yes",
        "indoor": "door",
        "level": "0"
      },
      "geometry": {
        "type": "Point",
        "coordinates": [
          5.5695879,
          50.5839287
        ]
      },
      "id": "node/14132344244"
    },
    {
      "type": "Feature",
      "properties": {
        "@id": "node/14132344245",
        "door": "yes",
        "indoor": "door",
        "level": "0"
      },
      "geometry": {
        "type": "Point",
        "coordinates": [
          5.5693545,
          50.583961
        ]
      },
      "id": "node/14132344245"
    },
    {
      "type": "Feature",
      "properties": {
        "@id": "node/14132344246",
        "door": "yes",
        "indoor": "door",
        "level": "0"
      },
      "geometry": {
        "type": "Point",
        "coordinates": [
          5.5696626,
          50.5841027
        ]
      },
      "id": "node/14132344246"
    },
    {
      "type": "Feature",
      "properties": {
        "@id": "node/14132344247",
        "door": "yes",
        "indoor": "door",
        "level": "0"
      },
      "geometry": {
        "type": "Point",
        "coordinates": [
          5.5697877,
          50.5844301
        ]
      },
      "id": "node/14132344247"
    },
    {
      "type": "Feature",
      "properties": {
        "@id": "node/14132344248",
        "door": "yes",
        "indoor": "door",
        "level": "0"
      },
      "geometry": {
        "type": "Point",
        "coordinates": [
          5.5697456,
          50.5844032
        ]
      },
      "id": "node/14132344248"
    },
    {
      "type": "Feature",
      "properties": {
        "@id": "node/14132344249",
        "door": "yes",
        "indoor": "door",
        "level": "0",
        "wheelchair": "yes"
      },
      "geometry": {
        "type": "Point",
        "coordinates": [
          5.5697806,
          50.5844195
        ]
      },
      "id": "node/14132344249"
    },
    {
      "type": "Feature",
      "properties": {
        "@id": "node/14132344250",
        "door": "yes",
        "indoor": "door",
        "level": "0",
        "wheelchair": "yes"
      },
      "geometry": {
        "type": "Point",
        "coordinates": [
          5.5697734,
          50.5842796
        ]
      },
      "id": "node/14132344250"
    },
    {
      "type": "Feature",
      "properties": {
        "@id": "node/14132344251",
        "door": "yes",
        "indoor": "door",
        "level": "0",
        "wheelchair": "yes"
      },
      "geometry": {
        "type": "Point",
        "coordinates": [
          5.5697247,
          50.5842571
        ]
      },
      "id": "node/14132344251"
    },
    {
      "type": "Feature",
      "properties": {
        "@id": "node/14132344252",
        "door": "yes",
        "indoor": "door",
        "level": "0",
        "wheelchair": "yes"
      },
      "geometry": {
        "type": "Point",
        "coordinates": [
          5.5694571,
          50.5841047
        ]
      },
      "id": "node/14132344252"
    },
    {
      "type": "Feature",
      "properties": {
        "@id": "node/14132344253",
        "door": "yes",
        "indoor": "door",
        "level": "0",
        "wheelchair": "yes"
      },
      "geometry": {
        "type": "Point",
        "coordinates": [
          5.5694091,
          50.5840818
        ]
      },
      "id": "node/14132344253"
    },
    {
      "type": "Feature",
      "properties": {
        "@id": "node/14132344254",
        "door": "yes",
        "indoor": "door",
        "level": "-1"
      },
      "geometry": {
        "type": "Point",
        "coordinates": [
          5.5698251,
          50.5840779
        ]
      },
      "id": "node/14132344254"
    },
    {
      "type": "Feature",
      "properties": {
        "@id": "node/14132344255",
        "door": "yes",
        "indoor": "door",
        "level": "-1"
      },
      "geometry": {
        "type": "Point",
        "coordinates": [
          5.5696387,
          50.5840244
        ]
      },
      "id": "node/14132344255"
    },
    {
      "type": "Feature",
      "properties": {
        "@id": "node/14132344256",
        "door": "yes",
        "indoor": "door",
        "level": "-1"
      },
      "geometry": {
        "type": "Point",
        "coordinates": [
          5.5694749,
          50.5839487
        ]
      },
      "id": "node/14132344256"
    },
    {
      "type": "Feature",
      "properties": {
        "@id": "node/14132344257",
        "door": "yes",
        "indoor": "door",
        "level": "-1"
      },
      "geometry": {
        "type": "Point",
        "coordinates": [
          5.5693383,
          50.583886
        ]
      },
      "id": "node/14132344257"
    },
    {
      "type": "Feature",
      "properties": {
        "@id": "node/14132344258",
        "door": "yes",
        "indoor": "door",
        "level": "-1"
      },
      "geometry": {
        "type": "Point",
        "coordinates": [
          5.570012,
          50.5841636
        ]
      },
      "id": "node/14132344258"
    },
    {
      "type": "Feature",
      "properties": {
        "@id": "node/14132344259",
        "door": "yes",
        "indoor": "door",
        "level": "-1"
      },
      "geometry": {
        "type": "Point",
        "coordinates": [
          5.5691739,
          50.5838106
        ]
      },
      "id": "node/14132344259"
    },
    {
      "type": "Feature",
      "properties": {
        "@id": "node/14132344260",
        "door": "yes",
        "indoor": "door",
        "level": "0",
        "wheelchair": "yes"
      },
      "geometry": {
        "type": "Point",
        "coordinates": [
          5.5691565,
          50.5839663
        ]
      },
      "id": "node/14132344260"
    },
    {
      "type": "Feature",
      "properties": {
        "@id": "node/14132344261",
        "door": "yes",
        "indoor": "door",
        "level": "0",
        "wheelchair": "yes"
      },
      "geometry": {
        "type": "Point",
        "coordinates": [
          5.569108,
          50.583944
        ]
      },
      "id": "node/14132344261"
    },
    {
      "type": "Feature",
      "properties": {
        "@id": "node/14132344262",
        "entrance": "emergency",
        "level": "0",
        "wheelchair": "yes"
      },
      "geometry": {
        "type": "Point",
        "coordinates": [
          5.569632,
          50.5839274
        ]
      },
      "id": "node/14132344262"
    },
    {
      "type": "Feature",
      "properties": {
        "@id": "node/14132344263",
        "entrance": "yes",
        "level": "0",
        "wheelchair": "limited"
      },
      "geometry": {
        "type": "Point",
        "coordinates": [
          5.5689922,
          50.5839466
        ]
      },
      "id": "node/14132344263"
    },
    {
      "type": "Feature",
      "properties": {
        "@id": "node/14132344264",
        "entrance": "main",
        "level": "0",
        "wheelchair": "yes"
      },
      "geometry": {
        "type": "Point",
        "coordinates": [
          5.5692107,
          50.5840871
        ]
      },
      "id": "node/14132344264"
    },
    {
      "type": "Feature",
      "properties": {
        "@id": "node/14132344265",
        "entrance": "yes",
        "level": "0",
        "wheelchair": "no"
      },
      "geometry": {
        "type": "Point",
        "coordinates": [
          5.5698493,
          50.5844068
        ]
      },
      "id": "node/14132344265"
    },
    {
      "type": "Feature",
      "properties": {
        "@id": "node/14132344266",
        "entrance": "main",
        "level": "0",
        "wheelchair": "limited"
      },
      "geometry": {
        "type": "Point",
        "coordinates": [
          5.5695691,
          50.5843247
        ]
      },
      "id": "node/14132344266"
    },
    {
      "type": "Feature",
      "properties": {
        "@id": "node/14132344274",
        "amenity": "vending_machine",
        "indoor": "yes",
        "level": "0",
        "vending": "drinks"
      },
      "geometry": {
        "type": "Point",
        "coordinates": [
          5.5698,
          50.5844044
        ]
      },
      "id": "node/14132344274"
    },
    {
      "type": "Feature",
      "properties": {
        "@id": "node/14132344275",
        "amenity": "vending_machine",
        "indoor": "yes",
        "level": "0",
        "vending": "sweets"
      },
      "geometry": {
        "type": "Point",
        "coordinates": [
          5.5697826,
          50.5843961
        ]
      },
      "id": "node/14132344275"
    },
    {
      "type": "Feature",
      "properties": {
        "@id": "node/14132344276",
        "amenity": "drinking_water",
        "bottle": "yes",
        "fee": "no",
        "fountain": "bottle_refill",
        "indoor": "yes",
        "level": "0"
      },
      "geometry": {
        "type": "Point",
        "coordinates": [
          5.5697703,
          50.5843907
        ]
      },
      "id": "node/14132344276"
    },
    {
      "type": "Feature",
      "properties": {
        "@id": "node/14132344336"
      },
      "geometry": {
        "type": "Point",
        "coordinates": [
          5.5695339,
          50.5841455
        ]
      },
      "id": "node/14132344336"
    },
    {
      "type": "Feature",
      "properties": {
        "@id": "node/14132344337"
      },
      "geometry": {
        "type": "Point",
        "coordinates": [
          5.5695998,
          50.58412
        ]
      },
      "id": "node/14132344337"
    },
    {
      "type": "Feature",
      "properties": {
        "@id": "node/14132344338"
      },
      "geometry": {
        "type": "Point",
        "coordinates": [
          5.5696035,
          50.5841216
        ]
      },
      "id": "node/14132344338"
    },
    {
      "type": "Feature",
      "properties": {
        "@id": "node/14132344339"
      },
      "geometry": {
        "type": "Point",
        "coordinates": [
          5.5695856,
          50.5841694
        ]
      },
      "id": "node/14132344339"
    },
    {
      "type": "Feature",
      "properties": {
        "@id": "node/14132344340"
      },
      "geometry": {
        "type": "Point",
        "coordinates": [
          5.5695817,
          50.5841703
        ]
      },
      "id": "node/14132344340"
    },
    {
      "type": "Feature",
      "properties": {
        "@id": "node/14132344341"
      },
      "geometry": {
        "type": "Point",
        "coordinates": [
          5.5695337,
          50.5841482
        ]
      },
      "id": "node/14132344341"
    },
    {
      "type": "Feature",
      "properties": {
        "@id": "node/14132344342"
      },
      "geometry": {
        "type": "Point",
        "coordinates": [
          5.5692337,
          50.5840075
        ]
      },
      "id": "node/14132344342"
    },
    {
      "type": "Feature",
      "properties": {
        "@id": "node/14132344343"
      },
      "geometry": {
        "type": "Point",
        "coordinates": [
          5.5692824,
          50.5839884
        ]
      },
      "id": "node/14132344343"
    },
    {
      "type": "Feature",
      "properties": {
        "@id": "node/14132344344"
      },
      "geometry": {
        "type": "Point",
        "coordinates": [
          5.5692862,
          50.5839903
        ]
      },
      "id": "node/14132344344"
    },
    {
      "type": "Feature",
      "properties": {
        "@id": "node/14132344345"
      },
      "geometry": {
        "type": "Point",
        "coordinates": [
          5.5692726,
          50.5840253
        ]
      },
      "id": "node/14132344345"
    },
    {
      "type": "Feature",
      "properties": {
        "@id": "node/14132344346"
      },
      "geometry": {
        "type": "Point",
        "coordinates": [
          5.5692693,
          50.5840262
        ]
      },
      "id": "node/14132344346"
    },
    {
      "type": "Feature",
      "properties": {
        "@id": "node/14132344347"
      },
      "geometry": {
        "type": "Point",
        "coordinates": [
          5.5692337,
          50.58401
        ]
      },
      "id": "node/14132344347"
    },
    {
      "type": "Feature",
      "properties": {
        "@id": "node/14160256651",
        "amenity": "bench",
        "backrest": "yes",
        "indoor": "yes",
        "level": "0",
        "material": "wood"
      },
      "geometry": {
        "type": "Point",
        "coordinates": [
          5.5666455,
          50.5847683
        ]
      },
      "id": "node/14160256651"
    },
    {
      "type": "Feature",
      "properties": {
        "@id": "node/14160256652",
        "amenity": "bench",
        "backrest": "yes",
        "indoor": "yes",
        "level": "0",
        "material": "wood"
      },
      "geometry": {
        "type": "Point",
        "coordinates": [
          5.5667047,
          50.5847161
        ]
      },
      "id": "node/14160256652"
    },
    {
      "type": "Feature",
      "properties": {
        "@id": "node/14160256653",
        "amenity": "bench",
        "backrest": "yes",
        "indoor": "yes",
        "level": "0",
        "material": "wood"
      },
      "geometry": {
        "type": "Point",
        "coordinates": [
          5.5667495,
          50.5846768
        ]
      },
      "id": "node/14160256653"
    },
    {
      "type": "Feature",
      "properties": {
        "@id": "node/14160256654",
        "amenity": "bench",
        "backrest": "yes",
        "indoor": "yes",
        "level": "0",
        "material": "wood"
      },
      "geometry": {
        "type": "Point",
        "coordinates": [
          5.5667855,
          50.5846452
        ]
      },
      "id": "node/14160256654"
    },
    {
      "type": "Feature",
      "properties": {
        "@id": "node/14160256655",
        "amenity": "vending_machine",
        "indoor": "yes",
        "level": "-1"
      },
      "geometry": {
        "type": "Point",
        "coordinates": [
          5.5664108,
          50.5846746
        ]
      },
      "id": "node/14160256655"
    },
    {
      "type": "Feature",
      "properties": {
        "@id": "node/14160256656",
        "amenity": "vending_machine",
        "indoor": "yes",
        "level": "-1"
      },
      "geometry": {
        "type": "Point",
        "coordinates": [
          5.5665788,
          50.5847052
        ]
      },
      "id": "node/14160256656"
    },
    {
      "type": "Feature",
      "properties": {
        "@id": "node/14160256657",
        "amenity": "vending_machine",
        "indoor": "yes",
        "level": "-1",
        "vending": "coffee"
      },
      "geometry": {
        "type": "Point",
        "coordinates": [
          5.5667082,
          50.5845918
        ]
      },
      "id": "node/14160256657"
    },
    {
      "type": "Feature",
      "properties": {
        "@id": "node/14160256658",
        "amenity": "vending_machine",
        "indoor": "yes",
        "level": "-1"
      },
      "geometry": {
        "type": "Point",
        "coordinates": [
          5.5667109,
          50.5845893
        ]
      },
      "id": "node/14160256658"
    },
    {
      "type": "Feature",
      "properties": {
        "@id": "node/14160256659",
        "amenity": "drinking_water",
        "bottle": "yes",
        "fee": "no",
        "fountain": "bottle_refill",
        "indoor": "yes",
        "level": "-1"
      },
      "geometry": {
        "type": "Point",
        "coordinates": [
          5.5667164,
          50.584585
        ]
      },
      "id": "node/14160256659"
    },
    {
      "type": "Feature",
      "properties": {
        "@id": "node/14160256660",
        "door": "yes",
        "indoor": "door",
        "level": "1"
      },
      "geometry": {
        "type": "Point",
        "coordinates": [
          5.5667613,
          50.5845931
        ]
      },
      "id": "node/14160256660"
    },
    {
      "type": "Feature",
      "properties": {
        "@id": "node/14160256661",
        "door": "yes",
        "indoor": "door",
        "level": "0"
      },
      "geometry": {
        "type": "Point",
        "coordinates": [
          5.5665265,
          50.5847467
        ]
      },
      "id": "node/14160256661"
    },
    {
      "type": "Feature",
      "properties": {
        "@id": "node/14160256662",
        "door": "yes",
        "indoor": "door",
        "level": "0"
      },
      "geometry": {
        "type": "Point",
        "coordinates": [
          5.5665154,
          50.5847563
        ]
      },
      "id": "node/14160256662"
    },
    {
      "type": "Feature",
      "properties": {
        "@id": "node/14160256663",
        "door": "yes",
        "indoor": "door",
        "level": "0"
      },
      "geometry": {
        "type": "Point",
        "coordinates": [
          5.566137,
          50.5846346
        ]
      },
      "id": "node/14160256663"
    },
    {
      "type": "Feature",
      "properties": {
        "@id": "node/14160256664",
        "door": "yes",
        "indoor": "door",
        "level": "0"
      },
      "geometry": {
        "type": "Point",
        "coordinates": [
          5.5662974,
          50.5847238
        ]
      },
      "id": "node/14160256664"
    },
    {
      "type": "Feature",
      "properties": {
        "@id": "node/14160256665",
        "door": "yes",
        "indoor": "door",
        "level": "0"
      },
      "geometry": {
        "type": "Point",
        "coordinates": [
          5.5662956,
          50.5847418
        ]
      },
      "id": "node/14160256665"
    },
    {
      "type": "Feature",
      "properties": {
        "@id": "node/14160256666",
        "door": "yes",
        "indoor": "door",
        "level": "0"
      },
      "geometry": {
        "type": "Point",
        "coordinates": [
          5.5662124,
          50.5848149
        ]
      },
      "id": "node/14160256666"
    },
    {
      "type": "Feature",
      "properties": {
        "@id": "node/14160256667",
        "door": "yes",
        "indoor": "door",
        "level": "0"
      },
      "geometry": {
        "type": "Point",
        "coordinates": [
          5.566186,
          50.5848216
        ]
      },
      "id": "node/14160256667"
    },
    {
      "type": "Feature",
      "properties": {
        "@id": "node/14160256668",
        "door": "yes",
        "indoor": "door",
        "level": "0"
      },
      "geometry": {
        "type": "Point",
        "coordinates": [
          5.5663526,
          50.5848791
        ]
      },
      "id": "node/14160256668"
    },
    {
      "type": "Feature",
      "properties": {
        "@id": "node/14160256669",
        "door": "yes",
        "indoor": "door",
        "level": "0"
      },
      "geometry": {
        "type": "Point",
        "coordinates": [
          5.56635,
          50.584897
        ]
      },
      "id": "node/14160256669"
    },
    {
      "type": "Feature",
      "properties": {
        "@id": "node/14160256670",
        "door": "yes",
        "indoor": "door",
        "level": "0"
      },
      "geometry": {
        "type": "Point",
        "coordinates": [
          5.5664618,
          50.5847996
        ]
      },
      "id": "node/14160256670"
    },
    {
      "type": "Feature",
      "properties": {
        "@id": "node/14160256671",
        "door": "yes",
        "indoor": "door",
        "level": "0"
      },
      "geometry": {
        "type": "Point",
        "coordinates": [
          5.5664354,
          50.5848063
        ]
      },
      "id": "node/14160256671"
    },
    {
      "type": "Feature",
      "properties": {
        "@id": "node/14160256672",
        "door": "yes",
        "indoor": "door",
        "level": "0"
      },
      "geometry": {
        "type": "Point",
        "coordinates": [
          5.5666883,
          50.5847392
        ]
      },
      "id": "node/14160256672"
    },
    {
      "type": "Feature",
      "properties": {
        "@id": "node/14160256673",
        "door": "yes",
        "indoor": "door",
        "level": "0"
      },
      "geometry": {
        "type": "Point",
        "coordinates": [
          5.5667336,
          50.5846995
        ]
      },
      "id": "node/14160256673"
    },
    {
      "type": "Feature",
      "properties": {
        "@id": "node/14160256674",
        "door": "yes",
        "indoor": "door",
        "level": "0"
      },
      "geometry": {
        "type": "Point",
        "coordinates": [
          5.5667785,
          50.5846602
        ]
      },
      "id": "node/14160256674"
    },
    {
      "type": "Feature",
      "properties": {
        "@id": "node/14160256675",
        "door": "yes",
        "indoor": "door",
        "level": "0"
      },
      "geometry": {
        "type": "Point",
        "coordinates": [
          5.566746,
          50.5845754
        ]
      },
      "id": "node/14160256675"
    },
    {
      "type": "Feature",
      "properties": {
        "@id": "node/14160256676",
        "door": "yes",
        "indoor": "door",
        "level": "0"
      },
      "geometry": {
        "type": "Point",
        "coordinates": [
          5.5667648,
          50.5845841
        ]
      },
      "id": "node/14160256676"
    },
    {
      "type": "Feature",
      "properties": {
        "@id": "node/14160256677",
        "door": "yes",
        "indoor": "door",
        "level": "0"
      },
      "geometry": {
        "type": "Point",
        "coordinates": [
          5.5667616,
          50.5845928
        ]
      },
      "id": "node/14160256677"
    },
    {
      "type": "Feature",
      "properties": {
        "@id": "node/14160256678",
        "door": "yes",
        "indoor": "door",
        "level": "0"
      },
      "geometry": {
        "type": "Point",
        "coordinates": [
          5.5667494,
          50.5845969
        ]
      },
      "id": "node/14160256678"
    },
    {
      "type": "Feature",
      "properties": {
        "@id": "node/14160256679",
        "door": "yes",
        "indoor": "door",
        "level": "0"
      },
      "geometry": {
        "type": "Point",
        "coordinates": [
          5.5665866,
          50.5845381
        ]
      },
      "id": "node/14160256679"
    },
    {
      "type": "Feature",
      "properties": {
        "@id": "node/14160256680",
        "door": "yes",
        "indoor": "door",
        "level": "0"
      },
      "geometry": {
        "type": "Point",
        "coordinates": [
          5.566574,
          50.5845531
        ]
      },
      "id": "node/14160256680"
    },
    {
      "type": "Feature",
      "properties": {
        "@id": "node/14160256681",
        "door": "yes",
        "indoor": "door",
        "level": "0"
      },
      "geometry": {
        "type": "Point",
        "coordinates": [
          5.5665611,
          50.5845411
        ]
      },
      "id": "node/14160256681"
    },
    {
      "type": "Feature",
      "properties": {
        "@id": "node/14160256682",
        "door": "yes",
        "indoor": "door",
        "level": "0"
      },
      "geometry": {
        "type": "Point",
        "coordinates": [
          5.566572,
          50.5845255
        ]
      },
      "id": "node/14160256682"
    },
    {
      "type": "Feature",
      "properties": {
        "@id": "node/14160256683",
        "door": "yes",
        "indoor": "door",
        "level": "0"
      },
      "geometry": {
        "type": "Point",
        "coordinates": [
          5.5664652,
          50.5846484
        ]
      },
      "id": "node/14160256683"
    },
    {
      "type": "Feature",
      "properties": {
        "@id": "node/14160256684",
        "door": "yes",
        "indoor": "door",
        "level": "0"
      },
      "geometry": {
        "type": "Point",
        "coordinates": [
          5.5664461,
          50.5846604
        ]
      },
      "id": "node/14160256684"
    },
    {
      "type": "Feature",
      "properties": {
        "@id": "node/14160256685",
        "door": "yes",
        "indoor": "door",
        "level": "0"
      },
      "geometry": {
        "type": "Point",
        "coordinates": [
          5.566443,
          50.5846443
        ]
      },
      "id": "node/14160256685"
    },
    {
      "type": "Feature",
      "properties": {
        "@id": "node/14160256686",
        "door": "yes",
        "indoor": "door",
        "level": "0"
      },
      "geometry": {
        "type": "Point",
        "coordinates": [
          5.5664234,
          50.5846559
        ]
      },
      "id": "node/14160256686"
    },
    {
      "type": "Feature",
      "properties": {
        "@id": "node/14160256687",
        "door": "no",
        "indoor": "door",
        "level": "-1"
      },
      "geometry": {
        "type": "Point",
        "coordinates": [
          5.5666386,
          50.5848654
        ]
      },
      "id": "node/14160256687"
    },
    {
      "type": "Feature",
      "properties": {
        "@id": "node/14160256688",
        "door": "yes",
        "indoor": "door",
        "level": "-1"
      },
      "geometry": {
        "type": "Point",
        "coordinates": [
          5.5663362,
          50.5847312
        ]
      },
      "id": "node/14160256688"
    },
    {
      "type": "Feature",
      "properties": {
        "@id": "node/14160256689",
        "door": "yes",
        "indoor": "door",
        "level": "-1"
      },
      "geometry": {
        "type": "Point",
        "coordinates": [
          5.5663004,
          50.5847335
        ]
      },
      "id": "node/14160256689"
    },
    {
      "type": "Feature",
      "properties": {
        "@id": "node/14160256690",
        "door": "yes",
        "indoor": "door",
        "level": "-1"
      },
      "geometry": {
        "type": "Point",
        "coordinates": [
          5.5664075,
          50.5847819
        ]
      },
      "id": "node/14160256690"
    },
    {
      "type": "Feature",
      "properties": {
        "@id": "node/14160256691",
        "door": "yes",
        "indoor": "door",
        "level": "-1"
      },
      "geometry": {
        "type": "Point",
        "coordinates": [
          5.5663404,
          50.584751
        ]
      },
      "id": "node/14160256691"
    },
    {
      "type": "Feature",
      "properties": {
        "@id": "node/14160256692",
        "door": "yes",
        "indoor": "door",
        "level": "-1"
      },
      "geometry": {
        "type": "Point",
        "coordinates": [
          5.5663251,
          50.5847524
        ]
      },
      "id": "node/14160256692"
    },
    {
      "type": "Feature",
      "properties": {
        "@id": "node/14160256693",
        "door": "yes",
        "indoor": "door",
        "level": "-1"
      },
      "geometry": {
        "type": "Point",
        "coordinates": [
          5.5663238,
          50.5847657
        ]
      },
      "id": "node/14160256693"
    },
    {
      "type": "Feature",
      "properties": {
        "@id": "node/14160256694",
        "door": "yes",
        "indoor": "door",
        "level": "-1"
      },
      "geometry": {
        "type": "Point",
        "coordinates": [
          5.56641,
          50.584792
        ]
      },
      "id": "node/14160256694"
    },
    {
      "type": "Feature",
      "properties": {
        "@id": "node/14160256695",
        "door": "yes",
        "indoor": "door",
        "level": "-1"
      },
      "geometry": {
        "type": "Point",
        "coordinates": [
          5.5666026,
          50.5848341
        ]
      },
      "id": "node/14160256695"
    },
    {
      "type": "Feature",
      "properties": {
        "@id": "node/14160256696",
        "door": "yes",
        "indoor": "door",
        "level": "-1"
      },
      "geometry": {
        "type": "Point",
        "coordinates": [
          5.5666251,
          50.5848144
        ]
      },
      "id": "node/14160256696"
    },
    {
      "type": "Feature",
      "properties": {
        "@id": "node/14160256697",
        "door": "yes",
        "indoor": "door",
        "level": "-1"
      },
      "geometry": {
        "type": "Point",
        "coordinates": [
          5.566584,
          50.5847204
        ]
      },
      "id": "node/14160256697"
    },
    {
      "type": "Feature",
      "properties": {
        "@id": "node/14160256698",
        "door": "yes",
        "indoor": "door",
        "level": "-1"
      },
      "geometry": {
        "type": "Point",
        "coordinates": [
          5.5666164,
          50.5847153
        ]
      },
      "id": "node/14160256698"
    },
    {
      "type": "Feature",
      "properties": {
        "@id": "node/14160256699",
        "door": "yes",
        "indoor": "door",
        "level": "-1"
      },
      "geometry": {
        "type": "Point",
        "coordinates": [
          5.5666454,
          50.5847087
        ]
      },
      "id": "node/14160256699"
    },
    {
      "type": "Feature",
      "properties": {
        "@id": "node/14160256700",
        "door": "yes",
        "indoor": "door",
        "level": "-1"
      },
      "geometry": {
        "type": "Point",
        "coordinates": [
          5.5666035,
          50.5846893
        ]
      },
      "id": "node/14160256700"
    },
    {
      "type": "Feature",
      "properties": {
        "@id": "node/14160258401",
        "door": "yes",
        "indoor": "door",
        "level": "-1"
      },
      "geometry": {
        "type": "Point",
        "coordinates": [
          5.5666769,
          50.5846889
        ]
      },
      "id": "node/14160258401"
    },
    {
      "type": "Feature",
      "properties": {
        "@id": "node/14160258402",
        "door": "yes",
        "indoor": "door",
        "level": "-1"
      },
      "geometry": {
        "type": "Point",
        "coordinates": [
          5.5666996,
          50.584669
        ]
      },
      "id": "node/14160258402"
    },
    {
      "type": "Feature",
      "properties": {
        "@id": "node/14160258403",
        "door": "yes",
        "indoor": "door",
        "level": "-1"
      },
      "geometry": {
        "type": "Point",
        "coordinates": [
          5.5667195,
          50.5846429
        ]
      },
      "id": "node/14160258403"
    },
    {
      "type": "Feature",
      "properties": {
        "@id": "node/14160258404",
        "door": "yes",
        "indoor": "door",
        "level": "-1"
      },
      "geometry": {
        "type": "Point",
        "coordinates": [
          5.566719,
          50.5846228
        ]
      },
      "id": "node/14160258404"
    },
    {
      "type": "Feature",
      "properties": {
        "@id": "node/14160258405",
        "door": "yes",
        "indoor": "door",
        "level": "-1"
      },
      "geometry": {
        "type": "Point",
        "coordinates": [
          5.5666779,
          50.5846238
        ]
      },
      "id": "node/14160258405"
    },
    {
      "type": "Feature",
      "properties": {
        "@id": "node/14160258406",
        "door": "yes",
        "indoor": "door",
        "level": "-1"
      },
      "geometry": {
        "type": "Point",
        "coordinates": [
          5.5667033,
          50.5846156
        ]
      },
      "id": "node/14160258406"
    },
    {
      "type": "Feature",
      "properties": {
        "@id": "node/14160258407",
        "door": "yes",
        "indoor": "door",
        "level": "-1"
      },
      "geometry": {
        "type": "Point",
        "coordinates": [
          5.566748,
          50.5845764
        ]
      },
      "id": "node/14160258407"
    },
    {
      "type": "Feature",
      "properties": {
        "@id": "node/14160258408",
        "door": "no",
        "indoor": "door",
        "level": "0",
        "repeat_on": "-1;1"
      },
      "geometry": {
        "type": "Point",
        "coordinates": [
          5.5667257,
          50.5845751
        ]
      },
      "id": "node/14160258408"
    },
    {
      "type": "Feature",
      "properties": {
        "@id": "node/14160258409",
        "door": "yes",
        "indoor": "door",
        "level": "-1"
      },
      "geometry": {
        "type": "Point",
        "coordinates": [
          5.566516,
          50.5846292
        ]
      },
      "id": "node/14160258409"
    },
    {
      "type": "Feature",
      "properties": {
        "@id": "node/14160258410",
        "door": "yes",
        "indoor": "door",
        "level": "-1"
      },
      "geometry": {
        "type": "Point",
        "coordinates": [
          5.5665617,
          50.5845903
        ]
      },
      "id": "node/14160258410"
    },
    {
      "type": "Feature",
      "properties": {
        "@id": "node/14160258411",
        "door": "yes",
        "indoor": "door",
        "level": "-1"
      },
      "geometry": {
        "type": "Point",
        "coordinates": [
          5.5665425,
          50.5845973
        ]
      },
      "id": "node/14160258411"
    },
    {
      "type": "Feature",
      "properties": {
        "@id": "node/14160258412",
        "door": "yes",
        "indoor": "door",
        "level": "-1"
      },
      "geometry": {
        "type": "Point",
        "coordinates": [
          5.5665208,
          50.5846161
        ]
      },
      "id": "node/14160258412"
    },
    {
      "type": "Feature",
      "properties": {
        "@id": "node/14160258413",
        "door": "yes",
        "indoor": "door",
        "level": "-1"
      },
      "geometry": {
        "type": "Point",
        "coordinates": [
          5.5661768,
          50.5846082
        ]
      },
      "id": "node/14160258413"
    },
    {
      "type": "Feature",
      "properties": {
        "@id": "node/14160258414",
        "door": "yes",
        "indoor": "door",
        "level": "-1"
      },
      "geometry": {
        "type": "Point",
        "coordinates": [
          5.5661834,
          50.5845817
        ]
      },
      "id": "node/14160258414"
    },
    {
      "type": "Feature",
      "properties": {
        "@id": "node/14160258417",
        "entrance": "emergency",
        "level": "-1"
      },
      "geometry": {
        "type": "Point",
        "coordinates": [
          5.5669244,
          50.5846874
        ]
      },
      "id": "node/14160258417"
    },
    {
      "type": "Feature",
      "properties": {
        "@id": "node/14160258418",
        "entrance": "emergency",
        "level": "-1"
      },
      "geometry": {
        "type": "Point",
        "coordinates": [
          5.5668498,
          50.5847527
        ]
      },
      "id": "node/14160258418"
    },
    {
      "type": "Feature",
      "properties": {
        "@id": "node/14160258419",
        "entrance": "emergency",
        "level": "-1"
      },
      "geometry": {
        "type": "Point",
        "coordinates": [
          5.5667749,
          50.5848183
        ]
      },
      "id": "node/14160258419"
    },
    {
      "type": "Feature",
      "properties": {
        "@id": "node/14160258421",
        "access": "no",
        "entrance": "service",
        "level": "-1"
      },
      "geometry": {
        "type": "Point",
        "coordinates": [
          5.5660641,
          50.5846249
        ]
      },
      "id": "node/14160258421"
    },
    {
      "type": "Feature",
      "properties": {
        "@id": "node/14160258422",
        "access": "no",
        "entrance": "service",
        "level": "0"
      },
      "geometry": {
        "type": "Point",
        "coordinates": [
          5.5659712,
          50.5847381
        ]
      },
      "id": "node/14160258422"
    },
    {
      "type": "Feature",
      "properties": {
        "@id": "node/14160258423",
        "access": "no",
        "entrance": "service",
        "level": "-1"
      },
      "geometry": {
        "type": "Point",
        "coordinates": [
          5.5661458,
          50.584549
        ]
      },
      "id": "node/14160258423"
    },
    {
      "type": "Feature",
      "properties": {
        "@id": "node/14160258424",
        "access": "no",
        "entrance": "service",
        "level": "-1"
      },
      "geometry": {
        "type": "Point",
        "coordinates": [
          5.5663251,
          50.5843919
        ]
      },
      "id": "node/14160258424"
    },
    {
      "type": "Feature",
      "properties": {
        "@id": "node/14160258425",
        "access": "no",
        "entrance": "service",
        "level": "-1"
      },
      "geometry": {
        "type": "Point",
        "coordinates": [
          5.5665894,
          50.5844984
        ]
      },
      "id": "node/14160258425"
    },
    {
      "type": "Feature",
      "properties": {
        "@id": "node/14160258426",
        "entrance": "emergency",
        "level": "-1"
      },
      "geometry": {
        "type": "Point",
        "coordinates": [
          5.5666538,
          50.5845423
        ]
      },
      "id": "node/14160258426"
    },
    {
      "type": "Feature",
      "properties": {
        "@id": "node/14160258427",
        "entrance": "yes",
        "level": "-1",
        "wheelchair": "limited"
      },
      "geometry": {
        "type": "Point",
        "coordinates": [
          5.5666224,
          50.5845279
        ]
      },
      "id": "node/14160258427"
    },
    {
      "type": "Feature",
      "properties": {
        "@id": "node/14160258437",
        "access": "no",
        "automatic_door": "yes",
        "entrance": "yes",
        "level": "0",
        "wheelchair": "designated"
      },
      "geometry": {
        "type": "Point",
        "coordinates": [
          5.5661191,
          50.5846173
        ]
      },
      "id": "node/14160258437"
    },
    {
      "type": "Feature",
      "properties": {
        "@id": "node/14160258438",
        "entrance": "emergency",
        "level": "0"
      },
      "geometry": {
        "type": "Point",
        "coordinates": [
          5.5661501,
          50.5845901
        ]
      },
      "id": "node/14160258438"
    },
    {
      "type": "Feature",
      "properties": {
        "@id": "node/14160258439",
        "entrance": "emergency",
        "level": "0"
      },
      "geometry": {
        "type": "Point",
        "coordinates": [
          5.5663242,
          50.5848713
        ]
      },
      "id": "node/14160258439"
    },
    {
      "type": "Feature",
      "properties": {
        "@id": "node/14160258440",
        "access": "no",
        "automatic_door": "yes",
        "entrance": "yes",
        "level": "0",
        "wheelchair": "designated"
      },
      "geometry": {
        "type": "Point",
        "coordinates": [
          5.5662323,
          50.584829
        ]
      },
      "id": "node/14160258440"
    },
    {
      "type": "Feature",
      "properties": {
        "@id": "node/14160258441",
        "entrance": "main",
        "level": "0",
        "wheelchair": "limited"
      },
      "geometry": {
        "type": "Point",
        "coordinates": [
          5.5663163,
          50.5848375
        ]
      },
      "id": "node/14160258441"
    },
    {
      "type": "Feature",
      "properties": {
        "@id": "node/14160258442",
        "entrance": "main",
        "level": "0",
        "wheelchair": "limited"
      },
      "geometry": {
        "type": "Point",
        "coordinates": [
          5.5662852,
          50.5848232
        ]
      },
      "id": "node/14160258442"
    },
    {
      "type": "Feature",
      "properties": {
        "@id": "node/14160258609",
        "door": "yes",
        "indoor": "door",
        "level": "1"
      },
      "geometry": {
        "type": "Point",
        "coordinates": [
          5.5663217,
          50.5846754
        ]
      },
      "id": "node/14160258609"
    },
    {
      "type": "Feature",
      "properties": {
        "@id": "node/14160258611",
        "door": "yes",
        "indoor": "door",
        "level": "1"
      },
      "geometry": {
        "type": "Point",
        "coordinates": [
          5.5662931,
          50.5846657
        ]
      },
      "id": "node/14160258611"
    },
    {
      "type": "Feature",
      "properties": {
        "@id": "node/14160258613",
        "door": "yes",
        "indoor": "door",
        "level": "1"
      },
      "geometry": {
        "type": "Point",
        "coordinates": [
          5.5662658,
          50.5846544
        ]
      },
      "id": "node/14160258613"
    },
    {
      "type": "Feature",
      "properties": {
        "@id": "node/14160258615",
        "door": "yes",
        "indoor": "door",
        "level": "1"
      },
      "geometry": {
        "type": "Point",
        "coordinates": [
          5.5662402,
          50.5846415
        ]
      },
      "id": "node/14160258615"
    },
    {
      "type": "Feature",
      "properties": {
        "@id": "node/14160258617",
        "door": "yes",
        "indoor": "door",
        "level": "1"
      },
      "geometry": {
        "type": "Point",
        "coordinates": [
          5.5662169,
          50.5846272
        ]
      },
      "id": "node/14160258617"
    },
    {
      "type": "Feature",
      "properties": {
        "@id": "node/14160258726",
        "entrance": "emergency",
        "level": "-1"
      },
      "geometry": {
        "type": "Point",
        "coordinates": [
          5.566686,
          50.5845571
        ]
      },
      "id": "node/14160258726"
    }
  ]
}